# WaveFront *.obj file (generated by Autodesk ATF)

mtllib MyLaps.mtl

g Post_L

v -21.100000 -3.200000 2.000000
v -21.164741 -2.708244 2.000000
v -21.354552 -2.250000 2.000000
v -21.656497 -1.856497 2.000000
v -22.050000 -1.554552 2.000000
v -22.508244 -1.364741 2.000000
v -23.000000 -1.300000 2.000000
v -23.491756 -1.364741 2.000000
v -23.950000 -1.554552 2.000000
v -24.343503 -1.856497 2.000000
v -24.645448 -2.250000 2.000000
v -24.835259 -2.708244 2.000000
v -24.900000 -3.200000 2.000000
v -24.835259 -3.691756 2.000000
v -24.645448 -4.150000 2.000000
v -24.343503 -4.543503 2.000000
v -23.950000 -4.845448 2.000000
v -23.491756 -5.035259 2.000000
v -23.000000 -5.100000 2.000000
v -22.508244 -5.035259 2.000000
v -22.050000 -4.845448 2.000000
v -21.656497 -4.543503 2.000000
v -21.354552 -4.150000 2.000000
v -21.164741 -3.691756 2.000000
v -21.100000 -3.200000 113.000000
v -21.164741 -3.691756 113.000000
v -21.354552 -4.150000 113.000000
v -21.656497 -4.543503 113.000000
v -22.050000 -4.845448 113.000000
v -22.508244 -5.035259 113.000000
v -23.000000 -5.100000 113.000000
v -23.491756 -5.035259 113.000000
v -23.950000 -4.845448 113.000000
v -24.343503 -4.543503 113.000000
v -24.645448 -4.150000 113.000000
v -24.835259 -3.691756 113.000000
v -24.900000 -3.200000 113.000000
v -24.835259 -2.708244 113.000000
v -24.645448 -2.250000 113.000000
v -24.343503 -1.856497 113.000000
v -23.950000 -1.554552 113.000000
v -23.491756 -1.364741 113.000000
v -23.000000 -1.300000 113.000000
v -22.508244 -1.364741 113.000000
v -22.050000 -1.554552 113.000000
v -21.656497 -1.856497 113.000000
v -21.354552 -2.250000 113.000000
v -21.164741 -2.708244 113.000000
v -24.900000 -3.200000 12.090909
v -24.900000 -3.200000 22.181818
v -24.900000 -3.200000 32.272727
v -24.900000 -3.200000 42.363636
v -24.900000 -3.200000 52.454545
v -24.900000 -3.200000 62.545455
v -24.900000 -3.200000 72.636364
v -24.900000 -3.200000 82.727273
v -24.900000 -3.200000 92.818182
v -24.900000 -3.200000 102.909091
v -21.164741 -2.708244 12.090909
v -21.164741 -2.708244 22.181818
v -21.164741 -2.708244 32.272727
v -21.164741 -2.708244 42.363636
v -21.164741 -2.708244 52.454545
v -21.164741 -2.708244 62.545455
v -21.164741 -2.708244 72.636364
v -21.164741 -2.708244 82.727273
v -21.164741 -2.708244 92.818182
v -21.164741 -2.708244 102.909091
v -21.100000 -3.200000 102.909091
v -21.100000 -3.200000 92.818182
v -21.100000 -3.200000 82.727273
v -21.100000 -3.200000 72.636364
v -21.100000 -3.200000 62.545455
v -21.100000 -3.200000 52.454545
v -21.100000 -3.200000 42.363636
v -21.100000 -3.200000 32.272727
v -21.100000 -3.200000 22.181818
v -21.100000 -3.200000 12.090909
v -21.354552 -2.250000 12.090909
v -21.354552 -2.250000 22.181818
v -21.354552 -2.250000 32.272727
v -21.354552 -2.250000 42.363636
v -21.354552 -2.250000 52.454545
v -21.354552 -2.250000 62.545455
v -21.354552 -2.250000 72.636364
v -21.354552 -2.250000 82.727273
v -21.354552 -2.250000 92.818182
v -21.354552 -2.250000 102.909091
v -21.656497 -1.856497 12.090909
v -21.656497 -1.856497 22.181818
v -21.656497 -1.856497 32.272727
v -21.656497 -1.856497 42.363636
v -21.656497 -1.856497 52.454545
v -21.656497 -1.856497 62.545455
v -21.656497 -1.856497 72.636364
v -21.656497 -1.856497 82.727273
v -21.656497 -1.856497 92.818182
v -21.656497 -1.856497 102.909091
v -22.050000 -1.554552 12.090909
v -22.050000 -1.554552 22.181818
v -22.050000 -1.554552 32.272727
v -22.050000 -1.554552 42.363636
v -22.050000 -1.554552 52.454545
v -22.050000 -1.554552 62.545455
v -22.050000 -1.554552 72.636364
v -22.050000 -1.554552 82.727273
v -22.050000 -1.554552 92.818182
v -22.050000 -1.554552 102.909091
v -22.508244 -1.364741 12.090909
v -22.508244 -1.364741 22.181818
v -22.508244 -1.364741 32.272727
v -22.508244 -1.364741 42.363636
v -22.508244 -1.364741 52.454545
v -22.508244 -1.364741 62.545455
v -22.508244 -1.364741 72.636364
v -22.508244 -1.364741 82.727273
v -22.508244 -1.364741 92.818182
v -22.508244 -1.364741 102.909091
v -23.000000 -1.300000 12.090909
v -23.000000 -1.300000 22.181818
v -23.000000 -1.300000 32.272727
v -23.000000 -1.300000 42.363636
v -23.000000 -1.300000 52.454545
v -23.000000 -1.300000 62.545455
v -23.000000 -1.300000 72.636364
v -23.000000 -1.300000 82.727273
v -23.000000 -1.300000 92.818182
v -23.000000 -1.300000 102.909091
v -23.491756 -1.364741 12.090909
v -23.491756 -1.364741 22.181818
v -23.491756 -1.364741 32.272727
v -23.491756 -1.364741 42.363636
v -23.491756 -1.364741 52.454545
v -23.491756 -1.364741 62.545455
v -23.491756 -1.364741 72.636364
v -23.491756 -1.364741 82.727273
v -23.491756 -1.364741 92.818182
v -23.491756 -1.364741 102.909091
v -23.950000 -1.554552 12.090909
v -23.950000 -1.554552 22.181818
v -23.950000 -1.554552 32.272727
v -23.950000 -1.554552 42.363636
v -23.950000 -1.554552 52.454545
v -23.950000 -1.554552 62.545455
v -23.950000 -1.554552 72.636364
v -23.950000 -1.554552 82.727273
v -23.950000 -1.554552 92.818182
v -23.950000 -1.554552 102.909091
v -24.343503 -1.856497 12.090909
v -24.343503 -1.856497 22.181818
v -24.343503 -1.856497 32.272727
v -24.343503 -1.856497 42.363636
v -24.343503 -1.856497 52.454545
v -24.343503 -1.856497 62.545455
v -24.343503 -1.856497 72.636364
v -24.343503 -1.856497 82.727273
v -24.343503 -1.856497 92.818182
v -24.343503 -1.856497 102.909091
v -24.645448 -2.250000 12.090909
v -24.645448 -2.250000 22.181818
v -24.645448 -2.250000 32.272727
v -24.645448 -2.250000 42.363636
v -24.645448 -2.250000 52.454545
v -24.645448 -2.250000 62.545455
v -24.645448 -2.250000 72.636364
v -24.645448 -2.250000 82.727273
v -24.645448 -2.250000 92.818182
v -24.645448 -2.250000 102.909091
v -24.835259 -2.708244 12.090909
v -24.835259 -2.708244 22.181818
v -24.835259 -2.708244 32.272727
v -24.835259 -2.708244 42.363636
v -24.835259 -2.708244 52.454545
v -24.835259 -2.708244 62.545455
v -24.835259 -2.708244 72.636364
v -24.835259 -2.708244 82.727273
v -24.835259 -2.708244 92.818182
v -24.835259 -2.708244 102.909091
v -24.835259 -3.691756 12.090909
v -24.835259 -3.691756 22.181818
v -24.835259 -3.691756 32.272727
v -24.835259 -3.691756 42.363636
v -24.835259 -3.691756 52.454545
v -24.835259 -3.691756 62.545455
v -24.835259 -3.691756 72.636364
v -24.835259 -3.691756 82.727273
v -24.835259 -3.691756 92.818182
v -24.835259 -3.691756 102.909091
v -24.645448 -4.150000 12.090909
v -24.645448 -4.150000 22.181818
v -24.645448 -4.150000 32.272727
v -24.645448 -4.150000 42.363636
v -24.645448 -4.150000 52.454545
v -24.645448 -4.150000 62.545455
v -24.645448 -4.150000 72.636364
v -24.645448 -4.150000 82.727273
v -24.645448 -4.150000 92.818182
v -24.645448 -4.150000 102.909091
v -24.343503 -4.543503 12.090909
v -24.343503 -4.543503 22.181818
v -24.343503 -4.543503 32.272727
v -24.343503 -4.543503 42.363636
v -24.343503 -4.543503 52.454545
v -24.343503 -4.543503 62.545455
v -24.343503 -4.543503 72.636364
v -24.343503 -4.543503 82.727273
v -24.343503 -4.543503 92.818182
v -24.343503 -4.543503 102.909091
v -23.950000 -4.845448 12.090909
v -23.950000 -4.845448 22.181818
v -23.950000 -4.845448 32.272727
v -23.950000 -4.845448 42.363636
v -23.950000 -4.845448 52.454545
v -23.950000 -4.845448 62.545455
v -23.950000 -4.845448 72.636364
v -23.950000 -4.845448 82.727273
v -23.950000 -4.845448 92.818182
v -23.950000 -4.845448 102.909091
v -23.491756 -5.035259 12.090909
v -23.491756 -5.035259 22.181818
v -23.491756 -5.035259 32.272727
v -23.491756 -5.035259 42.363636
v -23.491756 -5.035259 52.454545
v -23.491756 -5.035259 62.545455
v -23.491756 -5.035259 72.636364
v -23.491756 -5.035259 82.727273
v -23.491756 -5.035259 92.818182
v -23.491756 -5.035259 102.909091
v -23.000000 -5.100000 12.090909
v -23.000000 -5.100000 22.181818
v -23.000000 -5.100000 32.272727
v -23.000000 -5.100000 42.363636
v -23.000000 -5.100000 52.454545
v -23.000000 -5.100000 62.545455
v -23.000000 -5.100000 72.636364
v -23.000000 -5.100000 82.727273
v -23.000000 -5.100000 92.818182
v -23.000000 -5.100000 102.909091
v -22.508244 -5.035259 12.090909
v -22.508244 -5.035259 22.181818
v -22.508244 -5.035259 32.272727
v -22.508244 -5.035259 42.363636
v -22.508244 -5.035259 52.454545
v -22.508244 -5.035259 62.545455
v -22.508244 -5.035259 72.636364
v -22.508244 -5.035259 82.727273
v -22.508244 -5.035259 92.818182
v -22.508244 -5.035259 102.909091
v -22.050000 -4.845448 12.090909
v -22.050000 -4.845448 22.181818
v -22.050000 -4.845448 32.272727
v -22.050000 -4.845448 42.363636
v -22.050000 -4.845448 52.454545
v -22.050000 -4.845448 62.545455
v -22.050000 -4.845448 72.636364
v -22.050000 -4.845448 82.727273
v -22.050000 -4.845448 92.818182
v -22.050000 -4.845448 102.909091
v -21.656497 -4.543503 12.090909
v -21.656497 -4.543503 22.181818
v -21.656497 -4.543503 32.272727
v -21.656497 -4.543503 42.363636
v -21.656497 -4.543503 52.454545
v -21.656497 -4.543503 62.545455
v -21.656497 -4.543503 72.636364
v -21.656497 -4.543503 82.727273
v -21.656497 -4.543503 92.818182
v -21.656497 -4.543503 102.909091
v -21.354552 -4.150000 12.090909
v -21.354552 -4.150000 22.181818
v -21.354552 -4.150000 32.272727
v -21.354552 -4.150000 42.363636
v -21.354552 -4.150000 52.454545
v -21.354552 -4.150000 62.545455
v -21.354552 -4.150000 72.636364
v -21.354552 -4.150000 82.727273
v -21.354552 -4.150000 92.818182
v -21.354552 -4.150000 102.909091
v -21.164741 -3.691756 12.090909
v -21.164741 -3.691756 22.181818
v -21.164741 -3.691756 32.272727
v -21.164741 -3.691756 42.363636
v -21.164741 -3.691756 52.454545
v -21.164741 -3.691756 62.545455
v -21.164741 -3.691756 72.636364
v -21.164741 -3.691756 82.727273
v -21.164741 -3.691756 92.818182
v -21.164741 -3.691756 102.909091
vt 55.500000 0.497419 0.000000
vt 45.409091 0.497419 0.000000
vt 55.500000 0.000000 0.000000
vt 45.409091 0.000000 0.000000
vt 55.500000 -0.497419 0.000000
vt 45.409091 -0.497419 0.000000
vt 55.500000 -0.994838 0.000000
vt 45.409091 -0.994838 0.000000
vt 55.500000 -1.492257 0.000000
vt 45.409091 -1.492257 0.000000
vt 55.500000 -1.989675 0.000000
vt 45.409091 -1.989675 0.000000
vt 55.500000 -2.487094 0.000000
vt 45.409091 -2.487094 0.000000
vt 55.500000 -2.984513 0.000000
vt 45.409091 -2.984513 0.000000
vt 55.500000 -3.481932 0.000000
vt 45.409091 -3.481932 0.000000
vt 55.500000 -3.979351 0.000000
vt 45.409091 -3.979351 0.000000
vt 55.500000 -4.476770 0.000000
vt 45.409091 -4.476770 0.000000
vt 55.500000 -4.974188 0.000000
vt 45.409091 -4.974188 0.000000
vt 55.500000 -5.471607 0.000000
vt 45.409091 -5.471607 0.000000
vt 55.500000 -5.969026 0.000000
vt 45.409091 -5.969026 0.000000
vt 55.500000 5.969026 0.000000
vt 45.409091 5.969026 0.000000
vt 55.500000 5.471607 0.000000
vt 45.409091 5.471607 0.000000
vt 55.500000 4.974188 0.000000
vt 45.409091 4.974188 0.000000
vt 55.500000 4.476770 0.000000
vt 45.409091 4.476770 0.000000
vt 55.500000 3.979351 0.000000
vt 45.409091 3.979351 0.000000
vt 55.500000 3.481932 0.000000
vt 45.409091 3.481932 0.000000
vt 55.500000 2.984513 0.000000
vt 45.409091 2.984513 0.000000
vt 55.500000 2.487094 0.000000
vt 45.409091 2.487094 0.000000
vt 55.500000 1.989675 0.000000
vt 45.409091 1.989675 0.000000
vt 55.500000 1.492257 0.000000
vt 45.409091 1.492257 0.000000
vt 55.500000 0.994838 0.000000
vt 45.409091 0.994838 0.000000
vt -55.500000 -0.497419 0.000000
vt -45.409091 -0.497419 0.000000
vt -55.500000 0.000000 0.000000
vt -45.409091 0.000000 0.000000
vt -55.500000 0.497419 0.000000
vt -45.409091 0.497419 0.000000
vt -55.500000 0.994838 0.000000
vt -45.409091 0.994838 0.000000
vt -55.500000 1.492257 0.000000
vt -45.409091 1.492257 0.000000
vt -55.500000 1.989675 0.000000
vt -45.409091 1.989675 0.000000
vt -55.500000 2.487094 0.000000
vt -45.409091 2.487094 0.000000
vt -55.500000 2.984513 0.000000
vt -45.409091 2.984513 0.000000
vt -55.500000 3.481932 0.000000
vt -45.409091 3.481932 0.000000
vt -55.500000 3.979351 0.000000
vt -45.409091 3.979351 0.000000
vt -55.500000 4.476770 0.000000
vt -45.409091 4.476770 0.000000
vt -55.500000 4.974188 0.000000
vt -45.409091 4.974188 0.000000
vt -55.500000 5.471607 0.000000
vt -45.409091 5.471607 0.000000
vt -55.500000 5.969026 0.000000
vt -45.409091 5.969026 0.000000
vt -55.500000 -5.969026 0.000000
vt -45.409091 -5.969026 0.000000
vt -55.500000 -5.471607 0.000000
vt -45.409091 -5.471607 0.000000
vt -55.500000 -4.974188 0.000000
vt -45.409091 -4.974188 0.000000
vt -55.500000 -4.476770 0.000000
vt -45.409091 -4.476770 0.000000
vt -55.500000 -3.979351 0.000000
vt -45.409091 -3.979351 0.000000
vt -55.500000 -3.481932 0.000000
vt -45.409091 -3.481932 0.000000
vt -55.500000 -2.984513 0.000000
vt -45.409091 -2.984513 0.000000
vt -55.500000 -2.487094 0.000000
vt -45.409091 -2.487094 0.000000
vt -55.500000 -1.989675 0.000000
vt -45.409091 -1.989675 0.000000
vt -55.500000 -1.492257 0.000000
vt -45.409091 -1.492257 0.000000
vt -55.500000 -0.994838 0.000000
vt -45.409091 -0.994838 0.000000
vt 35.318182 5.969026 0.000000
vt 35.318182 5.471607 0.000000
vt 35.318182 4.974188 0.000000
vt 35.318182 4.476770 0.000000
vt 35.318182 3.979351 0.000000
vt 35.318182 3.481932 0.000000
vt 35.318182 2.984513 0.000000
vt 35.318182 2.487094 0.000000
vt 35.318182 1.989675 0.000000
vt 35.318182 1.492257 0.000000
vt 35.318182 0.994838 0.000000
vt 35.318182 0.497419 0.000000
vt 35.318182 0.000000 0.000000
vt 35.318182 -0.497419 0.000000
vt 35.318182 -0.994838 0.000000
vt 35.318182 -1.492257 0.000000
vt 35.318182 -1.989675 0.000000
vt 35.318182 -2.487094 0.000000
vt 35.318182 -2.984513 0.000000
vt 35.318182 -3.481932 0.000000
vt 35.318182 -3.979351 0.000000
vt 35.318182 -4.476770 0.000000
vt 35.318182 -4.974188 0.000000
vt 35.318182 -5.471607 0.000000
vt 35.318182 -5.969026 0.000000
vt 25.227273 5.969026 0.000000
vt 25.227273 5.471607 0.000000
vt 25.227273 4.974188 0.000000
vt 25.227273 4.476770 0.000000
vt 25.227273 3.979351 0.000000
vt 25.227273 3.481932 0.000000
vt 25.227273 2.984513 0.000000
vt 25.227273 2.487094 0.000000
vt 25.227273 1.989675 0.000000
vt 25.227273 1.492257 0.000000
vt 25.227273 0.994838 0.000000
vt 25.227273 0.497419 0.000000
vt 25.227273 0.000000 0.000000
vt 25.227273 -0.497419 0.000000
vt 25.227273 -0.994838 0.000000
vt 25.227273 -1.492257 0.000000
vt 25.227273 -1.989675 0.000000
vt 25.227273 -2.487094 0.000000
vt 25.227273 -2.984513 0.000000
vt 25.227273 -3.481932 0.000000
vt 25.227273 -3.979351 0.000000
vt 25.227273 -4.476770 0.000000
vt 25.227273 -4.974188 0.000000
vt 25.227273 -5.471607 0.000000
vt 25.227273 -5.969026 0.000000
vt 15.136364 5.969026 0.000000
vt 15.136364 5.471607 0.000000
vt 15.136364 4.974188 0.000000
vt 15.136364 4.476770 0.000000
vt 15.136364 3.979351 0.000000
vt 15.136364 3.481932 0.000000
vt 15.136364 2.984513 0.000000
vt 15.136364 2.487094 0.000000
vt 15.136364 1.989675 0.000000
vt 15.136364 1.492257 0.000000
vt 15.136364 0.994838 0.000000
vt 15.136364 0.497419 0.000000
vt 15.136364 0.000000 0.000000
vt 15.136364 -0.497419 0.000000
vt 15.136364 -0.994838 0.000000
vt 15.136364 -1.492257 0.000000
vt 15.136364 -1.989675 0.000000
vt 15.136364 -2.487094 0.000000
vt 15.136364 -2.984513 0.000000
vt 15.136364 -3.481932 0.000000
vt 15.136364 -3.979351 0.000000
vt 15.136364 -4.476770 0.000000
vt 15.136364 -4.974188 0.000000
vt 15.136364 -5.471607 0.000000
vt 15.136364 -5.969026 0.000000
vt 5.045455 5.969026 0.000000
vt 5.045455 5.471607 0.000000
vt 5.045455 4.974188 0.000000
vt 5.045455 4.476770 0.000000
vt 5.045455 3.979351 0.000000
vt 5.045455 3.481932 0.000000
vt 5.045455 2.984513 0.000000
vt 5.045455 2.487094 0.000000
vt 5.045455 1.989675 0.000000
vt 5.045455 1.492257 0.000000
vt 5.045455 0.994838 0.000000
vt 5.045455 0.497419 0.000000
vt 5.045455 0.000000 0.000000
vt 5.045455 -0.497419 0.000000
vt 5.045455 -0.994838 0.000000
vt 5.045455 -1.492257 0.000000
vt 5.045455 -1.989675 0.000000
vt 5.045455 -2.487094 0.000000
vt 5.045455 -2.984513 0.000000
vt 5.045455 -3.481932 0.000000
vt 5.045455 -3.979351 0.000000
vt 5.045455 -4.476770 0.000000
vt 5.045455 -4.974188 0.000000
vt 5.045455 -5.471607 0.000000
vt 5.045455 -5.969026 0.000000
vt -5.045455 5.969026 0.000000
vt -5.045455 5.471607 0.000000
vt -5.045455 4.974188 0.000000
vt -5.045455 4.476770 0.000000
vt -5.045455 3.979351 0.000000
vt -5.045455 3.481932 0.000000
vt -5.045455 2.984513 0.000000
vt -5.045455 2.487094 0.000000
vt -5.045455 1.989675 0.000000
vt -5.045455 1.492257 0.000000
vt -5.045455 0.994838 0.000000
vt -5.045455 0.497419 0.000000
vt -5.045455 0.000000 0.000000
vt -5.045455 -0.497419 0.000000
vt -5.045455 -0.994838 0.000000
vt -5.045455 -1.492257 0.000000
vt -5.045455 -1.989675 0.000000
vt -5.045455 -2.487094 0.000000
vt -5.045455 -2.984513 0.000000
vt -5.045455 -3.481932 0.000000
vt -5.045455 -3.979351 0.000000
vt -5.045455 -4.476770 0.000000
vt -5.045455 -4.974188 0.000000
vt -5.045455 -5.471607 0.000000
vt -5.045455 -5.969026 0.000000
vt -15.136364 5.969026 0.000000
vt -15.136364 5.471607 0.000000
vt -15.136364 4.974188 0.000000
vt -15.136364 4.476770 0.000000
vt -15.136364 3.979351 0.000000
vt -15.136364 3.481932 0.000000
vt -15.136364 2.984513 0.000000
vt -15.136364 2.487094 0.000000
vt -15.136364 1.989675 0.000000
vt -15.136364 1.492257 0.000000
vt -15.136364 0.994838 0.000000
vt -15.136364 0.497419 0.000000
vt -15.136364 0.000000 0.000000
vt -15.136364 -0.497419 0.000000
vt -15.136364 -0.994838 0.000000
vt -15.136364 -1.492257 0.000000
vt -15.136364 -1.989675 0.000000
vt -15.136364 -2.487094 0.000000
vt -15.136364 -2.984513 0.000000
vt -15.136364 -3.481932 0.000000
vt -15.136364 -3.979351 0.000000
vt -15.136364 -4.476770 0.000000
vt -15.136364 -4.974188 0.000000
vt -15.136364 -5.471607 0.000000
vt -15.136364 -5.969026 0.000000
vt -25.227273 5.969026 0.000000
vt -25.227273 5.471607 0.000000
vt -25.227273 4.974188 0.000000
vt -25.227273 4.476770 0.000000
vt -25.227273 3.979351 0.000000
vt -25.227273 3.481932 0.000000
vt -25.227273 2.984513 0.000000
vt -25.227273 2.487094 0.000000
vt -25.227273 1.989675 0.000000
vt -25.227273 1.492257 0.000000
vt -25.227273 0.994838 0.000000
vt -25.227273 0.497419 0.000000
vt -25.227273 0.000000 0.000000
vt -25.227273 -0.497419 0.000000
vt -25.227273 -0.994838 0.000000
vt -25.227273 -1.492257 0.000000
vt -25.227273 -1.989675 0.000000
vt -25.227273 -2.487094 0.000000
vt -25.227273 -2.984513 0.000000
vt -25.227273 -3.481932 0.000000
vt -25.227273 -3.979351 0.000000
vt -25.227273 -4.476770 0.000000
vt -25.227273 -4.974188 0.000000
vt -25.227273 -5.471607 0.000000
vt -25.227273 -5.969026 0.000000
vt -35.318182 5.969026 0.000000
vt -35.318182 5.471607 0.000000
vt -35.318182 4.974188 0.000000
vt -35.318182 4.476770 0.000000
vt -35.318182 3.979351 0.000000
vt -35.318182 3.481932 0.000000
vt -35.318182 2.984513 0.000000
vt -35.318182 2.487094 0.000000
vt -35.318182 1.989675 0.000000
vt -35.318182 1.492257 0.000000
vt -35.318182 0.994838 0.000000
vt -35.318182 0.497419 0.000000
vt -35.318182 0.000000 0.000000
vt -35.318182 -0.497419 0.000000
vt -35.318182 -0.994838 0.000000
vt -35.318182 -1.492257 0.000000
vt -35.318182 -1.989675 0.000000
vt -35.318182 -2.487094 0.000000
vt -35.318182 -2.984513 0.000000
vt -35.318182 -3.481932 0.000000
vt -35.318182 -3.979351 0.000000
vt -35.318182 -4.476770 0.000000
vt -35.318182 -4.974188 0.000000
vt -35.318182 -5.471607 0.000000
vt -35.318182 -5.969026 0.000000
vt -1.835259 -0.491756 0.000000
vt 1.835259 -0.491756 0.000000
vt -1.900000 0.000000 0.000000
vt 1.900000 -0.000000 0.000000
vt -1.835259 0.491756 0.000000
vt 1.835259 0.491756 0.000000
vt -1.645448 0.950000 0.000000
vt 1.645448 0.950000 0.000000
vt -1.343503 1.343503 0.000000
vt 1.343503 1.343503 0.000000
vt -0.950000 1.645448 0.000000
vt 0.950000 1.645448 0.000000
vt -0.491756 1.835259 0.000000
vt 0.491756 1.835259 0.000000
vt 0.000000 1.900000 0.000000
vt 1.645448 -0.950000 0.000000
vt -1.645448 -0.950000 0.000000
vt 1.343503 -1.343503 0.000000
vt -1.343503 -1.343503 0.000000
vt 0.950000 -1.645448 0.000000
vt -0.950000 -1.645448 0.000000
vt 0.491756 -1.835259 0.000000
vt -0.491756 -1.835259 0.000000
vt 0.000000 -1.900000 0.000000
vt 1.835259 0.491756 0.000000
vt -1.835259 0.491756 0.000000
vt 1.900000 0.000000 0.000000
vt -1.900000 0.000000 0.000000
vt 1.835259 -0.491756 0.000000
vt -1.835259 -0.491756 0.000000
vt 1.645448 -0.950000 0.000000
vt -1.645448 -0.950000 0.000000
vt 1.343503 -1.343503 0.000000
vt -1.343503 -1.343503 0.000000
vt 0.950000 -1.645448 0.000000
vt -0.950000 -1.645448 0.000000
vt 0.491756 -1.835259 0.000000
vt -0.491756 -1.835259 0.000000
vt 0.000000 -1.900000 0.000000
vt -1.645448 0.950000 0.000000
vt 1.645448 0.950000 0.000000
vt -1.343503 1.343503 0.000000
vt 1.343503 1.343503 0.000000
vt -0.950000 1.645448 0.000000
vt 0.950000 1.645448 0.000000
vt -0.491756 1.835259 0.000000
vt 0.491756 1.835259 0.000000
vt 0.000000 1.900000 0.000000
vn 0.965926 0.258819 -0.000000
vn 0.965926 0.258819 -0.000000
vn 1.000000 -0.000000 -0.000000
vn 1.000000 -0.000000 -0.000000
vn 0.965926 -0.258819 -0.000000
vn 0.965926 -0.258819 -0.000000
vn 0.866025 -0.500000 -0.000000
vn 0.866025 -0.500000 -0.000000
vn 0.707107 -0.707107 -0.000000
vn 0.707107 -0.707107 -0.000000
vn 0.500000 -0.866025 -0.000000
vn 0.500000 -0.866025 -0.000000
vn 0.258819 -0.965926 -0.000000
vn 0.258819 -0.965926 -0.000000
vn 0.000000 -1.000000 -0.000000
vn 0.000000 -1.000000 -0.000000
vn -0.258819 -0.965926 0.000000
vn -0.258819 -0.965926 0.000000
vn -0.500000 -0.866025 0.000000
vn -0.500000 -0.866025 0.000000
vn -0.707107 -0.707107 0.000000
vn -0.707107 -0.707107 0.000000
vn -0.866025 -0.500000 0.000000
vn -0.866025 -0.500000 0.000000
vn -0.965926 -0.258819 0.000000
vn -0.965926 -0.258819 0.000000
vn -1.000000 -0.000000 0.000000
vn -1.000000 -0.000000 0.000000
vn -0.965926 0.258819 -0.000000
vn -0.965926 0.258819 -0.000000
vn -0.866025 0.500000 -0.000000
vn -0.866025 0.500000 -0.000000
vn -0.707107 0.707107 -0.000000
vn -0.707107 0.707107 -0.000000
vn -0.500000 0.866025 -0.000000
vn -0.500000 0.866025 -0.000000
vn -0.258819 0.965926 -0.000000
vn -0.258819 0.965926 -0.000000
vn 0.000000 1.000000 -0.000000
vn 0.000000 1.000000 -0.000000
vn 0.258819 0.965926 -0.000000
vn 0.258819 0.965926 -0.000000
vn 0.500000 0.866025 -0.000000
vn 0.500000 0.866025 -0.000000
vn 0.707107 0.707107 -0.000000
vn 0.707107 0.707107 -0.000000
vn 0.866025 0.500000 -0.000000
vn 0.866025 0.500000 -0.000000
vn 0.965926 -0.258819 -0.000000
vn 0.965926 -0.258819 -0.000000
vn 1.000000 -0.000000 -0.000000
vn 1.000000 -0.000000 -0.000000
vn 0.965926 0.258819 -0.000000
vn 0.965926 0.258819 -0.000000
vn 0.866025 0.500000 -0.000000
vn 0.866025 0.500000 -0.000000
vn 0.707107 0.707107 -0.000000
vn 0.707107 0.707107 -0.000000
vn 0.500000 0.866025 -0.000000
vn 0.500000 0.866025 -0.000000
vn 0.258819 0.965926 -0.000000
vn 0.258819 0.965926 -0.000000
vn 0.000000 1.000000 -0.000000
vn 0.000000 1.000000 -0.000000
vn -0.258819 0.965926 -0.000000
vn -0.258819 0.965926 -0.000000
vn -0.500000 0.866025 -0.000000
vn -0.500000 0.866025 -0.000000
vn -0.707107 0.707107 -0.000000
vn -0.707107 0.707107 -0.000000
vn -0.866025 0.500000 -0.000000
vn -0.866025 0.500000 -0.000000
vn -0.965926 0.258819 -0.000000
vn -0.965926 0.258819 -0.000000
vn -1.000000 0.000000 -0.000000
vn -1.000000 0.000000 -0.000000
vn -0.965926 -0.258819 0.000000
vn -0.965926 -0.258819 0.000000
vn -0.866025 -0.500000 0.000000
vn -0.866025 -0.500000 0.000000
vn -0.707107 -0.707107 0.000000
vn -0.707107 -0.707107 0.000000
vn -0.500000 -0.866025 0.000000
vn -0.500000 -0.866025 0.000000
vn -0.258819 -0.965926 0.000000
vn -0.258819 -0.965926 0.000000
vn 0.000000 -1.000000 -0.000000
vn 0.000000 -1.000000 -0.000000
vn 0.258819 -0.965926 -0.000000
vn 0.258819 -0.965926 -0.000000
vn 0.500000 -0.866025 -0.000000
vn 0.500000 -0.866025 -0.000000
vn 0.707107 -0.707107 -0.000000
vn 0.707107 -0.707107 -0.000000
vn 0.866025 -0.500000 -0.000000
vn 0.866025 -0.500000 -0.000000
vn -1.000000 0.000000 -0.000000
vn -0.965926 0.258819 -0.000000
vn -0.866025 0.500000 -0.000000
vn -0.707107 0.707107 -0.000000
vn -0.500000 0.866025 -0.000000
vn -0.258819 0.965926 -0.000000
vn 0.000000 1.000000 -0.000000
vn 0.258819 0.965926 -0.000000
vn 0.500000 0.866025 -0.000000
vn 0.707107 0.707107 -0.000000
vn 0.866025 0.500000 -0.000000
vn 0.965926 0.258819 -0.000000
vn 1.000000 -0.000000 -0.000000
vn 0.965926 -0.258819 -0.000000
vn 0.866025 -0.500000 -0.000000
vn 0.707107 -0.707107 -0.000000
vn 0.500000 -0.866025 -0.000000
vn 0.258819 -0.965926 -0.000000
vn 0.000000 -1.000000 -0.000000
vn -0.258819 -0.965926 0.000000
vn -0.500000 -0.866025 0.000000
vn -0.707107 -0.707107 0.000000
vn -0.866025 -0.500000 0.000000
vn -0.965926 -0.258819 0.000000
vn -1.000000 0.000000 -0.000000
vn -0.965926 0.258819 -0.000000
vn -0.866025 0.500000 -0.000000
vn -0.707107 0.707107 -0.000000
vn -0.500000 0.866025 -0.000000
vn -0.258819 0.965926 -0.000000
vn 0.000000 1.000000 -0.000000
vn 0.258819 0.965926 -0.000000
vn 0.500000 0.866025 -0.000000
vn 0.707107 0.707107 -0.000000
vn 0.866025 0.500000 -0.000000
vn 0.965926 0.258819 -0.000000
vn 1.000000 -0.000000 -0.000000
vn 0.965926 -0.258819 -0.000000
vn 0.866025 -0.500000 -0.000000
vn 0.707107 -0.707107 -0.000000
vn 0.500000 -0.866025 -0.000000
vn 0.258819 -0.965926 -0.000000
vn 0.000000 -1.000000 -0.000000
vn -0.258819 -0.965926 0.000000
vn -0.500000 -0.866025 0.000000
vn -0.707107 -0.707107 0.000000
vn -0.866025 -0.500000 0.000000
vn -0.965926 -0.258819 0.000000
vn -1.000000 0.000000 -0.000000
vn -0.965926 0.258819 -0.000000
vn -0.866025 0.500000 -0.000000
vn -0.707107 0.707107 -0.000000
vn -0.500000 0.866025 -0.000000
vn -0.258819 0.965926 -0.000000
vn 0.000000 1.000000 -0.000000
vn 0.258819 0.965926 -0.000000
vn 0.500000 0.866025 -0.000000
vn 0.707107 0.707107 -0.000000
vn 0.866025 0.500000 -0.000000
vn 0.965926 0.258819 -0.000000
vn 1.000000 -0.000000 -0.000000
vn 0.965926 -0.258819 -0.000000
vn 0.866025 -0.500000 -0.000000
vn 0.707107 -0.707107 -0.000000
vn 0.500000 -0.866025 -0.000000
vn 0.258819 -0.965926 -0.000000
vn 0.000000 -1.000000 -0.000000
vn -0.258819 -0.965926 0.000000
vn -0.500000 -0.866025 0.000000
vn -0.707107 -0.707107 0.000000
vn -0.866025 -0.500000 0.000000
vn -0.965926 -0.258819 0.000000
vn -1.000000 0.000000 -0.000000
vn -0.965926 0.258819 -0.000000
vn -0.866025 0.500000 -0.000000
vn -0.707107 0.707107 -0.000000
vn -0.500000 0.866025 -0.000000
vn -0.258819 0.965926 -0.000000
vn 0.000000 1.000000 -0.000000
vn 0.258819 0.965926 -0.000000
vn 0.500000 0.866025 -0.000000
vn 0.707107 0.707107 -0.000000
vn 0.866025 0.500000 -0.000000
vn 0.965926 0.258819 -0.000000
vn 1.000000 -0.000000 -0.000000
vn 0.965926 -0.258819 -0.000000
vn 0.866025 -0.500000 -0.000000
vn 0.707107 -0.707107 -0.000000
vn 0.500000 -0.866025 -0.000000
vn 0.258819 -0.965926 -0.000000
vn 0.000000 -1.000000 -0.000000
vn -0.258819 -0.965926 0.000000
vn -0.500000 -0.866025 0.000000
vn -0.707107 -0.707107 0.000000
vn -0.866025 -0.500000 0.000000
vn -0.965926 -0.258819 0.000000
vn -1.000000 0.000000 -0.000000
vn -0.965926 0.258819 -0.000000
vn -0.866025 0.500000 -0.000000
vn -0.707107 0.707107 -0.000000
vn -0.500000 0.866025 -0.000000
vn -0.258819 0.965926 -0.000000
vn 0.000000 1.000000 -0.000000
vn 0.258819 0.965926 -0.000000
vn 0.500000 0.866025 -0.000000
vn 0.707107 0.707107 -0.000000
vn 0.866025 0.500000 -0.000000
vn 0.965926 0.258819 -0.000000
vn 1.000000 -0.000000 -0.000000
vn 0.965926 -0.258819 -0.000000
vn 0.866025 -0.500000 -0.000000
vn 0.707107 -0.707107 -0.000000
vn 0.500000 -0.866025 -0.000000
vn 0.258819 -0.965926 -0.000000
vn 0.000000 -1.000000 -0.000000
vn -0.258819 -0.965926 0.000000
vn -0.500000 -0.866025 0.000000
vn -0.707107 -0.707107 0.000000
vn -0.866025 -0.500000 0.000000
vn -0.965926 -0.258819 0.000000
vn -1.000000 0.000000 -0.000000
vn -0.965926 0.258819 -0.000000
vn -0.866025 0.500000 -0.000000
vn -0.707107 0.707107 -0.000000
vn -0.500000 0.866025 -0.000000
vn -0.258819 0.965926 -0.000000
vn 0.000000 1.000000 -0.000000
vn 0.258819 0.965926 -0.000000
vn 0.500000 0.866025 -0.000000
vn 0.707107 0.707107 -0.000000
vn 0.866025 0.500000 -0.000000
vn 0.965926 0.258819 -0.000000
vn 1.000000 -0.000000 -0.000000
vn 0.965926 -0.258819 -0.000000
vn 0.866025 -0.500000 -0.000000
vn 0.707107 -0.707107 -0.000000
vn 0.500000 -0.866025 -0.000000
vn 0.258819 -0.965926 -0.000000
vn 0.000000 -1.000000 -0.000000
vn -0.258819 -0.965926 0.000000
vn -0.500000 -0.866025 0.000000
vn -0.707107 -0.707107 0.000000
vn -0.866025 -0.500000 0.000000
vn -0.965926 -0.258819 0.000000
vn -1.000000 0.000000 -0.000000
vn -0.965926 0.258819 -0.000000
vn -0.866025 0.500000 -0.000000
vn -0.707107 0.707107 -0.000000
vn -0.500000 0.866025 -0.000000
vn -0.258819 0.965926 -0.000000
vn 0.000000 1.000000 -0.000000
vn 0.258819 0.965926 -0.000000
vn 0.500000 0.866025 -0.000000
vn 0.707107 0.707107 -0.000000
vn 0.866025 0.500000 -0.000000
vn 0.965926 0.258819 -0.000000
vn 1.000000 -0.000000 -0.000000
vn 0.965926 -0.258819 -0.000000
vn 0.866025 -0.500000 -0.000000
vn 0.707107 -0.707107 -0.000000
vn 0.500000 -0.866025 -0.000000
vn 0.258819 -0.965926 -0.000000
vn 0.000000 -1.000000 -0.000000
vn -0.258819 -0.965926 0.000000
vn -0.500000 -0.866025 0.000000
vn -0.707107 -0.707107 0.000000
vn -0.866025 -0.500000 0.000000
vn -0.965926 -0.258819 0.000000
vn -1.000000 0.000000 -0.000000
vn -0.965926 0.258819 -0.000000
vn -0.866025 0.500000 -0.000000
vn -0.707107 0.707107 -0.000000
vn -0.500000 0.866025 -0.000000
vn -0.258819 0.965926 -0.000000
vn 0.000000 1.000000 -0.000000
vn 0.258819 0.965926 -0.000000
vn 0.500000 0.866025 -0.000000
vn 0.707107 0.707107 -0.000000
vn 0.866025 0.500000 -0.000000
vn 0.965926 0.258819 -0.000000
vn 1.000000 -0.000000 -0.000000
vn 0.965926 -0.258819 -0.000000
vn 0.866025 -0.500000 -0.000000
vn 0.707107 -0.707107 -0.000000
vn 0.500000 -0.866025 -0.000000
vn 0.258819 -0.965926 -0.000000
vn 0.000000 -1.000000 -0.000000
vn -0.258819 -0.965926 0.000000
vn -0.500000 -0.866025 0.000000
vn -0.707107 -0.707107 0.000000
vn -0.866025 -0.500000 0.000000
vn -0.965926 -0.258819 0.000000
vn 0.000000 0.000000 -1.000000
vn 0.000000 0.000000 -1.000000
vn 0.000000 0.000000 -1.000000
vn 0.000000 0.000000 -1.000000
vn 0.000000 0.000000 -1.000000
vn 0.000000 0.000000 -1.000000
vn 0.000000 0.000000 -1.000000
vn 0.000000 0.000000 -1.000000
vn 0.000000 0.000000 -1.000000
vn 0.000000 0.000000 -1.000000
vn 0.000000 0.000000 -1.000000
vn 0.000000 0.000000 -1.000000
vn 0.000000 0.000000 -1.000000
vn 0.000000 0.000000 -1.000000
vn 0.000000 0.000000 -1.000000
vn 0.000000 0.000000 -1.000000
vn 0.000000 0.000000 -1.000000
vn 0.000000 0.000000 -1.000000
vn 0.000000 0.000000 -1.000000
vn 0.000000 0.000000 -1.000000
vn 0.000000 0.000000 -1.000000
vn 0.000000 0.000000 -1.000000
vn 0.000000 0.000000 -1.000000
vn 0.000000 0.000000 -1.000000
vn 0.000000 0.000000 1.000000
vn 0.000000 0.000000 1.000000
vn 0.000000 0.000000 1.000000
vn 0.000000 0.000000 1.000000
vn 0.000000 0.000000 1.000000
vn 0.000000 0.000000 1.000000
vn 0.000000 0.000000 1.000000
vn 0.000000 0.000000 1.000000
vn 0.000000 0.000000 1.000000
vn 0.000000 0.000000 1.000000
vn 0.000000 0.000000 1.000000
vn 0.000000 0.000000 1.000000
vn 0.000000 0.000000 1.000000
vn 0.000000 0.000000 1.000000
vn 0.000000 0.000000 1.000000
vn 0.000000 0.000000 1.000000
vn 0.000000 0.000000 1.000000
vn 0.000000 0.000000 1.000000
vn 0.000000 0.000000 1.000000
vn 0.000000 0.000000 1.000000
vn 0.000000 0.000000 1.000000
vn 0.000000 0.000000 1.000000
vn 0.000000 0.000000 1.000000
vn 0.000000 0.000000 1.000000
usemtl é»_ããã
f 2/1/1 59/2/2 1/3/3
f 1/3/3 59/2/2 78/4/4
f 1/3/3 78/4/4 24/5/5
f 24/5/5 78/4/4 279/6/6
f 24/5/5 279/6/6 23/7/7
f 23/7/7 279/6/6 269/8/8
f 23/7/7 269/8/8 22/9/9
f 22/9/9 269/8/8 259/10/10
f 22/9/9 259/10/10 21/11/11
f 21/11/11 259/10/10 249/12/12
f 21/11/11 249/12/12 20/13/13
f 20/13/13 249/12/12 239/14/14
f 20/13/13 239/14/14 19/15/15
f 19/15/15 239/14/14 229/16/16
f 19/15/15 229/16/16 18/17/17
f 18/17/17 229/16/16 219/18/18
f 18/17/17 219/18/18 17/19/19
f 17/19/19 219/18/18 209/20/20
f 17/19/19 209/20/20 16/21/21
f 16/21/21 209/20/20 199/22/22
f 16/21/21 199/22/22 15/23/23
f 15/23/23 199/22/22 189/24/24
f 15/23/23 189/24/24 14/25/25
f 14/25/25 189/24/24 179/26/26
f 14/25/25 179/26/26 13/27/27
f 13/27/27 179/26/26 49/28/28
f 13/29/27 49/30/28 12/31/29
f 12/31/29 49/30/28 169/32/30
f 12/31/29 169/32/30 11/33/31
f 11/33/31 169/32/30 159/34/32
f 11/33/31 159/34/32 10/35/33
f 10/35/33 159/34/32 149/36/34
f 10/35/33 149/36/34 9/37/35
f 9/37/35 149/36/34 139/38/36
f 9/37/35 139/38/36 8/39/37
f 8/39/37 139/38/36 129/40/38
f 8/39/37 129/40/38 7/41/39
f 7/41/39 129/40/38 119/42/40
f 7/41/39 119/42/40 6/43/41
f 6/43/41 119/42/40 109/44/42
f 6/43/41 109/44/42 5/45/43
f 5/45/43 109/44/42 99/46/44
f 5/45/43 99/46/44 4/47/45
f 4/47/45 99/46/44 89/48/46
f 4/47/45 89/48/46 3/49/47
f 3/49/47 89/48/46 79/50/48
f 3/49/47 79/50/48 2/1/1
f 2/1/1 79/50/48 59/2/2
f 26/51/49 288/52/50 25/53/51
f 25/53/51 288/52/50 69/54/52
f 25/53/51 69/54/52 48/55/53
f 48/55/53 69/54/52 68/56/54
f 48/55/53 68/56/54 47/57/55
f 47/57/55 68/56/54 88/58/56
f 47/57/55 88/58/56 46/59/57
f 46/59/57 88/58/56 98/60/58
f 46/59/57 98/60/58 45/61/59
f 45/61/59 98/60/58 108/62/60
f 45/61/59 108/62/60 44/63/61
f 44/63/61 108/62/60 118/64/62
f 44/63/61 118/64/62 43/65/63
f 43/65/63 118/64/62 128/66/64
f 43/65/63 128/66/64 42/67/65
f 42/67/65 128/66/64 138/68/66
f 42/67/65 138/68/66 41/69/67
f 41/69/67 138/68/66 148/70/68
f 41/69/67 148/70/68 40/71/69
f 40/71/69 148/70/68 158/72/70
f 40/71/69 158/72/70 39/73/71
f 39/73/71 158/72/70 168/74/72
f 39/73/71 168/74/72 38/75/73
f 38/75/73 168/74/72 178/76/74
f 38/75/73 178/76/74 37/77/75
f 37/77/75 178/76/74 58/78/76
f 37/79/75 58/80/76 36/81/77
f 36/81/77 58/80/76 188/82/78
f 36/81/77 188/82/78 35/83/79
f 35/83/79 188/82/78 198/84/80
f 35/83/79 198/84/80 34/85/81
f 34/85/81 198/84/80 208/86/82
f 34/85/81 208/86/82 33/87/83
f 33/87/83 208/86/82 218/88/84
f 33/87/83 218/88/84 32/89/85
f 32/89/85 218/88/84 228/90/86
f 32/89/85 228/90/86 31/91/87
f 31/91/87 228/90/86 238/92/88
f 31/91/87 238/92/88 30/93/89
f 30/93/89 238/92/88 248/94/90
f 30/93/89 248/94/90 29/95/91
f 29/95/91 248/94/90 258/96/92
f 29/95/91 258/96/92 28/97/93
f 28/97/93 258/96/92 268/98/94
f 28/97/93 268/98/94 27/99/95
f 27/99/95 268/98/94 278/100/96
f 27/99/95 278/100/96 26/51/49
f 26/51/49 278/100/96 288/52/50
f 49/30/28 50/101/97 169/32/30
f 169/32/30 50/101/97 170/102/98
f 169/32/30 170/102/98 159/34/32
f 159/34/32 170/102/98 160/103/99
f 159/34/32 160/103/99 149/36/34
f 149/36/34 160/103/99 150/104/100
f 149/36/34 150/104/100 139/38/36
f 139/38/36 150/104/100 140/105/101
f 139/38/36 140/105/101 129/40/38
f 129/40/38 140/105/101 130/106/102
f 129/40/38 130/106/102 119/42/40
f 119/42/40 130/106/102 120/107/103
f 119/42/40 120/107/103 109/44/42
f 109/44/42 120/107/103 110/108/104
f 109/44/42 110/108/104 99/46/44
f 99/46/44 110/108/104 100/109/105
f 99/46/44 100/109/105 89/48/46
f 89/48/46 100/109/105 90/110/106
f 89/48/46 90/110/106 79/50/48
f 79/50/48 90/110/106 80/111/107
f 79/50/48 80/111/107 59/2/2
f 59/2/2 80/111/107 60/112/108
f 59/2/2 60/112/108 78/4/4
f 78/4/4 60/112/108 77/113/109
f 78/4/4 77/113/109 279/6/6
f 279/6/6 77/113/109 280/114/110
f 279/6/6 280/114/110 269/8/8
f 269/8/8 280/114/110 270/115/111
f 269/8/8 270/115/111 259/10/10
f 259/10/10 270/115/111 260/116/112
f 259/10/10 260/116/112 249/12/12
f 249/12/12 260/116/112 250/117/113
f 249/12/12 250/117/113 239/14/14
f 239/14/14 250/117/113 240/118/114
f 239/14/14 240/118/114 229/16/16
f 229/16/16 240/118/114 230/119/115
f 229/16/16 230/119/115 219/18/18
f 219/18/18 230/119/115 220/120/116
f 219/18/18 220/120/116 209/20/20
f 209/20/20 220/120/116 210/121/117
f 209/20/20 210/121/117 199/22/22
f 199/22/22 210/121/117 200/122/118
f 199/22/22 200/122/118 189/24/24
f 189/24/24 200/122/118 190/123/119
f 189/24/24 190/123/119 179/26/26
f 179/26/26 190/123/119 180/124/120
f 179/26/26 180/124/120 49/28/28
f 49/28/28 180/124/120 50/125/97
f 50/101/97 51/126/121 170/102/98
f 170/102/98 51/126/121 171/127/122
f 170/102/98 171/127/122 160/103/99
f 160/103/99 171/127/122 161/128/123
f 160/103/99 161/128/123 150/104/100
f 150/104/100 161/128/123 151/129/124
f 150/104/100 151/129/124 140/105/101
f 140/105/101 151/129/124 141/130/125
f 140/105/101 141/130/125 130/106/102
f 130/106/102 141/130/125 131/131/126
f 130/106/102 131/131/126 120/107/103
f 120/107/103 131/131/126 121/132/127
f 120/107/103 121/132/127 110/108/104
f 110/108/104 121/132/127 111/133/128
f 110/108/104 111/133/128 100/109/105
f 100/109/105 111/133/128 101/134/129
f 100/109/105 101/134/129 90/110/106
f 90/110/106 101/134/129 91/135/130
f 90/110/106 91/135/130 80/111/107
f 80/111/107 91/135/130 81/136/131
f 80/111/107 81/136/131 60/112/108
f 60/112/108 81/136/131 61/137/132
f 60/112/108 61/137/132 77/113/109
f 77/113/109 61/137/132 76/138/133
f 77/113/109 76/138/133 280/114/110
f 280/114/110 76/138/133 281/139/134
f 280/114/110 281/139/134 270/115/111
f 270/115/111 281/139/134 271/140/135
f 270/115/111 271/140/135 260/116/112
f 260/116/112 271/140/135 261/141/136
f 260/116/112 261/141/136 250/117/113
f 250/117/113 261/141/136 251/142/137
f 250/117/113 251/142/137 240/118/114
f 240/118/114 251/142/137 241/143/138
f 240/118/114 241/143/138 230/119/115
f 230/119/115 241/143/138 231/144/139
f 230/119/115 231/144/139 220/120/116
f 220/120/116 231/144/139 221/145/140
f 220/120/116 221/145/140 210/121/117
f 210/121/117 221/145/140 211/146/141
f 210/121/117 211/146/141 200/122/118
f 200/122/118 211/146/141 201/147/142
f 200/122/118 201/147/142 190/123/119
f 190/123/119 201/147/142 191/148/143
f 190/123/119 191/148/143 180/124/120
f 180/124/120 191/148/143 181/149/144
f 180/124/120 181/149/144 50/125/97
f 50/125/97 181/149/144 51/150/121
f 51/126/121 52/151/145 171/127/122
f 171/127/122 52/151/145 172/152/146
f 171/127/122 172/152/146 161/128/123
f 161/128/123 172/152/146 162/153/147
f 161/128/123 162/153/147 151/129/124
f 151/129/124 162/153/147 152/154/148
f 151/129/124 152/154/148 141/130/125
f 141/130/125 152/154/148 142/155/149
f 141/130/125 142/155/149 131/131/126
f 131/131/126 142/155/149 132/156/150
f 131/131/126 132/156/150 121/132/127
f 121/132/127 132/156/150 122/157/151
f 121/132/127 122/157/151 111/133/128
f 111/133/128 122/157/151 112/158/152
f 111/133/128 112/158/152 101/134/129
f 101/134/129 112/158/152 102/159/153
f 101/134/129 102/159/153 91/135/130
f 91/135/130 102/159/153 92/160/154
f 91/135/130 92/160/154 81/136/131
f 81/136/131 92/160/154 82/161/155
f 81/136/131 82/161/155 61/137/132
f 61/137/132 82/161/155 62/162/156
f 61/137/132 62/162/156 76/138/133
f 76/138/133 62/162/156 75/163/157
f 76/138/133 75/163/157 281/139/134
f 281/139/134 75/163/157 282/164/158
f 281/139/134 282/164/158 271/140/135
f 271/140/135 282/164/158 272/165/159
f 271/140/135 272/165/159 261/141/136
f 261/141/136 272/165/159 262/166/160
f 261/141/136 262/166/160 251/142/137
f 251/142/137 262/166/160 252/167/161
f 251/142/137 252/167/161 241/143/138
f 241/143/138 252/167/161 242/168/162
f 241/143/138 242/168/162 231/144/139
f 231/144/139 242/168/162 232/169/163
f 231/144/139 232/169/163 221/145/140
f 221/145/140 232/169/163 222/170/164
f 221/145/140 222/170/164 211/146/141
f 211/146/141 222/170/164 212/171/165
f 211/146/141 212/171/165 201/147/142
f 201/147/142 212/171/165 202/172/166
f 201/147/142 202/172/166 191/148/143
f 191/148/143 202/172/166 192/173/167
f 191/148/143 192/173/167 181/149/144
f 181/149/144 192/173/167 182/174/168
f 181/149/144 182/174/168 51/150/121
f 51/150/121 182/174/168 52/175/145
f 52/151/145 53/176/169 172/152/146
f 172/152/146 53/176/169 173/177/170
f 172/152/146 173/177/170 162/153/147
f 162/153/147 173/177/170 163/178/171
f 162/153/147 163/178/171 152/154/148
f 152/154/148 163/178/171 153/179/172
f 152/154/148 153/179/172 142/155/149
f 142/155/149 153/179/172 143/180/173
f 142/155/149 143/180/173 132/156/150
f 132/156/150 143/180/173 133/181/174
f 132/156/150 133/181/174 122/157/151
f 122/157/151 133/181/174 123/182/175
f 122/157/151 123/182/175 112/158/152
f 112/158/152 123/182/175 113/183/176
f 112/158/152 113/183/176 102/159/153
f 102/159/153 113/183/176 103/184/177
f 102/159/153 103/184/177 92/160/154
f 92/160/154 103/184/177 93/185/178
f 92/160/154 93/185/178 82/161/155
f 82/161/155 93/185/178 83/186/179
f 82/161/155 83/186/179 62/162/156
f 62/162/156 83/186/179 63/187/180
f 62/162/156 63/187/180 75/163/157
f 75/163/157 63/187/180 74/188/181
f 75/163/157 74/188/181 282/164/158
f 282/164/158 74/188/181 283/189/182
f 282/164/158 283/189/182 272/165/159
f 272/165/159 283/189/182 273/190/183
f 272/165/159 273/190/183 262/166/160
f 262/166/160 273/190/183 263/191/184
f 262/166/160 263/191/184 252/167/161
f 252/167/161 263/191/184 253/192/185
f 252/167/161 253/192/185 242/168/162
f 242/168/162 253/192/185 243/193/186
f 242/168/162 243/193/186 232/169/163
f 232/169/163 243/193/186 233/194/187
f 232/169/163 233/194/187 222/170/164
f 222/170/164 233/194/187 223/195/188
f 222/170/164 223/195/188 212/171/165
f 212/171/165 223/195/188 213/196/189
f 212/171/165 213/196/189 202/172/166
f 202/172/166 213/196/189 203/197/190
f 202/172/166 203/197/190 192/173/167
f 192/173/167 203/197/190 193/198/191
f 192/173/167 193/198/191 182/174/168
f 182/174/168 193/198/191 183/199/192
f 182/174/168 183/199/192 52/175/145
f 52/175/145 183/199/192 53/200/169
f 53/176/169 54/201/193 173/177/170
f 173/177/170 54/201/193 174/202/194
f 173/177/170 174/202/194 163/178/171
f 163/178/171 174/202/194 164/203/195
f 163/178/171 164/203/195 153/179/172
f 153/179/172 164/203/195 154/204/196
f 153/179/172 154/204/196 143/180/173
f 143/180/173 154/204/196 144/205/197
f 143/180/173 144/205/197 133/181/174
f 133/181/174 144/205/197 134/206/198
f 133/181/174 134/206/198 123/182/175
f 123/182/175 134/206/198 124/207/199
f 123/182/175 124/207/199 113/183/176
f 113/183/176 124/207/199 114/208/200
f 113/183/176 114/208/200 103/184/177
f 103/184/177 114/208/200 104/209/201
f 103/184/177 104/209/201 93/185/178
f 93/185/178 104/209/201 94/210/202
f 93/185/178 94/210/202 83/186/179
f 83/186/179 94/210/202 84/211/203
f 83/186/179 84/211/203 63/187/180
f 63/187/180 84/211/203 64/212/204
f 63/187/180 64/212/204 74/188/181
f 74/188/181 64/212/204 73/213/205
f 74/188/181 73/213/205 283/189/182
f 283/189/182 73/213/205 284/214/206
f 283/189/182 284/214/206 273/190/183
f 273/190/183 284/214/206 274/215/207
f 273/190/183 274/215/207 263/191/184
f 263/191/184 274/215/207 264/216/208
f 263/191/184 264/216/208 253/192/185
f 253/192/185 264/216/208 254/217/209
f 253/192/185 254/217/209 243/193/186
f 243/193/186 254/217/209 244/218/210
f 243/193/186 244/218/210 233/194/187
f 233/194/187 244/218/210 234/219/211
f 233/194/187 234/219/211 223/195/188
f 223/195/188 234/219/211 224/220/212
f 223/195/188 224/220/212 213/196/189
f 213/196/189 224/220/212 214/221/213
f 213/196/189 214/221/213 203/197/190
f 203/197/190 214/221/213 204/222/214
f 203/197/190 204/222/214 193/198/191
f 193/198/191 204/222/214 194/223/215
f 193/198/191 194/223/215 183/199/192
f 183/199/192 194/223/215 184/224/216
f 183/199/192 184/224/216 53/200/169
f 53/200/169 184/224/216 54/225/193
f 54/201/193 55/226/217 174/202/194
f 174/202/194 55/226/217 175/227/218
f 174/202/194 175/227/218 164/203/195
f 164/203/195 175/227/218 165/228/219
f 164/203/195 165/228/219 154/204/196
f 154/204/196 165/228/219 155/229/220
f 154/204/196 155/229/220 144/205/197
f 144/205/197 155/229/220 145/230/221
f 144/205/197 145/230/221 134/206/198
f 134/206/198 145/230/221 135/231/222
f 134/206/198 135/231/222 124/207/199
f 124/207/199 135/231/222 125/232/223
f 124/207/199 125/232/223 114/208/200
f 114/208/200 125/232/223 115/233/224
f 114/208/200 115/233/224 104/209/201
f 104/209/201 115/233/224 105/234/225
f 104/209/201 105/234/225 94/210/202
f 94/210/202 105/234/225 95/235/226
f 94/210/202 95/235/226 84/211/203
f 84/211/203 95/235/226 85/236/227
f 84/211/203 85/236/227 64/212/204
f 64/212/204 85/236/227 65/237/228
f 64/212/204 65/237/228 73/213/205
f 73/213/205 65/237/228 72/238/229
f 73/213/205 72/238/229 284/214/206
f 284/214/206 72/238/229 285/239/230
f 284/214/206 285/239/230 274/215/207
f 274/215/207 285/239/230 275/240/231
f 274/215/207 275/240/231 264/216/208
f 264/216/208 275/240/231 265/241/232
f 264/216/208 265/241/232 254/217/209
f 254/217/209 265/241/232 255/242/233
f 254/217/209 255/242/233 244/218/210
f 244/218/210 255/242/233 245/243/234
f 244/218/210 245/243/234 234/219/211
f 234/219/211 245/243/234 235/244/235
f 234/219/211 235/244/235 224/220/212
f 224/220/212 235/244/235 225/245/236
f 224/220/212 225/245/236 214/221/213
f 214/221/213 225/245/236 215/246/237
f 214/221/213 215/246/237 204/222/214
f 204/222/214 215/246/237 205/247/238
f 204/222/214 205/247/238 194/223/215
f 194/223/215 205/247/238 195/248/239
f 194/223/215 195/248/239 184/224/216
f 184/224/216 195/248/239 185/249/240
f 184/224/216 185/249/240 54/225/193
f 54/225/193 185/249/240 55/250/217
f 55/226/217 56/251/241 175/227/218
f 175/227/218 56/251/241 176/252/242
f 175/227/218 176/252/242 165/228/219
f 165/228/219 176/252/242 166/253/243
f 165/228/219 166/253/243 155/229/220
f 155/229/220 166/253/243 156/254/244
f 155/229/220 156/254/244 145/230/221
f 145/230/221 156/254/244 146/255/245
f 145/230/221 146/255/245 135/231/222
f 135/231/222 146/255/245 136/256/246
f 135/231/222 136/256/246 125/232/223
f 125/232/223 136/256/246 126/257/247
f 125/232/223 126/257/247 115/233/224
f 115/233/224 126/257/247 116/258/248
f 115/233/224 116/258/248 105/234/225
f 105/234/225 116/258/248 106/259/249
f 105/234/225 106/259/249 95/235/226
f 95/235/226 106/259/249 96/260/250
f 95/235/226 96/260/250 85/236/227
f 85/236/227 96/260/250 86/261/251
f 85/236/227 86/261/251 65/237/228
f 65/237/228 86/261/251 66/262/252
f 65/237/228 66/262/252 72/238/229
f 72/238/229 66/262/252 71/263/253
f 72/238/229 71/263/253 285/239/230
f 285/239/230 71/263/253 286/264/254
f 285/239/230 286/264/254 275/240/231
f 275/240/231 286/264/254 276/265/255
f 275/240/231 276/265/255 265/241/232
f 265/241/232 276/265/255 266/266/256
f 265/241/232 266/266/256 255/242/233
f 255/242/233 266/266/256 256/267/257
f 255/242/233 256/267/257 245/243/234
f 245/243/234 256/267/257 246/268/258
f 245/243/234 246/268/258 235/244/235
f 235/244/235 246/268/258 236/269/259
f 235/244/235 236/269/259 225/245/236
f 225/245/236 236/269/259 226/270/260
f 225/245/236 226/270/260 215/246/237
f 215/246/237 226/270/260 216/271/261
f 215/246/237 216/271/261 205/247/238
f 205/247/238 216/271/261 206/272/262
f 205/247/238 206/272/262 195/248/239
f 195/248/239 206/272/262 196/273/263
f 195/248/239 196/273/263 185/249/240
f 185/249/240 196/273/263 186/274/264
f 185/249/240 186/274/264 55/250/217
f 55/250/217 186/274/264 56/275/241
f 56/251/241 57/276/265 176/252/242
f 176/252/242 57/276/265 177/277/266
f 176/252/242 177/277/266 166/253/243
f 166/253/243 177/277/266 167/278/267
f 166/253/243 167/278/267 156/254/244
f 156/254/244 167/278/267 157/279/268
f 156/254/244 157/279/268 146/255/245
f 146/255/245 157/279/268 147/280/269
f 146/255/245 147/280/269 136/256/246
f 136/256/246 147/280/269 137/281/270
f 136/256/246 137/281/270 126/257/247
f 126/257/247 137/281/270 127/282/271
f 126/257/247 127/282/271 116/258/248
f 116/258/248 127/282/271 117/283/272
f 116/258/248 117/283/272 106/259/249
f 106/259/249 117/283/272 107/284/273
f 106/259/249 107/284/273 96/260/250
f 96/260/250 107/284/273 97/285/274
f 96/260/250 97/285/274 86/261/251
f 86/261/251 97/285/274 87/286/275
f 86/261/251 87/286/275 66/262/252
f 66/262/252 87/286/275 67/287/276
f 66/262/252 67/287/276 71/263/253
f 71/263/253 67/287/276 70/288/277
f 71/263/253 70/288/277 286/264/254
f 286/264/254 70/288/277 287/289/278
f 286/264/254 287/289/278 276/265/255
f 276/265/255 287/289/278 277/290/279
f 276/265/255 277/290/279 266/266/256
f 266/266/256 277/290/279 267/291/280
f 266/266/256 267/291/280 256/267/257
f 256/267/257 267/291/280 257/292/281
f 256/267/257 257/292/281 246/268/258
f 246/268/258 257/292/281 247/293/282
f 246/268/258 247/293/282 236/269/259
f 236/269/259 247/293/282 237/294/283
f 236/269/259 237/294/283 226/270/260
f 226/270/260 237/294/283 227/295/284
f 226/270/260 227/295/284 216/271/261
f 216/271/261 227/295/284 217/296/285
f 216/271/261 217/296/285 206/272/262
f 206/272/262 217/296/285 207/297/286
f 206/272/262 207/297/286 196/273/263
f 196/273/263 207/297/286 197/298/287
f 196/273/263 197/298/287 186/274/264
f 186/274/264 197/298/287 187/299/288
f 186/274/264 187/299/288 56/275/241
f 56/275/241 187/299/288 57/300/265
f 57/276/265 58/78/76 177/277/266
f 177/277/266 58/78/76 178/76/74
f 177/277/266 178/76/74 167/278/267
f 167/278/267 178/76/74 168/74/72
f 167/278/267 168/74/72 157/279/268
f 157/279/268 168/74/72 158/72/70
f 157/279/268 158/72/70 147/280/269
f 147/280/269 158/72/70 148/70/68
f 147/280/269 148/70/68 137/281/270
f 137/281/270 148/70/68 138/68/66
f 137/281/270 138/68/66 127/282/271
f 127/282/271 138/68/66 128/66/64
f 127/282/271 128/66/64 117/283/272
f 117/283/272 128/66/64 118/64/62
f 117/283/272 118/64/62 107/284/273
f 107/284/273 118/64/62 108/62/60
f 107/284/273 108/62/60 97/285/274
f 97/285/274 108/62/60 98/60/58
f 97/285/274 98/60/58 87/286/275
f 87/286/275 98/60/58 88/58/56
f 87/286/275 88/58/56 67/287/276
f 67/287/276 88/58/56 68/56/54
f 67/287/276 68/56/54 70/288/277
f 70/288/277 68/56/54 69/54/52
f 70/288/277 69/54/52 287/289/278
f 287/289/278 69/54/52 288/52/50
f 287/289/278 288/52/50 277/290/279
f 277/290/279 288/52/50 278/100/96
f 277/290/279 278/100/96 267/291/280
f 267/291/280 278/100/96 268/98/94
f 267/291/280 268/98/94 257/292/281
f 257/292/281 268/98/94 258/96/92
f 257/292/281 258/96/92 247/293/282
f 247/293/282 258/96/92 248/94/90
f 247/293/282 248/94/90 237/294/283
f 237/294/283 248/94/90 238/92/88
f 237/294/283 238/92/88 227/295/284
f 227/295/284 238/92/88 228/90/86
f 227/295/284 228/90/86 217/296/285
f 217/296/285 228/90/86 218/88/84
f 217/296/285 218/88/84 207/297/286
f 207/297/286 218/88/84 208/86/82
f 207/297/286 208/86/82 197/298/287
f 197/298/287 208/86/82 198/84/80
f 197/298/287 198/84/80 187/299/288
f 187/299/288 198/84/80 188/82/78
f 187/299/288 188/82/78 57/300/265
f 57/300/265 188/82/78 58/80/76
f 24/301/289 14/302/290 1/303/291
f 1/303/291 14/302/290 13/304/292
f 1/303/291 13/304/292 2/305/293
f 2/305/293 13/304/292 12/306/294
f 2/305/293 12/306/294 3/307/295
f 3/307/295 12/306/294 11/308/296
f 3/307/295 11/308/296 4/309/297
f 4/309/297 11/308/296 10/310/298
f 4/309/297 10/310/298 5/311/299
f 5/311/299 10/310/298 9/312/300
f 5/311/299 9/312/300 6/313/301
f 6/313/301 9/312/300 8/314/302
f 6/313/301 8/314/302 7/315/303
f 14/302/290 24/301/289 15/316/304
f 15/316/304 24/301/289 23/317/305
f 15/316/304 23/317/305 16/318/306
f 16/318/306 23/317/305 22/319/307
f 16/318/306 22/319/307 17/320/308
f 17/320/308 22/319/307 21/321/309
f 17/320/308 21/321/309 18/322/310
f 18/322/310 21/321/309 20/323/311
f 18/322/310 20/323/311 19/324/312
f 48/325/313 38/326/314 25/327/315
f 25/327/315 38/326/314 37/328/316
f 25/327/315 37/328/316 26/329/317
f 26/329/317 37/328/316 36/330/318
f 26/329/317 36/330/318 27/331/319
f 27/331/319 36/330/318 35/332/320
f 27/331/319 35/332/320 28/333/321
f 28/333/321 35/332/320 34/334/322
f 28/333/321 34/334/322 29/335/323
f 29/335/323 34/334/322 33/336/324
f 29/335/323 33/336/324 30/337/325
f 30/337/325 33/336/324 32/338/326
f 30/337/325 32/338/326 31/339/327
f 38/326/314 48/325/313 39/340/328
f 39/340/328 48/325/313 47/341/329
f 39/340/328 47/341/329 40/342/330
f 40/342/330 47/341/329 46/343/331
f 40/342/330 46/343/331 41/344/332
f 41/344/332 46/343/331 45/345/333
f 41/344/332 45/345/333 42/346/334
f 42/346/334 45/345/333 44/347/335
f 42/346/334 44/347/335 43/348/336
g BaseBar_L

v -21.000000 -33.200000 2.000000
v -21.068148 -33.200000 1.482362
v -21.267949 -33.200000 1.000000
v -21.585786 -33.200000 0.585786
v -22.000000 -33.200000 0.267949
v -22.482362 -33.200000 0.068148
v -23.000000 -33.200000 0.000000
v -23.517638 -33.200000 0.068148
v -24.000000 -33.200000 0.267949
v -24.414214 -33.200000 0.585786
v -24.732051 -33.200000 1.000000
v -24.931852 -33.200000 1.482362
v -25.000000 -33.200000 2.000000
v -24.931852 -33.200000 2.517638
v -24.732051 -33.200000 3.000000
v -24.414214 -33.200000 3.414214
v -24.000000 -33.200000 3.732051
v -23.517638 -33.200000 3.931852
v -23.000000 -33.200000 4.000000
v -22.482362 -33.200000 3.931852
v -22.000000 -33.200000 3.732051
v -21.585786 -33.200000 3.414214
v -21.267949 -33.200000 3.000000
v -21.068148 -33.200000 2.517638
v -21.000000 36.800000 2.000000
v -21.068148 36.800000 2.517638
v -21.267949 36.800000 3.000000
v -21.585786 36.800000 3.414214
v -22.000000 36.800000 3.732051
v -22.482362 36.800000 3.931852
v -23.000000 36.800000 4.000000
v -23.517638 36.800000 3.931852
v -24.000000 36.800000 3.732051
v -24.414214 36.800000 3.414214
v -24.732051 36.800000 3.000000
v -24.931852 36.800000 2.517638
v -25.000000 36.800000 2.000000
v -24.931852 36.800000 1.482362
v -24.732051 36.800000 1.000000
v -24.414214 36.800000 0.585786
v -24.000000 36.800000 0.267949
v -23.517638 36.800000 0.068148
v -23.000000 36.800000 0.000000
v -22.482362 36.800000 0.068148
v -22.000000 36.800000 0.267949
v -21.585786 36.800000 0.585786
v -21.267949 36.800000 1.000000
v -21.068148 36.800000 1.482362
v -25.000000 -23.200000 2.000000
v -25.000000 -13.200000 2.000000
v -25.000000 -3.200000 2.000000
v -25.000000 6.800000 2.000000
v -25.000000 16.800000 2.000000
v -25.000000 26.800000 2.000000
v -21.068148 -23.200000 1.482362
v -21.068148 -13.200000 1.482362
v -21.068148 -3.200000 1.482362
v -21.068148 6.800000 1.482362
v -21.068148 16.800000 1.482362
v -21.068148 26.800000 1.482362
v -21.000000 26.800000 2.000000
v -21.000000 16.800000 2.000000
v -21.000000 6.800000 2.000000
v -21.000000 -3.200000 2.000000
v -21.000000 -13.200000 2.000000
v -21.000000 -23.200000 2.000000
v -21.267949 -23.200000 1.000000
v -21.267949 -13.200000 1.000000
v -21.267949 -3.200000 1.000000
v -21.267949 6.800000 1.000000
v -21.267949 16.800000 1.000000
v -21.267949 26.800000 1.000000
v -21.585786 -23.200000 0.585786
v -21.585786 -13.200000 0.585786
v -21.585786 -3.200000 0.585786
v -21.585786 6.800000 0.585786
v -21.585786 16.800000 0.585786
v -21.585786 26.800000 0.585786
v -22.000000 -23.200000 0.267949
v -22.000000 -13.200000 0.267949
v -22.000000 -3.200000 0.267949
v -22.000000 6.800000 0.267949
v -22.000000 16.800000 0.267949
v -22.000000 26.800000 0.267949
v -22.482362 -23.200000 0.068148
v -22.482362 -13.200000 0.068148
v -22.482362 -3.200000 0.068148
v -22.482362 6.800000 0.068148
v -22.482362 16.800000 0.068148
v -22.482362 26.800000 0.068148
v -23.000000 -23.200000 0.000000
v -23.000000 -13.200000 0.000000
v -23.000000 -3.200000 0.000000
v -23.000000 6.800000 0.000000
v -23.000000 16.800000 0.000000
v -23.000000 26.800000 0.000000
v -23.517638 -23.200000 0.068148
v -23.517638 -13.200000 0.068148
v -23.517638 -3.200000 0.068148
v -23.517638 6.800000 0.068148
v -23.517638 16.800000 0.068148
v -23.517638 26.800000 0.068148
v -24.000000 -23.200000 0.267949
v -24.000000 -13.200000 0.267949
v -24.000000 -3.200000 0.267949
v -24.000000 6.800000 0.267949
v -24.000000 16.800000 0.267949
v -24.000000 26.800000 0.267949
v -24.414214 -23.200000 0.585786
v -24.414214 -13.200000 0.585786
v -24.414214 -3.200000 0.585786
v -24.414214 6.800000 0.585786
v -24.414214 16.800000 0.585786
v -24.414214 26.800000 0.585786
v -24.732051 -23.200000 1.000000
v -24.732051 -13.200000 1.000000
v -24.732051 -3.200000 1.000000
v -24.732051 6.800000 1.000000
v -24.732051 16.800000 1.000000
v -24.732051 26.800000 1.000000
v -24.931852 -23.200000 1.482362
v -24.931852 -13.200000 1.482362
v -24.931852 -3.200000 1.482362
v -24.931852 6.800000 1.482362
v -24.931852 16.800000 1.482362
v -24.931852 26.800000 1.482362
v -24.931852 -23.200000 2.517638
v -24.931852 -13.200000 2.517638
v -24.931852 -3.200000 2.517638
v -24.931852 6.800000 2.517638
v -24.931852 16.800000 2.517638
v -24.931852 26.800000 2.517638
v -24.732051 -23.200000 3.000000
v -24.732051 -13.200000 3.000000
v -24.732051 -3.200000 3.000000
v -24.732051 6.800000 3.000000
v -24.732051 16.800000 3.000000
v -24.732051 26.800000 3.000000
v -24.414214 -23.200000 3.414214
v -24.414214 -13.200000 3.414214
v -24.414214 -3.200000 3.414214
v -24.414214 6.800000 3.414214
v -24.414214 16.800000 3.414214
v -24.414214 26.800000 3.414214
v -24.000000 -23.200000 3.732051
v -24.000000 -13.200000 3.732051
v -24.000000 -3.200000 3.732051
v -24.000000 6.800000 3.732051
v -24.000000 16.800000 3.732051
v -24.000000 26.800000 3.732051
v -23.517638 -23.200000 3.931852
v -23.517638 -13.200000 3.931852
v -23.517638 -3.200000 3.931852
v -23.517638 6.800000 3.931852
v -23.517638 16.800000 3.931852
v -23.517638 26.800000 3.931852
v -23.000000 -23.200000 4.000000
v -23.000000 -13.200000 4.000000
v -23.000000 -3.200000 4.000000
v -23.000000 6.800000 4.000000
v -23.000000 16.800000 4.000000
v -23.000000 26.800000 4.000000
v -22.482362 -23.200000 3.931852
v -22.482362 -13.200000 3.931852
v -22.482362 -3.200000 3.931852
v -22.482362 6.800000 3.931852
v -22.482362 16.800000 3.931852
v -22.482362 26.800000 3.931852
v -22.000000 -23.200000 3.732051
v -22.000000 -13.200000 3.732051
v -22.000000 -3.200000 3.732051
v -22.000000 6.800000 3.732051
v -22.000000 16.800000 3.732051
v -22.000000 26.800000 3.732051
v -21.585786 -23.200000 3.414214
v -21.585786 -13.200000 3.414214
v -21.585786 -3.200000 3.414214
v -21.585786 6.800000 3.414214
v -21.585786 16.800000 3.414214
v -21.585786 26.800000 3.414214
v -21.267949 -23.200000 3.000000
v -21.267949 -13.200000 3.000000
v -21.267949 -3.200000 3.000000
v -21.267949 6.800000 3.000000
v -21.267949 16.800000 3.000000
v -21.267949 26.800000 3.000000
v -21.068148 -23.200000 2.517638
v -21.068148 -13.200000 2.517638
v -21.068148 -3.200000 2.517638
v -21.068148 6.800000 2.517638
v -21.068148 16.800000 2.517638
v -21.068148 26.800000 2.517638
vt 35.000000 0.523599 0.000000
vt 25.000000 0.523599 0.000000
vt 35.000000 0.000000 0.000000
vt 25.000000 0.000000 0.000000
vt 35.000000 -0.523599 0.000000
vt 25.000000 -0.523599 0.000000
vt 35.000000 -1.047198 0.000000
vt 25.000000 -1.047198 0.000000
vt 35.000000 -1.570796 0.000000
vt 25.000000 -1.570796 0.000000
vt 35.000000 -2.094395 0.000000
vt 25.000000 -2.094395 0.000000
vt 35.000000 -2.617994 0.000000
vt 25.000000 -2.617994 0.000000
vt 35.000000 -3.141593 0.000000
vt 25.000000 -3.141593 0.000000
vt 35.000000 -3.665191 0.000000
vt 25.000000 -3.665191 0.000000
vt 35.000000 -4.188790 0.000000
vt 25.000000 -4.188790 0.000000
vt 35.000000 -4.712389 0.000000
vt 25.000000 -4.712389 0.000000
vt 35.000000 -5.235988 0.000000
vt 25.000000 -5.235988 0.000000
vt 35.000000 -5.759587 0.000000
vt 25.000000 -5.759587 0.000000
vt 35.000000 -6.283185 0.000000
vt 25.000000 -6.283185 0.000000
vt 35.000000 6.283185 0.000000
vt 25.000000 6.283185 0.000000
vt 35.000000 5.759587 0.000000
vt 25.000000 5.759587 0.000000
vt 35.000000 5.235988 0.000000
vt 25.000000 5.235988 0.000000
vt 35.000000 4.712389 0.000000
vt 25.000000 4.712389 0.000000
vt 35.000000 4.188790 0.000000
vt 25.000000 4.188790 0.000000
vt 35.000000 3.665191 0.000000
vt 25.000000 3.665191 0.000000
vt 35.000000 3.141593 0.000000
vt 25.000000 3.141593 0.000000
vt 35.000000 2.617994 0.000000
vt 25.000000 2.617994 0.000000
vt 35.000000 2.094395 0.000000
vt 25.000000 2.094395 0.000000
vt 35.000000 1.570796 0.000000
vt 25.000000 1.570796 0.000000
vt 35.000000 1.047198 0.000000
vt 25.000000 1.047198 0.000000
vt -35.000000 -0.523599 0.000000
vt -25.000000 -0.523599 0.000000
vt -35.000000 0.000000 0.000000
vt -25.000000 0.000000 0.000000
vt -35.000000 0.523599 0.000000
vt -25.000000 0.523599 0.000000
vt -35.000000 1.047198 0.000000
vt -25.000000 1.047198 0.000000
vt -35.000000 1.570796 0.000000
vt -25.000000 1.570796 0.000000
vt -35.000000 2.094395 0.000000
vt -25.000000 2.094395 0.000000
vt -35.000000 2.617994 0.000000
vt -25.000000 2.617994 0.000000
vt -35.000000 3.141593 0.000000
vt -25.000000 3.141593 0.000000
vt -35.000000 3.665191 0.000000
vt -25.000000 3.665191 0.000000
vt -35.000000 4.188790 0.000000
vt -25.000000 4.188790 0.000000
vt -35.000000 4.712389 0.000000
vt -25.000000 4.712389 0.000000
vt -35.000000 5.235988 0.000000
vt -25.000000 5.235988 0.000000
vt -35.000000 5.759587 0.000000
vt -25.000000 5.759587 0.000000
vt -35.000000 6.283185 0.000000
vt -25.000000 6.283185 0.000000
vt -35.000000 -6.283185 0.000000
vt -25.000000 -6.283185 0.000000
vt -35.000000 -5.759587 0.000000
vt -25.000000 -5.759587 0.000000
vt -35.000000 -5.235988 0.000000
vt -25.000000 -5.235988 0.000000
vt -35.000000 -4.712389 0.000000
vt -25.000000 -4.712389 0.000000
vt -35.000000 -4.188790 0.000000
vt -25.000000 -4.188790 0.000000
vt -35.000000 -3.665191 0.000000
vt -25.000000 -3.665191 0.000000
vt -35.000000 -3.141593 0.000000
vt -25.000000 -3.141593 0.000000
vt -35.000000 -2.617994 0.000000
vt -25.000000 -2.617994 0.000000
vt -35.000000 -2.094395 0.000000
vt -25.000000 -2.094395 0.000000
vt -35.000000 -1.570796 0.000000
vt -25.000000 -1.570796 0.000000
vt -35.000000 -1.047198 0.000000
vt -25.000000 -1.047198 0.000000
vt 15.000000 6.283185 0.000000
vt 15.000000 5.759587 0.000000
vt 15.000000 5.235988 0.000000
vt 15.000000 4.712389 0.000000
vt 15.000000 4.188790 0.000000
vt 15.000000 3.665191 0.000000
vt 15.000000 3.141593 0.000000
vt 15.000000 2.617994 0.000000
vt 15.000000 2.094395 0.000000
vt 15.000000 1.570796 0.000000
vt 15.000000 1.047198 0.000000
vt 15.000000 0.523599 0.000000
vt 15.000000 0.000000 0.000000
vt 15.000000 -0.523599 0.000000
vt 15.000000 -1.047198 0.000000
vt 15.000000 -1.570796 0.000000
vt 15.000000 -2.094395 0.000000
vt 15.000000 -2.617994 0.000000
vt 15.000000 -3.141593 0.000000
vt 15.000000 -3.665191 0.000000
vt 15.000000 -4.188790 0.000000
vt 15.000000 -4.712389 0.000000
vt 15.000000 -5.235988 0.000000
vt 15.000000 -5.759587 0.000000
vt 15.000000 -6.283185 0.000000
vt 5.000000 6.283185 0.000000
vt 5.000000 5.759587 0.000000
vt 5.000000 5.235988 0.000000
vt 5.000000 4.712389 0.000000
vt 5.000000 4.188790 0.000000
vt 5.000000 3.665191 0.000000
vt 5.000000 3.141593 0.000000
vt 5.000000 2.617994 0.000000
vt 5.000000 2.094395 0.000000
vt 5.000000 1.570796 0.000000
vt 5.000000 1.047198 0.000000
vt 5.000000 0.523599 0.000000
vt 5.000000 0.000000 0.000000
vt 5.000000 -0.523599 0.000000
vt 5.000000 -1.047198 0.000000
vt 5.000000 -1.570796 0.000000
vt 5.000000 -2.094395 0.000000
vt 5.000000 -2.617994 0.000000
vt 5.000000 -3.141593 0.000000
vt 5.000000 -3.665191 0.000000
vt 5.000000 -4.188790 0.000000
vt 5.000000 -4.712389 0.000000
vt 5.000000 -5.235988 0.000000
vt 5.000000 -5.759587 0.000000
vt 5.000000 -6.283185 0.000000
vt -5.000000 6.283185 0.000000
vt -5.000000 5.759587 0.000000
vt -5.000000 5.235988 0.000000
vt -5.000000 4.712389 0.000000
vt -5.000000 4.188790 0.000000
vt -5.000000 3.665191 0.000000
vt -5.000000 3.141593 0.000000
vt -5.000000 2.617994 0.000000
vt -5.000000 2.094395 0.000000
vt -5.000000 1.570796 0.000000
vt -5.000000 1.047198 0.000000
vt -5.000000 0.523599 0.000000
vt -5.000000 0.000000 0.000000
vt -5.000000 -0.523599 0.000000
vt -5.000000 -1.047198 0.000000
vt -5.000000 -1.570796 0.000000
vt -5.000000 -2.094395 0.000000
vt -5.000000 -2.617994 0.000000
vt -5.000000 -3.141593 0.000000
vt -5.000000 -3.665191 0.000000
vt -5.000000 -4.188790 0.000000
vt -5.000000 -4.712389 0.000000
vt -5.000000 -5.235988 0.000000
vt -5.000000 -5.759587 0.000000
vt -5.000000 -6.283185 0.000000
vt -15.000000 6.283185 0.000000
vt -15.000000 5.759587 0.000000
vt -15.000000 5.235988 0.000000
vt -15.000000 4.712389 0.000000
vt -15.000000 4.188790 0.000000
vt -15.000000 3.665191 0.000000
vt -15.000000 3.141593 0.000000
vt -15.000000 2.617994 0.000000
vt -15.000000 2.094395 0.000000
vt -15.000000 1.570796 0.000000
vt -15.000000 1.047198 0.000000
vt -15.000000 0.523599 0.000000
vt -15.000000 0.000000 0.000000
vt -15.000000 -0.523599 0.000000
vt -15.000000 -1.047198 0.000000
vt -15.000000 -1.570796 0.000000
vt -15.000000 -2.094395 0.000000
vt -15.000000 -2.617994 0.000000
vt -15.000000 -3.141593 0.000000
vt -15.000000 -3.665191 0.000000
vt -15.000000 -4.188790 0.000000
vt -15.000000 -4.712389 0.000000
vt -15.000000 -5.235988 0.000000
vt -15.000000 -5.759587 0.000000
vt -15.000000 -6.283185 0.000000
vt -1.931852 -0.517638 0.000000
vt 1.931852 -0.517638 0.000000
vt -2.000000 -0.000000 0.000000
vt 2.000000 -0.000000 0.000000
vt -1.931852 0.517638 0.000000
vt 1.931852 0.517638 0.000000
vt -1.732051 1.000000 0.000000
vt 1.732051 1.000000 0.000000
vt -1.414214 1.414214 0.000000
vt 1.414214 1.414214 0.000000
vt -1.000000 1.732051 0.000000
vt 1.000000 1.732051 0.000000
vt -0.517638 1.931852 0.000000
vt 0.517638 1.931852 0.000000
vt 0.000000 2.000000 0.000000
vt 1.732051 -1.000000 0.000000
vt -1.732051 -1.000000 0.000000
vt 1.414214 -1.414214 0.000000
vt -1.414214 -1.414214 0.000000
vt 1.000000 -1.732051 0.000000
vt -1.000000 -1.732051 0.000000
vt 0.517638 -1.931852 0.000000
vt -0.517638 -1.931852 0.000000
vt 0.000000 -2.000000 0.000000
vt 1.931852 0.517638 0.000000
vt -1.931852 0.517638 0.000000
vt 2.000000 0.000000 0.000000
vt -2.000000 0.000000 0.000000
vt 1.931852 -0.517638 0.000000
vt -1.931852 -0.517638 0.000000
vt 1.732051 -1.000000 0.000000
vt -1.732051 -1.000000 0.000000
vt 1.414214 -1.414214 0.000000
vt -1.414214 -1.414214 0.000000
vt 1.000000 -1.732051 0.000000
vt -1.000000 -1.732051 0.000000
vt 0.517638 -1.931852 0.000000
vt -0.517638 -1.931852 0.000000
vt 0.000000 -2.000000 0.000000
vt -1.732051 1.000000 0.000000
vt 1.732051 1.000000 0.000000
vt -1.414214 1.414214 0.000000
vt 1.414214 1.414214 0.000000
vt -1.000000 1.732051 0.000000
vt 1.000000 1.732051 0.000000
vt -0.517638 1.931852 0.000000
vt 0.517638 1.931852 0.000000
vt 0.000000 2.000000 0.000000
vn 0.965926 -0.000000 -0.258819
vn 0.965926 -0.000000 -0.258819
vn 1.000000 -0.000000 -0.000000
vn 1.000000 -0.000000 -0.000000
vn 0.965926 -0.000000 0.258819
vn 0.965926 -0.000000 0.258819
vn 0.866025 -0.000000 0.500000
vn 0.866025 -0.000000 0.500000
vn 0.707107 -0.000000 0.707107
vn 0.707107 -0.000000 0.707107
vn 0.500000 -0.000000 0.866025
vn 0.500000 -0.000000 0.866025
vn 0.258819 -0.000000 0.965926
vn 0.258819 -0.000000 0.965926
vn 0.000000 -0.000000 1.000000
vn 0.000000 -0.000000 1.000000
vn -0.258819 -0.000000 0.965926
vn -0.258819 -0.000000 0.965926
vn -0.500000 -0.000000 0.866025
vn -0.500000 -0.000000 0.866025
vn -0.707107 -0.000000 0.707107
vn -0.707107 -0.000000 0.707107
vn -0.866025 -0.000000 0.500000
vn -0.866025 -0.000000 0.500000
vn -0.965926 -0.000000 0.258819
vn -0.965926 -0.000000 0.258819
vn -1.000000 -0.000000 0.000000
vn -1.000000 -0.000000 0.000000
vn -0.965926 0.000000 -0.258819
vn -0.965926 0.000000 -0.258819
vn -0.866025 0.000000 -0.500000
vn -0.866025 0.000000 -0.500000
vn -0.707107 0.000000 -0.707107
vn -0.707107 0.000000 -0.707107
vn -0.500000 0.000000 -0.866025
vn -0.500000 0.000000 -0.866025
vn -0.258819 0.000000 -0.965926
vn -0.258819 0.000000 -0.965926
vn 0.000000 -0.000000 -1.000000
vn 0.000000 -0.000000 -1.000000
vn 0.258819 -0.000000 -0.965926
vn 0.258819 -0.000000 -0.965926
vn 0.500000 -0.000000 -0.866025
vn 0.500000 -0.000000 -0.866025
vn 0.707107 -0.000000 -0.707107
vn 0.707107 -0.000000 -0.707107
vn 0.866025 -0.000000 -0.500000
vn 0.866025 -0.000000 -0.500000
vn 0.965926 -0.000000 0.258819
vn 0.965926 -0.000000 0.258819
vn 1.000000 -0.000000 -0.000000
vn 1.000000 -0.000000 -0.000000
vn 0.965926 -0.000000 -0.258819
vn 0.965926 -0.000000 -0.258819
vn 0.866025 -0.000000 -0.500000
vn 0.866025 -0.000000 -0.500000
vn 0.707107 -0.000000 -0.707107
vn 0.707107 -0.000000 -0.707107
vn 0.500000 -0.000000 -0.866025
vn 0.500000 -0.000000 -0.866025
vn 0.258819 -0.000000 -0.965926
vn 0.258819 -0.000000 -0.965926
vn 0.000000 -0.000000 -1.000000
vn 0.000000 -0.000000 -1.000000
vn -0.258819 0.000000 -0.965926
vn -0.258819 0.000000 -0.965926
vn -0.500000 0.000000 -0.866025
vn -0.500000 0.000000 -0.866025
vn -0.707107 0.000000 -0.707107
vn -0.707107 0.000000 -0.707107
vn -0.866025 0.000000 -0.500000
vn -0.866025 0.000000 -0.500000
vn -0.965926 0.000000 -0.258819
vn -0.965926 0.000000 -0.258819
vn -1.000000 0.000000 -0.000000
vn -1.000000 0.000000 -0.000000
vn -0.965926 -0.000000 0.258819
vn -0.965926 -0.000000 0.258819
vn -0.866025 -0.000000 0.500000
vn -0.866025 -0.000000 0.500000
vn -0.707107 -0.000000 0.707107
vn -0.707107 -0.000000 0.707107
vn -0.500000 -0.000000 0.866025
vn -0.500000 -0.000000 0.866025
vn -0.258819 -0.000000 0.965926
vn -0.258819 -0.000000 0.965926
vn 0.000000 -0.000000 1.000000
vn 0.000000 -0.000000 1.000000
vn 0.258819 -0.000000 0.965926
vn 0.258819 -0.000000 0.965926
vn 0.500000 -0.000000 0.866025
vn 0.500000 -0.000000 0.866025
vn 0.707107 -0.000000 0.707107
vn 0.707107 -0.000000 0.707107
vn 0.866025 -0.000000 0.500000
vn 0.866025 -0.000000 0.500000
vn -1.000000 0.000000 -0.000000
vn -0.965926 0.000000 -0.258819
vn -0.866025 0.000000 -0.500000
vn -0.707107 0.000000 -0.707107
vn -0.500000 0.000000 -0.866025
vn -0.258819 0.000000 -0.965926
vn 0.000000 -0.000000 -1.000000
vn 0.258819 -0.000000 -0.965926
vn 0.500000 -0.000000 -0.866025
vn 0.707107 -0.000000 -0.707107
vn 0.866025 -0.000000 -0.500000
vn 0.965926 -0.000000 -0.258819
vn 1.000000 -0.000000 -0.000000
vn 0.965926 -0.000000 0.258819
vn 0.866025 -0.000000 0.500000
vn 0.707107 -0.000000 0.707107
vn 0.500000 -0.000000 0.866025
vn 0.258819 -0.000000 0.965926
vn 0.000000 -0.000000 1.000000
vn -0.258819 -0.000000 0.965926
vn -0.500000 -0.000000 0.866025
vn -0.707107 -0.000000 0.707107
vn -0.866025 -0.000000 0.500000
vn -0.965926 -0.000000 0.258819
vn -1.000000 0.000000 -0.000000
vn -0.965926 0.000000 -0.258819
vn -0.866025 0.000000 -0.500000
vn -0.707107 0.000000 -0.707107
vn -0.500000 0.000000 -0.866025
vn -0.258819 0.000000 -0.965926
vn 0.000000 -0.000000 -1.000000
vn 0.258819 -0.000000 -0.965926
vn 0.500000 -0.000000 -0.866025
vn 0.707107 -0.000000 -0.707107
vn 0.866025 -0.000000 -0.500000
vn 0.965926 -0.000000 -0.258819
vn 1.000000 -0.000000 -0.000000
vn 0.965926 -0.000000 0.258819
vn 0.866025 -0.000000 0.500000
vn 0.707107 -0.000000 0.707107
vn 0.500000 -0.000000 0.866025
vn 0.258819 -0.000000 0.965926
vn 0.000000 -0.000000 1.000000
vn -0.258819 -0.000000 0.965926
vn -0.500000 -0.000000 0.866025
vn -0.707107 -0.000000 0.707107
vn -0.866025 -0.000000 0.500000
vn -0.965926 -0.000000 0.258819
vn -1.000000 0.000000 -0.000000
vn -0.965926 0.000000 -0.258819
vn -0.866025 0.000000 -0.500000
vn -0.707107 0.000000 -0.707107
vn -0.500000 0.000000 -0.866025
vn -0.258819 0.000000 -0.965926
vn 0.000000 -0.000000 -1.000000
vn 0.258819 -0.000000 -0.965926
vn 0.500000 -0.000000 -0.866025
vn 0.707107 -0.000000 -0.707107
vn 0.866025 -0.000000 -0.500000
vn 0.965926 -0.000000 -0.258819
vn 1.000000 -0.000000 -0.000000
vn 0.965926 -0.000000 0.258819
vn 0.866025 -0.000000 0.500000
vn 0.707107 -0.000000 0.707107
vn 0.500000 -0.000000 0.866025
vn 0.258819 -0.000000 0.965926
vn 0.000000 -0.000000 1.000000
vn -0.258819 -0.000000 0.965926
vn -0.500000 -0.000000 0.866025
vn -0.707107 -0.000000 0.707107
vn -0.866025 -0.000000 0.500000
vn -0.965926 -0.000000 0.258819
vn -1.000000 0.000000 -0.000000
vn -0.965926 0.000000 -0.258819
vn -0.866025 0.000000 -0.500000
vn -0.707107 0.000000 -0.707107
vn -0.500000 0.000000 -0.866025
vn -0.258819 0.000000 -0.965926
vn 0.000000 -0.000000 -1.000000
vn 0.258819 -0.000000 -0.965926
vn 0.500000 -0.000000 -0.866025
vn 0.707107 -0.000000 -0.707107
vn 0.866025 -0.000000 -0.500000
vn 0.965926 -0.000000 -0.258819
vn 1.000000 -0.000000 -0.000000
vn 0.965926 -0.000000 0.258819
vn 0.866025 -0.000000 0.500000
vn 0.707107 -0.000000 0.707107
vn 0.500000 -0.000000 0.866025
vn 0.258819 -0.000000 0.965926
vn 0.000000 -0.000000 1.000000
vn -0.258819 -0.000000 0.965926
vn -0.500000 -0.000000 0.866025
vn -0.707107 -0.000000 0.707107
vn -0.866025 -0.000000 0.500000
vn -0.965926 -0.000000 0.258819
vn 0.000000 -1.000000 0.000000
vn 0.000000 -1.000000 0.000000
vn 0.000000 -1.000000 0.000000
vn 0.000000 -1.000000 0.000000
vn 0.000000 -1.000000 0.000000
vn 0.000000 -1.000000 0.000000
vn 0.000000 -1.000000 0.000000
vn 0.000000 -1.000000 0.000000
vn 0.000000 -1.000000 0.000000
vn 0.000000 -1.000000 0.000000
vn 0.000000 -1.000000 0.000000
vn 0.000000 -1.000000 0.000000
vn 0.000000 -1.000000 0.000000
vn 0.000000 -1.000000 0.000000
vn 0.000000 -1.000000 0.000000
vn 0.000000 -1.000000 0.000000
vn 0.000000 -1.000000 0.000000
vn 0.000000 -1.000000 0.000000
vn 0.000000 -1.000000 0.000000
vn 0.000000 -1.000000 0.000000
vn 0.000000 -1.000000 0.000000
vn 0.000000 -1.000000 0.000000
vn 0.000000 -1.000000 0.000000
vn 0.000000 -1.000000 0.000000
vn 0.000000 1.000000 0.000000
vn 0.000000 1.000000 0.000000
vn 0.000000 1.000000 0.000000
vn 0.000000 1.000000 0.000000
vn 0.000000 1.000000 0.000000
vn 0.000000 1.000000 0.000000
vn 0.000000 1.000000 0.000000
vn 0.000000 1.000000 0.000000
vn 0.000000 1.000000 0.000000
vn 0.000000 1.000000 0.000000
vn 0.000000 1.000000 0.000000
vn 0.000000 1.000000 0.000000
vn 0.000000 1.000000 0.000000
vn 0.000000 1.000000 0.000000
vn 0.000000 1.000000 0.000000
vn 0.000000 1.000000 0.000000
vn 0.000000 1.000000 0.000000
vn 0.000000 1.000000 0.000000
vn 0.000000 1.000000 0.000000
vn 0.000000 1.000000 0.000000
vn 0.000000 1.000000 0.000000
vn 0.000000 1.000000 0.000000
vn 0.000000 1.000000 0.000000
vn 0.000000 1.000000 0.000000
f 290/349/337 343/350/338 289/351/339
f 289/351/339 343/350/338 354/352/340
f 289/351/339 354/352/340 312/353/341
f 312/353/341 354/352/340 475/354/342
f 312/353/341 475/354/342 311/355/343
f 311/355/343 475/354/342 469/356/344
f 311/355/343 469/356/344 310/357/345
f 310/357/345 469/356/344 463/358/346
f 310/357/345 463/358/346 309/359/347
f 309/359/347 463/358/346 457/360/348
f 309/359/347 457/360/348 308/361/349
f 308/361/349 457/360/348 451/362/350
f 308/361/349 451/362/350 307/363/351
f 307/363/351 451/362/350 445/364/352
f 307/363/351 445/364/352 306/365/353
f 306/365/353 445/364/352 439/366/354
f 306/365/353 439/366/354 305/367/355
f 305/367/355 439/366/354 433/368/356
f 305/367/355 433/368/356 304/369/357
f 304/369/357 433/368/356 427/370/358
f 304/369/357 427/370/358 303/371/359
f 303/371/359 427/370/358 421/372/360
f 303/371/359 421/372/360 302/373/361
f 302/373/361 421/372/360 415/374/362
f 302/373/361 415/374/362 301/375/363
f 301/375/363 415/374/362 337/376/364
f 301/377/363 337/378/364 300/379/365
f 300/379/365 337/378/364 409/380/366
f 300/379/365 409/380/366 299/381/367
f 299/381/367 409/380/366 403/382/368
f 299/381/367 403/382/368 298/383/369
f 298/383/369 403/382/368 397/384/370
f 298/383/369 397/384/370 297/385/371
f 297/385/371 397/384/370 391/386/372
f 297/385/371 391/386/372 296/387/373
f 296/387/373 391/386/372 385/388/374
f 296/387/373 385/388/374 295/389/375
f 295/389/375 385/388/374 379/390/376
f 295/389/375 379/390/376 294/391/377
f 294/391/377 379/390/376 373/392/378
f 294/391/377 373/392/378 293/393/379
f 293/393/379 373/392/378 367/394/380
f 293/393/379 367/394/380 292/395/381
f 292/395/381 367/394/380 361/396/382
f 292/395/381 361/396/382 291/397/383
f 291/397/383 361/396/382 355/398/384
f 291/397/383 355/398/384 290/349/337
f 290/349/337 355/398/384 343/350/338
f 314/399/385 480/400/386 313/401/387
f 313/401/387 480/400/386 349/402/388
f 313/401/387 349/402/388 336/403/389
f 336/403/389 349/402/388 348/404/390
f 336/403/389 348/404/390 335/405/391
f 335/405/391 348/404/390 360/406/392
f 335/405/391 360/406/392 334/407/393
f 334/407/393 360/406/392 366/408/394
f 334/407/393 366/408/394 333/409/395
f 333/409/395 366/408/394 372/410/396
f 333/409/395 372/410/396 332/411/397
f 332/411/397 372/410/396 378/412/398
f 332/411/397 378/412/398 331/413/399
f 331/413/399 378/412/398 384/414/400
f 331/413/399 384/414/400 330/415/401
f 330/415/401 384/414/400 390/416/402
f 330/415/401 390/416/402 329/417/403
f 329/417/403 390/416/402 396/418/404
f 329/417/403 396/418/404 328/419/405
f 328/419/405 396/418/404 402/420/406
f 328/419/405 402/420/406 327/421/407
f 327/421/407 402/420/406 408/422/408
f 327/421/407 408/422/408 326/423/409
f 326/423/409 408/422/408 414/424/410
f 326/423/409 414/424/410 325/425/411
f 325/425/411 414/424/410 342/426/412
f 325/427/411 342/428/412 324/429/413
f 324/429/413 342/428/412 420/430/414
f 324/429/413 420/430/414 323/431/415
f 323/431/415 420/430/414 426/432/416
f 323/431/415 426/432/416 322/433/417
f 322/433/417 426/432/416 432/434/418
f 322/433/417 432/434/418 321/435/419
f 321/435/419 432/434/418 438/436/420
f 321/435/419 438/436/420 320/437/421
f 320/437/421 438/436/420 444/438/422
f 320/437/421 444/438/422 319/439/423
f 319/439/423 444/438/422 450/440/424
f 319/439/423 450/440/424 318/441/425
f 318/441/425 450/440/424 456/442/426
f 318/441/425 456/442/426 317/443/427
f 317/443/427 456/442/426 462/444/428
f 317/443/427 462/444/428 316/445/429
f 316/445/429 462/444/428 468/446/430
f 316/445/429 468/446/430 315/447/431
f 315/447/431 468/446/430 474/448/432
f 315/447/431 474/448/432 314/399/385
f 314/399/385 474/448/432 480/400/386
f 337/378/364 338/449/433 409/380/366
f 409/380/366 338/449/433 410/450/434
f 409/380/366 410/450/434 403/382/368
f 403/382/368 410/450/434 404/451/435
f 403/382/368 404/451/435 397/384/370
f 397/384/370 404/451/435 398/452/436
f 397/384/370 398/452/436 391/386/372
f 391/386/372 398/452/436 392/453/437
f 391/386/372 392/453/437 385/388/374
f 385/388/374 392/453/437 386/454/438
f 385/388/374 386/454/438 379/390/376
f 379/390/376 386/454/438 380/455/439
f 379/390/376 380/455/439 373/392/378
f 373/392/378 380/455/439 374/456/440
f 373/392/378 374/456/440 367/394/380
f 367/394/380 374/456/440 368/457/441
f 367/394/380 368/457/441 361/396/382
f 361/396/382 368/457/441 362/458/442
f 361/396/382 362/458/442 355/398/384
f 355/398/384 362/458/442 356/459/443
f 355/398/384 356/459/443 343/350/338
f 343/350/338 356/459/443 344/460/444
f 343/350/338 344/460/444 354/352/340
f 354/352/340 344/460/444 353/461/445
f 354/352/340 353/461/445 475/354/342
f 475/354/342 353/461/445 476/462/446
f 475/354/342 476/462/446 469/356/344
f 469/356/344 476/462/446 470/463/447
f 469/356/344 470/463/447 463/358/346
f 463/358/346 470/463/447 464/464/448
f 463/358/346 464/464/448 457/360/348
f 457/360/348 464/464/448 458/465/449
f 457/360/348 458/465/449 451/362/350
f 451/362/350 458/465/449 452/466/450
f 451/362/350 452/466/450 445/364/352
f 445/364/352 452/466/450 446/467/451
f 445/364/352 446/467/451 439/366/354
f 439/366/354 446/467/451 440/468/452
f 439/366/354 440/468/452 433/368/356
f 433/368/356 440/468/452 434/469/453
f 433/368/356 434/469/453 427/370/358
f 427/370/358 434/469/453 428/470/454
f 427/370/358 428/470/454 421/372/360
f 421/372/360 428/470/454 422/471/455
f 421/372/360 422/471/455 415/374/362
f 415/374/362 422/471/455 416/472/456
f 415/374/362 416/472/456 337/376/364
f 337/376/364 416/472/456 338/473/433
f 338/449/433 339/474/457 410/450/434
f 410/450/434 339/474/457 411/475/458
f 410/450/434 411/475/458 404/451/435
f 404/451/435 411/475/458 405/476/459
f 404/451/435 405/476/459 398/452/436
f 398/452/436 405/476/459 399/477/460
f 398/452/436 399/477/460 392/453/437
f 392/453/437 399/477/460 393/478/461
f 392/453/437 393/478/461 386/454/438
f 386/454/438 393/478/461 387/479/462
f 386/454/438 387/479/462 380/455/439
f 380/455/439 387/479/462 381/480/463
f 380/455/439 381/480/463 374/456/440
f 374/456/440 381/480/463 375/481/464
f 374/456/440 375/481/464 368/457/441
f 368/457/441 375/481/464 369/482/465
f 368/457/441 369/482/465 362/458/442
f 362/458/442 369/482/465 363/483/466
f 362/458/442 363/483/466 356/459/443
f 356/459/443 363/483/466 357/484/467
f 356/459/443 357/484/467 344/460/444
f 344/460/444 357/484/467 345/485/468
f 344/460/444 345/485/468 353/461/445
f 353/461/445 345/485/468 352/486/469
f 353/461/445 352/486/469 476/462/446
f 476/462/446 352/486/469 477/487/470
f 476/462/446 477/487/470 470/463/447
f 470/463/447 477/487/470 471/488/471
f 470/463/447 471/488/471 464/464/448
f 464/464/448 471/488/471 465/489/472
f 464/464/448 465/489/472 458/465/449
f 458/465/449 465/489/472 459/490/473
f 458/465/449 459/490/473 452/466/450
f 452/466/450 459/490/473 453/491/474
f 452/466/450 453/491/474 446/467/451
f 446/467/451 453/491/474 447/492/475
f 446/467/451 447/492/475 440/468/452
f 440/468/452 447/492/475 441/493/476
f 440/468/452 441/493/476 434/469/453
f 434/469/453 441/493/476 435/494/477
f 434/469/453 435/494/477 428/470/454
f 428/470/454 435/494/477 429/495/478
f 428/470/454 429/495/478 422/471/455
f 422/471/455 429/495/478 423/496/479
f 422/471/455 423/496/479 416/472/456
f 416/472/456 423/496/479 417/497/480
f 416/472/456 417/497/480 338/473/433
f 338/473/433 417/497/480 339/498/457
f 339/474/457 340/499/481 411/475/458
f 411/475/458 340/499/481 412/500/482
f 411/475/458 412/500/482 405/476/459
f 405/476/459 412/500/482 406/501/483
f 405/476/459 406/501/483 399/477/460
f 399/477/460 406/501/483 400/502/484
f 399/477/460 400/502/484 393/478/461
f 393/478/461 400/502/484 394/503/485
f 393/478/461 394/503/485 387/479/462
f 387/479/462 394/503/485 388/504/486
f 387/479/462 388/504/486 381/480/463
f 381/480/463 388/504/486 382/505/487
f 381/480/463 382/505/487 375/481/464
f 375/481/464 382/505/487 376/506/488
f 375/481/464 376/506/488 369/482/465
f 369/482/465 376/506/488 370/507/489
f 369/482/465 370/507/489 363/483/466
f 363/483/466 370/507/489 364/508/490
f 363/483/466 364/508/490 357/484/467
f 357/484/467 364/508/490 358/509/491
f 357/484/467 358/509/491 345/485/468
f 345/485/468 358/509/491 346/510/492
f 345/485/468 346/510/492 352/486/469
f 352/486/469 346/510/492 351/511/493
f 352/486/469 351/511/493 477/487/470
f 477/487/470 351/511/493 478/512/494
f 477/487/470 478/512/494 471/488/471
f 471/488/471 478/512/494 472/513/495
f 471/488/471 472/513/495 465/489/472
f 465/489/472 472/513/495 466/514/496
f 465/489/472 466/514/496 459/490/473
f 459/490/473 466/514/496 460/515/497
f 459/490/473 460/515/497 453/491/474
f 453/491/474 460/515/497 454/516/498
f 453/491/474 454/516/498 447/492/475
f 447/492/475 454/516/498 448/517/499
f 447/492/475 448/517/499 441/493/476
f 441/493/476 448/517/499 442/518/500
f 441/493/476 442/518/500 435/494/477
f 435/494/477 442/518/500 436/519/501
f 435/494/477 436/519/501 429/495/478
f 429/495/478 436/519/501 430/520/502
f 429/495/478 430/520/502 423/496/479
f 423/496/479 430/520/502 424/521/503
f 423/496/479 424/521/503 417/497/480
f 417/497/480 424/521/503 418/522/504
f 417/497/480 418/522/504 339/498/457
f 339/498/457 418/522/504 340/523/481
f 340/499/481 341/524/505 412/500/482
f 412/500/482 341/524/505 413/525/506
f 412/500/482 413/525/506 406/501/483
f 406/501/483 413/525/506 407/526/507
f 406/501/483 407/526/507 400/502/484
f 400/502/484 407/526/507 401/527/508
f 400/502/484 401/527/508 394/503/485
f 394/503/485 401/527/508 395/528/509
f 394/503/485 395/528/509 388/504/486
f 388/504/486 395/528/509 389/529/510
f 388/504/486 389/529/510 382/505/487
f 382/505/487 389/529/510 383/530/511
f 382/505/487 383/530/511 376/506/488
f 376/506/488 383/530/511 377/531/512
f 376/506/488 377/531/512 370/507/489
f 370/507/489 377/531/512 371/532/513
f 370/507/489 371/532/513 364/508/490
f 364/508/490 371/532/513 365/533/514
f 364/508/490 365/533/514 358/509/491
f 358/509/491 365/533/514 359/534/515
f 358/509/491 359/534/515 346/510/492
f 346/510/492 359/534/515 347/535/516
f 346/510/492 347/535/516 351/511/493
f 351/511/493 347/535/516 350/536/517
f 351/511/493 350/536/517 478/512/494
f 478/512/494 350/536/517 479/537/518
f 478/512/494 479/537/518 472/513/495
f 472/513/495 479/537/518 473/538/519
f 472/513/495 473/538/519 466/514/496
f 466/514/496 473/538/519 467/539/520
f 466/514/496 467/539/520 460/515/497
f 460/515/497 467/539/520 461/540/521
f 460/515/497 461/540/521 454/516/498
f 454/516/498 461/540/521 455/541/522
f 454/516/498 455/541/522 448/517/499
f 448/517/499 455/541/522 449/542/523
f 448/517/499 449/542/523 442/518/500
f 442/518/500 449/542/523 443/543/524
f 442/518/500 443/543/524 436/519/501
f 436/519/501 443/543/524 437/544/525
f 436/519/501 437/544/525 430/520/502
f 430/520/502 437/544/525 431/545/526
f 430/520/502 431/545/526 424/521/503
f 424/521/503 431/545/526 425/546/527
f 424/521/503 425/546/527 418/522/504
f 418/522/504 425/546/527 419/547/528
f 418/522/504 419/547/528 340/523/481
f 340/523/481 419/547/528 341/548/505
f 341/524/505 342/426/412 413/525/506
f 413/525/506 342/426/412 414/424/410
f 413/525/506 414/424/410 407/526/507
f 407/526/507 414/424/410 408/422/408
f 407/526/507 408/422/408 401/527/508
f 401/527/508 408/422/408 402/420/406
f 401/527/508 402/420/406 395/528/509
f 395/528/509 402/420/406 396/418/404
f 395/528/509 396/418/404 389/529/510
f 389/529/510 396/418/404 390/416/402
f 389/529/510 390/416/402 383/530/511
f 383/530/511 390/416/402 384/414/400
f 383/530/511 384/414/400 377/531/512
f 377/531/512 384/414/400 378/412/398
f 377/531/512 378/412/398 371/532/513
f 371/532/513 378/412/398 372/410/396
f 371/532/513 372/410/396 365/533/514
f 365/533/514 372/410/396 366/408/394
f 365/533/514 366/408/394 359/534/515
f 359/534/515 366/408/394 360/406/392
f 359/534/515 360/406/392 347/535/516
f 347/535/516 360/406/392 348/404/390
f 347/535/516 348/404/390 350/536/517
f 350/536/517 348/404/390 349/402/388
f 350/536/517 349/402/388 479/537/518
f 479/537/518 349/402/388 480/400/386
f 479/537/518 480/400/386 473/538/519
f 473/538/519 480/400/386 474/448/432
f 473/538/519 474/448/432 467/539/520
f 467/539/520 474/448/432 468/446/430
f 467/539/520 468/446/430 461/540/521
f 461/540/521 468/446/430 462/444/428
f 461/540/521 462/444/428 455/541/522
f 455/541/522 462/444/428 456/442/426
f 455/541/522 456/442/426 449/542/523
f 449/542/523 456/442/426 450/440/424
f 449/542/523 450/440/424 443/543/524
f 443/543/524 450/440/424 444/438/422
f 443/543/524 444/438/422 437/544/525
f 437/544/525 444/438/422 438/436/420
f 437/544/525 438/436/420 431/545/526
f 431/545/526 438/436/420 432/434/418
f 431/545/526 432/434/418 425/546/527
f 425/546/527 432/434/418 426/432/416
f 425/546/527 426/432/416 419/547/528
f 419/547/528 426/432/416 420/430/414
f 419/547/528 420/430/414 341/548/505
f 341/548/505 420/430/414 342/428/412
f 312/549/529 302/550/530 289/551/531
f 289/551/531 302/550/530 301/552/532
f 289/551/531 301/552/532 290/553/533
f 290/553/533 301/552/532 300/554/534
f 290/553/533 300/554/534 291/555/535
f 291/555/535 300/554/534 299/556/536
f 291/555/535 299/556/536 292/557/537
f 292/557/537 299/556/536 298/558/538
f 292/557/537 298/558/538 293/559/539
f 293/559/539 298/558/538 297/560/540
f 293/559/539 297/560/540 294/561/541
f 294/561/541 297/560/540 296/562/542
f 294/561/541 296/562/542 295/563/543
f 302/550/530 312/549/529 303/564/544
f 303/564/544 312/549/529 311/565/545
f 303/564/544 311/565/545 304/566/546
f 304/566/546 311/565/545 310/567/547
f 304/566/546 310/567/547 305/568/548
f 305/568/548 310/567/547 309/569/549
f 305/568/548 309/569/549 306/570/550
f 306/570/550 309/569/549 308/571/551
f 306/570/550 308/571/551 307/572/552
f 336/573/553 326/574/554 313/575/555
f 313/575/555 326/574/554 325/576/556
f 313/575/555 325/576/556 314/577/557
f 314/577/557 325/576/556 324/578/558
f 314/577/557 324/578/558 315/579/559
f 315/579/559 324/578/558 323/580/560
f 315/579/559 323/580/560 316/581/561
f 316/581/561 323/580/560 322/582/562
f 316/581/561 322/582/562 317/583/563
f 317/583/563 322/582/562 321/584/564
f 317/583/563 321/584/564 318/585/565
f 318/585/565 321/584/564 320/586/566
f 318/585/565 320/586/566 319/587/567
f 326/574/554 336/573/553 327/588/568
f 327/588/568 336/573/553 335/589/569
f 327/588/568 335/589/569 328/590/570
f 328/590/570 335/589/569 334/591/571
f 328/590/570 334/591/571 329/592/572
f 329/592/572 334/591/571 333/593/573
f 329/592/572 333/593/573 330/594/574
f 330/594/574 333/593/573 332/595/575
f 330/594/574 332/595/575 331/596/576
g Brace_L

v -21.500000 -3.200000 75.000000
v -21.551111 -3.540467 74.813443
v -21.700962 -3.857732 74.639599
v -21.939340 -4.130173 74.490316
v -22.250000 -4.339225 74.375767
v -22.611771 -4.470640 74.303759
v -23.000000 -4.515464 74.279198
v -23.388229 -4.470640 74.303759
v -23.750000 -4.339225 74.375767
v -24.060660 -4.130173 74.490316
v -24.299038 -3.857732 74.639599
v -24.448889 -3.540467 74.813443
v -24.500000 -3.200000 75.000000
v -24.448889 -2.859533 75.186557
v -24.299038 -2.542268 75.360401
v -24.060660 -2.269827 75.509684
v -23.750000 -2.060775 75.624233
v -23.388229 -1.929360 75.696241
v -23.000000 -1.884536 75.720802
v -22.611771 -1.929360 75.696241
v -22.250000 -2.060775 75.624233
v -21.939340 -2.269827 75.509684
v -21.700962 -2.542268 75.360401
v -21.551111 -2.859533 75.186557
v -21.500000 36.800000 2.000000
v -21.551111 37.140467 2.186557
v -21.700962 37.457732 2.360401
v -21.939340 37.730173 2.509684
v -22.250000 37.939225 2.624233
v -22.611771 38.070640 2.696241
v -23.000000 38.115464 2.720802
v -23.388229 38.070640 2.696241
v -23.750000 37.939225 2.624233
v -24.060660 37.730173 2.509684
v -24.299038 37.457732 2.360401
v -24.448889 37.140467 2.186557
v -24.500000 36.800000 2.000000
v -24.448889 36.459533 1.813443
v -24.299038 36.142268 1.639599
v -24.060660 35.869827 1.490316
v -23.750000 35.660775 1.375767
v -23.388229 35.529360 1.303759
v -23.000000 35.484536 1.279198
v -22.611771 35.529360 1.303759
v -22.250000 35.660775 1.375767
v -21.939340 35.869827 1.490316
v -21.700962 36.142268 1.639599
v -21.551111 36.459533 1.813443
v -24.500000 0.800000 67.700000
v -24.500000 4.800000 60.400000
v -24.500000 8.800000 53.100000
v -24.500000 12.800000 45.800000
v -24.500000 16.800000 38.500000
v -24.500000 20.800000 31.200000
v -24.500000 24.800000 23.900000
v -24.500000 28.800000 16.600000
v -24.500000 32.800000 9.300000
v -21.551111 0.459533 67.513443
v -21.551111 4.459533 60.213443
v -21.551111 8.459533 52.913443
v -21.551111 12.459533 45.613443
v -21.551111 16.459533 38.313443
v -21.551111 20.459533 31.013443
v -21.551111 24.459533 23.713443
v -21.551111 28.459533 16.413443
v -21.551111 32.459533 9.113443
v -21.500000 32.800000 9.300000
v -21.500000 28.800000 16.600000
v -21.500000 24.800000 23.900000
v -21.500000 20.800000 31.200000
v -21.500000 16.800000 38.500000
v -21.500000 12.800000 45.800000
v -21.500000 8.800000 53.100000
v -21.500000 4.800000 60.400000
v -21.500000 0.800000 67.700000
v -21.700962 0.142268 67.339599
v -21.700962 4.142268 60.039599
v -21.700962 8.142268 52.739599
v -21.700962 12.142268 45.439599
v -21.700962 16.142268 38.139599
v -21.700962 20.142268 30.839599
v -21.700962 24.142268 23.539599
v -21.700962 28.142268 16.239599
v -21.700962 32.142268 8.939599
v -21.939340 -0.130173 67.190316
v -21.939340 3.869827 59.890316
v -21.939340 7.869827 52.590316
v -21.939340 11.869827 45.290316
v -21.939340 15.869827 37.990316
v -21.939340 19.869827 30.690316
v -21.939340 23.869827 23.390316
v -21.939340 27.869827 16.090316
v -21.939340 31.869827 8.790316
v -22.250000 -0.339225 67.075767
v -22.250000 3.660775 59.775767
v -22.250000 7.660775 52.475767
v -22.250000 11.660775 45.175767
v -22.250000 15.660775 37.875767
v -22.250000 19.660775 30.575767
v -22.250000 23.660775 23.275767
v -22.250000 27.660775 15.975767
v -22.250000 31.660775 8.675767
v -22.611771 -0.470640 67.003759
v -22.611771 3.529360 59.703759
v -22.611771 7.529360 52.403759
v -22.611771 11.529360 45.103759
v -22.611771 15.529360 37.803759
v -22.611771 19.529360 30.503759
v -22.611771 23.529360 23.203759
v -22.611771 27.529360 15.903759
v -22.611771 31.529360 8.603759
v -23.000000 -0.515464 66.979198
v -23.000000 3.484536 59.679198
v -23.000000 7.484536 52.379198
v -23.000000 11.484536 45.079198
v -23.000000 15.484536 37.779198
v -23.000000 19.484536 30.479198
v -23.000000 23.484536 23.179198
v -23.000000 27.484536 15.879198
v -23.000000 31.484536 8.579198
v -23.388229 -0.470640 67.003759
v -23.388229 3.529360 59.703759
v -23.388229 7.529360 52.403759
v -23.388229 11.529360 45.103759
v -23.388229 15.529360 37.803759
v -23.388229 19.529360 30.503759
v -23.388229 23.529360 23.203759
v -23.388229 27.529360 15.903759
v -23.388229 31.529360 8.603759
v -23.750000 -0.339225 67.075767
v -23.750000 3.660775 59.775767
v -23.750000 7.660775 52.475767
v -23.750000 11.660775 45.175767
v -23.750000 15.660775 37.875767
v -23.750000 19.660775 30.575767
v -23.750000 23.660775 23.275767
v -23.750000 27.660775 15.975767
v -23.750000 31.660775 8.675767
v -24.060660 -0.130173 67.190316
v -24.060660 3.869827 59.890316
v -24.060660 7.869827 52.590316
v -24.060660 11.869827 45.290316
v -24.060660 15.869827 37.990316
v -24.060660 19.869827 30.690316
v -24.060660 23.869827 23.390316
v -24.060660 27.869827 16.090316
v -24.060660 31.869827 8.790316
v -24.299038 0.142268 67.339599
v -24.299038 4.142268 60.039599
v -24.299038 8.142268 52.739599
v -24.299038 12.142268 45.439599
v -24.299038 16.142268 38.139599
v -24.299038 20.142268 30.839599
v -24.299038 24.142268 23.539599
v -24.299038 28.142268 16.239599
v -24.299038 32.142268 8.939599
v -24.448889 0.459533 67.513443
v -24.448889 4.459533 60.213443
v -24.448889 8.459533 52.913443
v -24.448889 12.459533 45.613443
v -24.448889 16.459533 38.313443
v -24.448889 20.459533 31.013443
v -24.448889 24.459533 23.713443
v -24.448889 28.459533 16.413443
v -24.448889 32.459533 9.113443
v -24.448889 1.140467 67.886557
v -24.448889 5.140467 60.586557
v -24.448889 9.140467 53.286557
v -24.448889 13.140467 45.986557
v -24.448889 17.140467 38.686557
v -24.448889 21.140467 31.386557
v -24.448889 25.140467 24.086557
v -24.448889 29.140467 16.786557
v -24.448889 33.140467 9.486557
v -24.299038 1.457732 68.060401
v -24.299038 5.457732 60.760401
v -24.299038 9.457732 53.460401
v -24.299038 13.457732 46.160401
v -24.299038 17.457732 38.860401
v -24.299038 21.457732 31.560401
v -24.299038 25.457732 24.260401
v -24.299038 29.457732 16.960401
v -24.299038 33.457732 9.660401
v -24.060660 1.730173 68.209684
v -24.060660 5.730173 60.909684
v -24.060660 9.730173 53.609684
v -24.060660 13.730173 46.309684
v -24.060660 17.730173 39.009684
v -24.060660 21.730173 31.709684
v -24.060660 25.730173 24.409684
v -24.060660 29.730173 17.109684
v -24.060660 33.730173 9.809684
v -23.750000 1.939225 68.324233
v -23.750000 5.939225 61.024233
v -23.750000 9.939225 53.724233
v -23.750000 13.939225 46.424233
v -23.750000 17.939225 39.124233
v -23.750000 21.939225 31.824233
v -23.750000 25.939225 24.524233
v -23.750000 29.939225 17.224233
v -23.750000 33.939225 9.924233
v -23.388229 2.070640 68.396241
v -23.388229 6.070640 61.096241
v -23.388229 10.070640 53.796241
v -23.388229 14.070640 46.496241
v -23.388229 18.070640 39.196241
v -23.388229 22.070640 31.896241
v -23.388229 26.070640 24.596241
v -23.388229 30.070640 17.296241
v -23.388229 34.070640 9.996241
v -23.000000 2.115464 68.420802
v -23.000000 6.115464 61.120802
v -23.000000 10.115464 53.820802
v -23.000000 14.115464 46.520802
v -23.000000 18.115464 39.220802
v -23.000000 22.115464 31.920802
v -23.000000 26.115464 24.620802
v -23.000000 30.115464 17.320802
v -23.000000 34.115464 10.020802
v -22.611771 2.070640 68.396241
v -22.611771 6.070640 61.096241
v -22.611771 10.070640 53.796241
v -22.611771 14.070640 46.496241
v -22.611771 18.070640 39.196241
v -22.611771 22.070640 31.896241
v -22.611771 26.070640 24.596241
v -22.611771 30.070640 17.296241
v -22.611771 34.070640 9.996241
v -22.250000 1.939225 68.324233
v -22.250000 5.939225 61.024233
v -22.250000 9.939225 53.724233
v -22.250000 13.939225 46.424233
v -22.250000 17.939225 39.124233
v -22.250000 21.939225 31.824233
v -22.250000 25.939225 24.524233
v -22.250000 29.939225 17.224233
v -22.250000 33.939225 9.924233
v -21.939340 1.730173 68.209684
v -21.939340 5.730173 60.909684
v -21.939340 9.730173 53.609684
v -21.939340 13.730173 46.309684
v -21.939340 17.730173 39.009684
v -21.939340 21.730173 31.709684
v -21.939340 25.730173 24.409684
v -21.939340 29.730173 17.109684
v -21.939340 33.730173 9.809684
v -21.700962 1.457732 68.060401
v -21.700962 5.457732 60.760401
v -21.700962 9.457732 53.460401
v -21.700962 13.457732 46.160401
v -21.700962 17.457732 38.860401
v -21.700962 21.457732 31.560401
v -21.700962 25.457732 24.260401
v -21.700962 29.457732 16.960401
v -21.700962 33.457732 9.660401
v -21.551111 1.140467 67.886557
v -21.551111 5.140467 60.586557
v -21.551111 9.140467 53.286557
v -21.551111 13.140467 45.986557
v -21.551111 17.140467 38.686557
v -21.551111 21.140467 31.386557
v -21.551111 25.140467 24.086557
v -21.551111 29.140467 16.786557
v -21.551111 33.140467 9.486557
vt 41.620308 0.392699 0.000000
vt 33.296246 0.392699 0.000000
vt 41.620308 0.000000 0.000000
vt 33.296246 0.000000 0.000000
vt 41.620308 -0.392699 0.000000
vt 33.296246 -0.392699 0.000000
vt 41.620308 -0.785398 0.000000
vt 33.296246 -0.785398 0.000000
vt 41.620308 -1.178097 0.000000
vt 33.296246 -1.178097 0.000000
vt 41.620308 -1.570796 0.000000
vt 33.296246 -1.570796 0.000000
vt 41.620308 -1.963495 0.000000
vt 33.296246 -1.963495 0.000000
vt 41.620308 -2.356194 0.000000
vt 33.296246 -2.356194 0.000000
vt 41.620308 -2.748894 0.000000
vt 33.296246 -2.748894 0.000000
vt 41.620308 -3.141593 0.000000
vt 33.296246 -3.141593 0.000000
vt 41.620308 -3.534292 0.000000
vt 33.296246 -3.534292 0.000000
vt 41.620308 -3.926991 0.000000
vt 33.296246 -3.926991 0.000000
vt 41.620308 -4.319690 0.000000
vt 33.296246 -4.319690 0.000000
vt 41.620308 -4.712389 0.000000
vt 33.296246 -4.712389 0.000000
vt 41.620308 4.712389 0.000000
vt 33.296246 4.712389 0.000000
vt 41.620308 4.319690 0.000000
vt 33.296246 4.319690 0.000000
vt 41.620308 3.926991 0.000000
vt 33.296246 3.926991 0.000000
vt 41.620308 3.534292 0.000000
vt 33.296246 3.534292 0.000000
vt 41.620308 3.141593 0.000000
vt 33.296246 3.141593 0.000000
vt 41.620308 2.748894 0.000000
vt 33.296246 2.748894 0.000000
vt 41.620308 2.356194 0.000000
vt 33.296246 2.356194 0.000000
vt 41.620308 1.963495 0.000000
vt 33.296246 1.963495 0.000000
vt 41.620308 1.570796 0.000000
vt 33.296246 1.570796 0.000000
vt 41.620308 1.178097 0.000000
vt 33.296246 1.178097 0.000000
vt 41.620308 0.785398 0.000000
vt 33.296246 0.785398 0.000000
vt -41.620308 -0.392699 0.000000
vt -33.296246 -0.392699 0.000000
vt -41.620308 0.000000 0.000000
vt -33.296246 0.000000 0.000000
vt -41.620308 0.392699 0.000000
vt -33.296246 0.392699 0.000000
vt -41.620308 0.785398 0.000000
vt -33.296246 0.785398 0.000000
vt -41.620308 1.178097 0.000000
vt -33.296246 1.178097 0.000000
vt -41.620308 1.570796 0.000000
vt -33.296246 1.570796 0.000000
vt -41.620308 1.963495 0.000000
vt -33.296246 1.963495 0.000000
vt -41.620308 2.356194 0.000000
vt -33.296246 2.356194 0.000000
vt -41.620308 2.748894 0.000000
vt -33.296246 2.748894 0.000000
vt -41.620308 3.141593 0.000000
vt -33.296246 3.141593 0.000000
vt -41.620308 3.534292 0.000000
vt -33.296246 3.534292 0.000000
vt -41.620308 3.926991 0.000000
vt -33.296246 3.926991 0.000000
vt -41.620308 4.319690 0.000000
vt -33.296246 4.319690 0.000000
vt -41.620308 4.712389 0.000000
vt -33.296246 4.712389 0.000000
vt -41.620308 -4.712389 0.000000
vt -33.296246 -4.712389 0.000000
vt -41.620308 -4.319690 0.000000
vt -33.296246 -4.319690 0.000000
vt -41.620308 -3.926991 0.000000
vt -33.296246 -3.926991 0.000000
vt -41.620308 -3.534292 0.000000
vt -33.296246 -3.534292 0.000000
vt -41.620308 -3.141593 0.000000
vt -33.296246 -3.141593 0.000000
vt -41.620308 -2.748894 0.000000
vt -33.296246 -2.748894 0.000000
vt -41.620308 -2.356194 0.000000
vt -33.296246 -2.356194 0.000000
vt -41.620308 -1.963495 0.000000
vt -33.296246 -1.963495 0.000000
vt -41.620308 -1.570796 0.000000
vt -33.296246 -1.570796 0.000000
vt -41.620308 -1.178097 0.000000
vt -33.296246 -1.178097 0.000000
vt -41.620308 -0.785398 0.000000
vt -33.296246 -0.785398 0.000000
vt 24.972185 4.712389 0.000000
vt 24.972185 4.319690 0.000000
vt 24.972185 3.926991 0.000000
vt 24.972185 3.534292 0.000000
vt 24.972185 3.141593 0.000000
vt 24.972185 2.748894 0.000000
vt 24.972185 2.356194 0.000000
vt 24.972185 1.963495 0.000000
vt 24.972185 1.570796 0.000000
vt 24.972185 1.178097 0.000000
vt 24.972185 0.785398 0.000000
vt 24.972185 0.392699 0.000000
vt 24.972185 0.000000 0.000000
vt 24.972185 -0.392699 0.000000
vt 24.972185 -0.785398 0.000000
vt 24.972185 -1.178097 0.000000
vt 24.972185 -1.570796 0.000000
vt 24.972185 -1.963495 0.000000
vt 24.972185 -2.356194 0.000000
vt 24.972185 -2.748894 0.000000
vt 24.972185 -3.141593 0.000000
vt 24.972185 -3.534292 0.000000
vt 24.972185 -3.926991 0.000000
vt 24.972185 -4.319690 0.000000
vt 24.972185 -4.712389 0.000000
vt 16.648123 4.712389 0.000000
vt 16.648123 4.319690 0.000000
vt 16.648123 3.926991 0.000000
vt 16.648123 3.534292 0.000000
vt 16.648123 3.141593 0.000000
vt 16.648123 2.748894 0.000000
vt 16.648123 2.356194 0.000000
vt 16.648123 1.963495 0.000000
vt 16.648123 1.570796 0.000000
vt 16.648123 1.178097 0.000000
vt 16.648123 0.785398 0.000000
vt 16.648123 0.392699 0.000000
vt 16.648123 0.000000 0.000000
vt 16.648123 -0.392699 0.000000
vt 16.648123 -0.785398 0.000000
vt 16.648123 -1.178097 0.000000
vt 16.648123 -1.570796 0.000000
vt 16.648123 -1.963495 0.000000
vt 16.648123 -2.356194 0.000000
vt 16.648123 -2.748894 0.000000
vt 16.648123 -3.141593 0.000000
vt 16.648123 -3.534292 0.000000
vt 16.648123 -3.926991 0.000000
vt 16.648123 -4.319690 0.000000
vt 16.648123 -4.712389 0.000000
vt 8.324062 4.712389 0.000000
vt 8.324062 4.319690 0.000000
vt 8.324062 3.926991 0.000000
vt 8.324062 3.534292 0.000000
vt 8.324062 3.141593 0.000000
vt 8.324062 2.748894 0.000000
vt 8.324062 2.356194 0.000000
vt 8.324062 1.963495 0.000000
vt 8.324062 1.570796 0.000000
vt 8.324062 1.178097 0.000000
vt 8.324062 0.785398 0.000000
vt 8.324062 0.392699 0.000000
vt 8.324062 0.000000 0.000000
vt 8.324062 -0.392699 0.000000
vt 8.324062 -0.785398 0.000000
vt 8.324062 -1.178097 0.000000
vt 8.324062 -1.570796 0.000000
vt 8.324062 -1.963495 0.000000
vt 8.324062 -2.356194 0.000000
vt 8.324062 -2.748894 0.000000
vt 8.324062 -3.141593 0.000000
vt 8.324062 -3.534292 0.000000
vt 8.324062 -3.926991 0.000000
vt 8.324062 -4.319690 0.000000
vt 8.324062 -4.712389 0.000000
vt 0.000000 4.712389 0.000000
vt 0.000000 4.319690 0.000000
vt 0.000000 3.926991 0.000000
vt 0.000000 3.534292 0.000000
vt 0.000000 3.141593 0.000000
vt 0.000000 2.748894 0.000000
vt 0.000000 2.356194 0.000000
vt 0.000000 1.963495 0.000000
vt 0.000000 1.570796 0.000000
vt 0.000000 1.178097 0.000000
vt 0.000000 0.785398 0.000000
vt 0.000000 0.392699 0.000000
vt 0.000000 0.000000 0.000000
vt 0.000000 -0.392699 0.000000
vt 0.000000 -0.785398 0.000000
vt 0.000000 -1.178097 0.000000
vt 0.000000 -1.570796 0.000000
vt 0.000000 -1.963495 0.000000
vt 0.000000 -2.356194 0.000000
vt 0.000000 -2.748894 0.000000
vt 0.000000 -3.141593 0.000000
vt 0.000000 -3.534292 0.000000
vt 0.000000 -3.926991 0.000000
vt 0.000000 -4.319690 0.000000
vt 0.000000 -4.712389 0.000000
vt -8.324062 4.712389 0.000000
vt -8.324062 4.319690 0.000000
vt -8.324062 3.926991 0.000000
vt -8.324062 3.534292 0.000000
vt -8.324062 3.141593 0.000000
vt -8.324062 2.748894 0.000000
vt -8.324062 2.356194 0.000000
vt -8.324062 1.963495 0.000000
vt -8.324062 1.570796 0.000000
vt -8.324062 1.178097 0.000000
vt -8.324062 0.785398 0.000000
vt -8.324062 0.392699 0.000000
vt -8.324062 0.000000 0.000000
vt -8.324062 -0.392699 0.000000
vt -8.324062 -0.785398 0.000000
vt -8.324062 -1.178097 0.000000
vt -8.324062 -1.570796 0.000000
vt -8.324062 -1.963495 0.000000
vt -8.324062 -2.356194 0.000000
vt -8.324062 -2.748894 0.000000
vt -8.324062 -3.141593 0.000000
vt -8.324062 -3.534292 0.000000
vt -8.324062 -3.926991 0.000000
vt -8.324062 -4.319690 0.000000
vt -8.324062 -4.712389 0.000000
vt -16.648123 4.712389 0.000000
vt -16.648123 4.319690 0.000000
vt -16.648123 3.926991 0.000000
vt -16.648123 3.534292 0.000000
vt -16.648123 3.141593 0.000000
vt -16.648123 2.748894 0.000000
vt -16.648123 2.356194 0.000000
vt -16.648123 1.963495 0.000000
vt -16.648123 1.570796 0.000000
vt -16.648123 1.178097 0.000000
vt -16.648123 0.785398 0.000000
vt -16.648123 0.392699 0.000000
vt -16.648123 0.000000 0.000000
vt -16.648123 -0.392699 0.000000
vt -16.648123 -0.785398 0.000000
vt -16.648123 -1.178097 0.000000
vt -16.648123 -1.570796 0.000000
vt -16.648123 -1.963495 0.000000
vt -16.648123 -2.356194 0.000000
vt -16.648123 -2.748894 0.000000
vt -16.648123 -3.141593 0.000000
vt -16.648123 -3.534292 0.000000
vt -16.648123 -3.926991 0.000000
vt -16.648123 -4.319690 0.000000
vt -16.648123 -4.712389 0.000000
vt -24.972185 4.712389 0.000000
vt -24.972185 4.319690 0.000000
vt -24.972185 3.926991 0.000000
vt -24.972185 3.534292 0.000000
vt -24.972185 3.141593 0.000000
vt -24.972185 2.748894 0.000000
vt -24.972185 2.356194 0.000000
vt -24.972185 1.963495 0.000000
vt -24.972185 1.570796 0.000000
vt -24.972185 1.178097 0.000000
vt -24.972185 0.785398 0.000000
vt -24.972185 0.392699 0.000000
vt -24.972185 0.000000 0.000000
vt -24.972185 -0.392699 0.000000
vt -24.972185 -0.785398 0.000000
vt -24.972185 -1.178097 0.000000
vt -24.972185 -1.570796 0.000000
vt -24.972185 -1.963495 0.000000
vt -24.972185 -2.356194 0.000000
vt -24.972185 -2.748894 0.000000
vt -24.972185 -3.141593 0.000000
vt -24.972185 -3.534292 0.000000
vt -24.972185 -3.926991 0.000000
vt -24.972185 -4.319690 0.000000
vt -24.972185 -4.712389 0.000000
vt -1.448889 -0.388229 0.000000
vt 1.448889 -0.388229 0.000000
vt -1.500000 0.000000 0.000000
vt 1.500000 -0.000000 0.000000
vt -1.448889 0.388229 0.000000
vt 1.448889 0.388229 0.000000
vt -1.299038 0.750000 0.000000
vt 1.299038 0.750000 0.000000
vt -1.060660 1.060660 0.000000
vt 1.060660 1.060660 0.000000
vt -0.750000 1.299038 0.000000
vt 0.750000 1.299038 0.000000
vt -0.388229 1.448889 0.000000
vt 0.388229 1.448889 0.000000
vt 0.000000 1.500000 0.000000
vt 1.299038 -0.750000 0.000000
vt -1.299038 -0.750000 0.000000
vt 1.060660 -1.060660 0.000000
vt -1.060660 -1.060660 0.000000
vt 0.750000 -1.299038 0.000000
vt -0.750000 -1.299038 0.000000
vt 0.388229 -1.448889 0.000000
vt -0.388229 -1.448889 0.000000
vt 0.000000 -1.500000 0.000000
vt 1.448889 0.388229 0.000000
vt -1.448889 0.388229 0.000000
vt 1.500000 0.000000 0.000000
vt -1.500000 -0.000000 0.000000
vt 1.448889 -0.388229 0.000000
vt -1.448889 -0.388229 0.000000
vt 1.299038 -0.750000 0.000000
vt -1.299038 -0.750000 0.000000
vt 1.060660 -1.060660 0.000000
vt -1.060660 -1.060660 0.000000
vt 0.750000 -1.299038 0.000000
vt -0.750000 -1.299038 0.000000
vt 0.388229 -1.448889 0.000000
vt -0.388229 -1.448889 0.000000
vt 0.000000 -1.500000 0.000000
vt -1.299038 0.750000 0.000000
vt 1.299038 0.750000 0.000000
vt -1.060660 1.060660 0.000000
vt 1.060660 1.060660 0.000000
vt -0.750000 1.299038 0.000000
vt 0.750000 1.299038 0.000000
vt -0.388229 1.448889 0.000000
vt 0.388229 1.448889 0.000000
vt 0.000000 1.500000 0.000000
vn 0.965926 -0.226978 -0.124372
vn 0.965926 -0.226978 -0.124372
vn 1.000000 -0.000000 0.000000
vn 1.000000 -0.000000 0.000000
vn 0.965926 0.226978 0.124372
vn 0.965926 0.226978 0.124372
vn 0.866025 0.438488 0.240267
vn 0.866025 0.438488 0.240267
vn 0.707107 0.620115 0.339789
vn 0.707107 0.620115 0.339789
vn 0.500000 0.759483 0.416155
vn 0.500000 0.759483 0.416155
vn 0.258819 0.847094 0.464161
vn 0.258819 0.847094 0.464161
vn 0.000000 0.876976 0.480535
vn 0.000000 0.876976 0.480535
vn -0.258819 0.847094 0.464161
vn -0.258819 0.847094 0.464161
vn -0.500000 0.759483 0.416155
vn -0.500000 0.759483 0.416155
vn -0.707107 0.620115 0.339789
vn -0.707107 0.620115 0.339789
vn -0.866025 0.438488 0.240267
vn -0.866025 0.438488 0.240267
vn -0.965926 0.226978 0.124372
vn -0.965926 0.226978 0.124372
vn -1.000000 0.000000 0.000000
vn -1.000000 0.000000 0.000000
vn -0.965926 -0.226978 -0.124372
vn -0.965926 -0.226978 -0.124372
vn -0.866025 -0.438488 -0.240267
vn -0.866025 -0.438488 -0.240267
vn -0.707107 -0.620115 -0.339789
vn -0.707107 -0.620115 -0.339789
vn -0.500000 -0.759483 -0.416155
vn -0.500000 -0.759483 -0.416155
vn -0.258819 -0.847094 -0.464161
vn -0.258819 -0.847094 -0.464161
vn 0.000000 -0.876976 -0.480535
vn 0.000000 -0.876976 -0.480535
vn 0.258819 -0.847094 -0.464161
vn 0.258819 -0.847094 -0.464161
vn 0.500000 -0.759483 -0.416155
vn 0.500000 -0.759483 -0.416155
vn 0.707107 -0.620115 -0.339789
vn 0.707107 -0.620115 -0.339789
vn 0.866025 -0.438488 -0.240267
vn 0.866025 -0.438488 -0.240267
vn 0.965926 0.226978 0.124372
vn 0.965926 0.226978 0.124372
vn 1.000000 -0.000000 0.000000
vn 1.000000 -0.000000 0.000000
vn 0.965926 -0.226978 -0.124372
vn 0.965926 -0.226978 -0.124372
vn 0.866025 -0.438488 -0.240267
vn 0.866025 -0.438488 -0.240267
vn 0.707107 -0.620115 -0.339789
vn 0.707107 -0.620115 -0.339789
vn 0.500000 -0.759483 -0.416155
vn 0.500000 -0.759483 -0.416155
vn 0.258819 -0.847094 -0.464161
vn 0.258819 -0.847094 -0.464161
vn 0.000000 -0.876976 -0.480535
vn 0.000000 -0.876976 -0.480535
vn -0.258819 -0.847094 -0.464161
vn -0.258819 -0.847094 -0.464161
vn -0.500000 -0.759483 -0.416155
vn -0.500000 -0.759483 -0.416155
vn -0.707107 -0.620115 -0.339789
vn -0.707107 -0.620115 -0.339789
vn -0.866025 -0.438488 -0.240267
vn -0.866025 -0.438488 -0.240267
vn -0.965926 -0.226978 -0.124372
vn -0.965926 -0.226978 -0.124372
vn -1.000000 -0.000000 -0.000000
vn -1.000000 -0.000000 -0.000000
vn -0.965926 0.226978 0.124372
vn -0.965926 0.226978 0.124372
vn -0.866025 0.438488 0.240267
vn -0.866025 0.438488 0.240267
vn -0.707107 0.620115 0.339789
vn -0.707107 0.620115 0.339789
vn -0.500000 0.759483 0.416155
vn -0.500000 0.759483 0.416155
vn -0.258819 0.847094 0.464161
vn -0.258819 0.847094 0.464161
vn 0.000000 0.876976 0.480535
vn 0.000000 0.876976 0.480535
vn 0.258819 0.847094 0.464161
vn 0.258819 0.847094 0.464161
vn 0.500000 0.759483 0.416155
vn 0.500000 0.759483 0.416155
vn 0.707107 0.620115 0.339789
vn 0.707107 0.620115 0.339789
vn 0.866025 0.438488 0.240267
vn 0.866025 0.438488 0.240267
vn -1.000000 -0.000000 -0.000000
vn -0.965926 -0.226978 -0.124372
vn -0.866025 -0.438488 -0.240267
vn -0.707107 -0.620115 -0.339789
vn -0.500000 -0.759483 -0.416155
vn -0.258819 -0.847094 -0.464161
vn 0.000000 -0.876976 -0.480535
vn 0.258819 -0.847094 -0.464161
vn 0.500000 -0.759483 -0.416155
vn 0.707107 -0.620115 -0.339789
vn 0.866025 -0.438488 -0.240267
vn 0.965926 -0.226978 -0.124372
vn 1.000000 -0.000000 0.000000
vn 0.965926 0.226978 0.124372
vn 0.866025 0.438488 0.240267
vn 0.707107 0.620115 0.339789
vn 0.500000 0.759483 0.416155
vn 0.258819 0.847094 0.464161
vn 0.000000 0.876976 0.480535
vn -0.258819 0.847094 0.464161
vn -0.500000 0.759483 0.416155
vn -0.707107 0.620115 0.339789
vn -0.866025 0.438488 0.240267
vn -0.965926 0.226978 0.124372
vn -1.000000 -0.000000 -0.000000
vn -0.965926 -0.226978 -0.124372
vn -0.866025 -0.438488 -0.240267
vn -0.707107 -0.620115 -0.339789
vn -0.500000 -0.759483 -0.416155
vn -0.258819 -0.847094 -0.464161
vn 0.000000 -0.876976 -0.480535
vn 0.258819 -0.847094 -0.464161
vn 0.500000 -0.759483 -0.416155
vn 0.707107 -0.620115 -0.339789
vn 0.866025 -0.438488 -0.240267
vn 0.965926 -0.226978 -0.124372
vn 1.000000 -0.000000 0.000000
vn 0.965926 0.226978 0.124372
vn 0.866025 0.438488 0.240267
vn 0.707107 0.620115 0.339789
vn 0.500000 0.759483 0.416155
vn 0.258819 0.847094 0.464161
vn 0.000000 0.876976 0.480535
vn -0.258819 0.847094 0.464161
vn -0.500000 0.759483 0.416155
vn -0.707107 0.620115 0.339789
vn -0.866025 0.438488 0.240267
vn -0.965926 0.226978 0.124372
vn -1.000000 -0.000000 -0.000000
vn -0.965926 -0.226978 -0.124372
vn -0.866025 -0.438488 -0.240267
vn -0.707107 -0.620115 -0.339789
vn -0.500000 -0.759483 -0.416155
vn -0.258819 -0.847094 -0.464161
vn 0.000000 -0.876976 -0.480535
vn 0.258819 -0.847094 -0.464161
vn 0.500000 -0.759483 -0.416155
vn 0.707107 -0.620115 -0.339789
vn 0.866025 -0.438488 -0.240267
vn 0.965926 -0.226978 -0.124372
vn 1.000000 -0.000000 0.000000
vn 0.965926 0.226978 0.124372
vn 0.866025 0.438488 0.240267
vn 0.707107 0.620115 0.339789
vn 0.500000 0.759483 0.416155
vn 0.258819 0.847094 0.464161
vn 0.000000 0.876976 0.480535
vn -0.258819 0.847094 0.464161
vn -0.500000 0.759483 0.416155
vn -0.707107 0.620115 0.339789
vn -0.866025 0.438488 0.240267
vn -0.965926 0.226978 0.124372
vn -1.000000 -0.000000 -0.000000
vn -0.965926 -0.226978 -0.124372
vn -0.866025 -0.438488 -0.240267
vn -0.707107 -0.620115 -0.339789
vn -0.500000 -0.759483 -0.416155
vn -0.258819 -0.847094 -0.464161
vn 0.000000 -0.876976 -0.480535
vn 0.258819 -0.847094 -0.464161
vn 0.500000 -0.759483 -0.416155
vn 0.707107 -0.620115 -0.339789
vn 0.866025 -0.438488 -0.240267
vn 0.965926 -0.226978 -0.124372
vn 1.000000 -0.000000 0.000000
vn 0.965926 0.226978 0.124372
vn 0.866025 0.438488 0.240267
vn 0.707107 0.620115 0.339789
vn 0.500000 0.759483 0.416155
vn 0.258819 0.847094 0.464161
vn 0.000000 0.876976 0.480535
vn -0.258819 0.847094 0.464161
vn -0.500000 0.759483 0.416155
vn -0.707107 0.620115 0.339789
vn -0.866025 0.438488 0.240267
vn -0.965926 0.226978 0.124372
vn -1.000000 -0.000000 -0.000000
vn -0.965926 -0.226978 -0.124372
vn -0.866025 -0.438488 -0.240267
vn -0.707107 -0.620115 -0.339789
vn -0.500000 -0.759483 -0.416155
vn -0.258819 -0.847094 -0.464161
vn 0.000000 -0.876976 -0.480535
vn 0.258819 -0.847094 -0.464161
vn 0.500000 -0.759483 -0.416155
vn 0.707107 -0.620115 -0.339789
vn 0.866025 -0.438488 -0.240267
vn 0.965926 -0.226978 -0.124372
vn 1.000000 -0.000000 0.000000
vn 0.965926 0.226978 0.124372
vn 0.866025 0.438488 0.240267
vn 0.707107 0.620115 0.339789
vn 0.500000 0.759483 0.416155
vn 0.258819 0.847094 0.464161
vn 0.000000 0.876976 0.480535
vn -0.258819 0.847094 0.464161
vn -0.500000 0.759483 0.416155
vn -0.707107 0.620115 0.339789
vn -0.866025 0.438488 0.240267
vn -0.965926 0.226978 0.124372
vn -1.000000 -0.000000 -0.000000
vn -0.965926 -0.226978 -0.124372
vn -0.866025 -0.438488 -0.240267
vn -0.707107 -0.620115 -0.339789
vn -0.500000 -0.759483 -0.416155
vn -0.258819 -0.847094 -0.464161
vn 0.000000 -0.876976 -0.480535
vn 0.258819 -0.847094 -0.464161
vn 0.500000 -0.759483 -0.416155
vn 0.707107 -0.620115 -0.339789
vn 0.866025 -0.438488 -0.240267
vn 0.965926 -0.226978 -0.124372
vn 1.000000 -0.000000 0.000000
vn 0.965926 0.226978 0.124372
vn 0.866025 0.438488 0.240267
vn 0.707107 0.620115 0.339789
vn 0.500000 0.759483 0.416155
vn 0.258819 0.847094 0.464161
vn 0.000000 0.876976 0.480535
vn -0.258819 0.847094 0.464161
vn -0.500000 0.759483 0.416155
vn -0.707107 0.620115 0.339789
vn -0.866025 0.438488 0.240267
vn -0.965926 0.226978 0.124372
vn -1.000000 -0.000000 -0.000000
vn -0.965926 -0.226978 -0.124372
vn -0.866025 -0.438488 -0.240267
vn -0.707107 -0.620115 -0.339789
vn -0.500000 -0.759483 -0.416155
vn -0.258819 -0.847094 -0.464161
vn 0.000000 -0.876976 -0.480535
vn 0.258819 -0.847094 -0.464161
vn 0.500000 -0.759483 -0.416155
vn 0.707107 -0.620115 -0.339789
vn 0.866025 -0.438488 -0.240267
vn 0.965926 -0.226978 -0.124372
vn 1.000000 -0.000000 0.000000
vn 0.965926 0.226978 0.124372
vn 0.866025 0.438488 0.240267
vn 0.707107 0.620115 0.339789
vn 0.500000 0.759483 0.416155
vn 0.258819 0.847094 0.464161
vn 0.000000 0.876976 0.480535
vn -0.258819 0.847094 0.464161
vn -0.500000 0.759483 0.416155
vn -0.707107 0.620115 0.339789
vn -0.866025 0.438488 0.240267
vn -0.965926 0.226978 0.124372
vn 0.000000 -0.480535 0.876976
vn 0.000000 -0.480535 0.876976
vn 0.000000 -0.480535 0.876976
vn 0.000000 -0.480535 0.876976
vn 0.000000 -0.480535 0.876976
vn 0.000000 -0.480535 0.876976
vn 0.000000 -0.480535 0.876976
vn 0.000000 -0.480535 0.876976
vn 0.000000 -0.480535 0.876976
vn 0.000000 -0.480535 0.876976
vn 0.000000 -0.480535 0.876976
vn 0.000000 -0.480535 0.876976
vn 0.000000 -0.480535 0.876976
vn 0.000000 -0.480535 0.876976
vn 0.000000 -0.480535 0.876976
vn 0.000000 -0.480535 0.876976
vn 0.000000 -0.480535 0.876976
vn 0.000000 -0.480535 0.876976
vn 0.000000 -0.480535 0.876976
vn 0.000000 -0.480535 0.876976
vn 0.000000 -0.480535 0.876976
vn 0.000000 -0.480535 0.876976
vn 0.000000 -0.480535 0.876976
vn 0.000000 -0.480535 0.876976
vn 0.000000 0.480535 -0.876976
vn 0.000000 0.480535 -0.876976
vn 0.000000 0.480535 -0.876976
vn 0.000000 0.480535 -0.876976
vn 0.000000 0.480535 -0.876976
vn 0.000000 0.480535 -0.876976
vn 0.000000 0.480535 -0.876976
vn 0.000000 0.480535 -0.876976
vn 0.000000 0.480535 -0.876976
vn 0.000000 0.480535 -0.876976
vn 0.000000 0.480535 -0.876976
vn 0.000000 0.480535 -0.876976
vn 0.000000 0.480535 -0.876976
vn 0.000000 0.480535 -0.876976
vn 0.000000 0.480535 -0.876976
vn 0.000000 0.480535 -0.876976
vn 0.000000 0.480535 -0.876976
vn 0.000000 0.480535 -0.876976
vn 0.000000 0.480535 -0.876976
vn 0.000000 0.480535 -0.876976
vn 0.000000 0.480535 -0.876976
vn 0.000000 0.480535 -0.876976
vn 0.000000 0.480535 -0.876976
vn 0.000000 0.480535 -0.876976
f 482/597/577 538/598/578 481/599/579
f 481/599/579 538/598/578 555/600/580
f 481/599/579 555/600/580 504/601/581
f 504/601/581 555/600/580 736/602/582
f 504/601/581 736/602/582 503/603/583
f 503/603/583 736/602/582 727/604/584
f 503/603/583 727/604/584 502/605/585
f 502/605/585 727/604/584 718/606/586
f 502/605/585 718/606/586 501/607/587
f 501/607/587 718/606/586 709/608/588
f 501/607/587 709/608/588 500/609/589
f 500/609/589 709/608/588 700/610/590
f 500/609/589 700/610/590 499/611/591
f 499/611/591 700/610/590 691/612/592
f 499/611/591 691/612/592 498/613/593
f 498/613/593 691/612/592 682/614/594
f 498/613/593 682/614/594 497/615/595
f 497/615/595 682/614/594 673/616/596
f 497/615/595 673/616/596 496/617/597
f 496/617/597 673/616/596 664/618/598
f 496/617/597 664/618/598 495/619/599
f 495/619/599 664/618/598 655/620/600
f 495/619/599 655/620/600 494/621/601
f 494/621/601 655/620/600 646/622/602
f 494/621/601 646/622/602 493/623/603
f 493/623/603 646/622/602 529/624/604
f 493/625/603 529/626/604 492/627/605
f 492/627/605 529/626/604 637/628/606
f 492/627/605 637/628/606 491/629/607
f 491/629/607 637/628/606 628/630/608
f 491/629/607 628/630/608 490/631/609
f 490/631/609 628/630/608 619/632/610
f 490/631/609 619/632/610 489/633/611
f 489/633/611 619/632/610 610/634/612
f 489/633/611 610/634/612 488/635/613
f 488/635/613 610/634/612 601/636/614
f 488/635/613 601/636/614 487/637/615
f 487/637/615 601/636/614 592/638/616
f 487/637/615 592/638/616 486/639/617
f 486/639/617 592/638/616 583/640/618
f 486/639/617 583/640/618 485/641/619
f 485/641/619 583/640/618 574/642/620
f 485/641/619 574/642/620 484/643/621
f 484/643/621 574/642/620 565/644/622
f 484/643/621 565/644/622 483/645/623
f 483/645/623 565/644/622 556/646/624
f 483/645/623 556/646/624 482/597/577
f 482/597/577 556/646/624 538/598/578
f 506/647/625 744/648/626 505/649/627
f 505/649/627 744/648/626 547/650/628
f 505/649/627 547/650/628 528/651/629
f 528/651/629 547/650/628 546/652/630
f 528/651/629 546/652/630 527/653/631
f 527/653/631 546/652/630 564/654/632
f 527/653/631 564/654/632 526/655/633
f 526/655/633 564/654/632 573/656/634
f 526/655/633 573/656/634 525/657/635
f 525/657/635 573/656/634 582/658/636
f 525/657/635 582/658/636 524/659/637
f 524/659/637 582/658/636 591/660/638
f 524/659/637 591/660/638 523/661/639
f 523/661/639 591/660/638 600/662/640
f 523/661/639 600/662/640 522/663/641
f 522/663/641 600/662/640 609/664/642
f 522/663/641 609/664/642 521/665/643
f 521/665/643 609/664/642 618/666/644
f 521/665/643 618/666/644 520/667/645
f 520/667/645 618/666/644 627/668/646
f 520/667/645 627/668/646 519/669/647
f 519/669/647 627/668/646 636/670/648
f 519/669/647 636/670/648 518/671/649
f 518/671/649 636/670/648 645/672/650
f 518/671/649 645/672/650 517/673/651
f 517/673/651 645/672/650 537/674/652
f 517/675/651 537/676/652 516/677/653
f 516/677/653 537/676/652 654/678/654
f 516/677/653 654/678/654 515/679/655
f 515/679/655 654/678/654 663/680/656
f 515/679/655 663/680/656 514/681/657
f 514/681/657 663/680/656 672/682/658
f 514/681/657 672/682/658 513/683/659
f 513/683/659 672/682/658 681/684/660
f 513/683/659 681/684/660 512/685/661
f 512/685/661 681/684/660 690/686/662
f 512/685/661 690/686/662 511/687/663
f 511/687/663 690/686/662 699/688/664
f 511/687/663 699/688/664 510/689/665
f 510/689/665 699/688/664 708/690/666
f 510/689/665 708/690/666 509/691/667
f 509/691/667 708/690/666 717/692/668
f 509/691/667 717/692/668 508/693/669
f 508/693/669 717/692/668 726/694/670
f 508/693/669 726/694/670 507/695/671
f 507/695/671 726/694/670 735/696/672
f 507/695/671 735/696/672 506/647/625
f 506/647/625 735/696/672 744/648/626
f 529/626/604 530/697/673 637/628/606
f 637/628/606 530/697/673 638/698/674
f 637/628/606 638/698/674 628/630/608
f 628/630/608 638/698/674 629/699/675
f 628/630/608 629/699/675 619/632/610
f 619/632/610 629/699/675 620/700/676
f 619/632/610 620/700/676 610/634/612
f 610/634/612 620/700/676 611/701/677
f 610/634/612 611/701/677 601/636/614
f 601/636/614 611/701/677 602/702/678
f 601/636/614 602/702/678 592/638/616
f 592/638/616 602/702/678 593/703/679
f 592/638/616 593/703/679 583/640/618
f 583/640/618 593/703/679 584/704/680
f 583/640/618 584/704/680 574/642/620
f 574/642/620 584/704/680 575/705/681
f 574/642/620 575/705/681 565/644/622
f 565/644/622 575/705/681 566/706/682
f 565/644/622 566/706/682 556/646/624
f 556/646/624 566/706/682 557/707/683
f 556/646/624 557/707/683 538/598/578
f 538/598/578 557/707/683 539/708/684
f 538/598/578 539/708/684 555/600/580
f 555/600/580 539/708/684 554/709/685
f 555/600/580 554/709/685 736/602/582
f 736/602/582 554/709/685 737/710/686
f 736/602/582 737/710/686 727/604/584
f 727/604/584 737/710/686 728/711/687
f 727/604/584 728/711/687 718/606/586
f 718/606/586 728/711/687 719/712/688
f 718/606/586 719/712/688 709/608/588
f 709/608/588 719/712/688 710/713/689
f 709/608/588 710/713/689 700/610/590
f 700/610/590 710/713/689 701/714/690
f 700/610/590 701/714/690 691/612/592
f 691/612/592 701/714/690 692/715/691
f 691/612/592 692/715/691 682/614/594
f 682/614/594 692/715/691 683/716/692
f 682/614/594 683/716/692 673/616/596
f 673/616/596 683/716/692 674/717/693
f 673/616/596 674/717/693 664/618/598
f 664/618/598 674/717/693 665/718/694
f 664/618/598 665/718/694 655/620/600
f 655/620/600 665/718/694 656/719/695
f 655/620/600 656/719/695 646/622/602
f 646/622/602 656/719/695 647/720/696
f 646/622/602 647/720/696 529/624/604
f 529/624/604 647/720/696 530/721/673
f 530/697/673 531/722/697 638/698/674
f 638/698/674 531/722/697 639/723/698
f 638/698/674 639/723/698 629/699/675
f 629/699/675 639/723/698 630/724/699
f 629/699/675 630/724/699 620/700/676
f 620/700/676 630/724/699 621/725/700
f 620/700/676 621/725/700 611/701/677
f 611/701/677 621/725/700 612/726/701
f 611/701/677 612/726/701 602/702/678
f 602/702/678 612/726/701 603/727/702
f 602/702/678 603/727/702 593/703/679
f 593/703/679 603/727/702 594/728/703
f 593/703/679 594/728/703 584/704/680
f 584/704/680 594/728/703 585/729/704
f 584/704/680 585/729/704 575/705/681
f 575/705/681 585/729/704 576/730/705
f 575/705/681 576/730/705 566/706/682
f 566/706/682 576/730/705 567/731/706
f 566/706/682 567/731/706 557/707/683
f 557/707/683 567/731/706 558/732/707
f 557/707/683 558/732/707 539/708/684
f 539/708/684 558/732/707 540/733/708
f 539/708/684 540/733/708 554/709/685
f 554/709/685 540/733/708 553/734/709
f 554/709/685 553/734/709 737/710/686
f 737/710/686 553/734/709 738/735/710
f 737/710/686 738/735/710 728/711/687
f 728/711/687 738/735/710 729/736/711
f 728/711/687 729/736/711 719/712/688
f 719/712/688 729/736/711 720/737/712
f 719/712/688 720/737/712 710/713/689
f 710/713/689 720/737/712 711/738/713
f 710/713/689 711/738/713 701/714/690
f 701/714/690 711/738/713 702/739/714
f 701/714/690 702/739/714 692/715/691
f 692/715/691 702/739/714 693/740/715
f 692/715/691 693/740/715 683/716/692
f 683/716/692 693/740/715 684/741/716
f 683/716/692 684/741/716 674/717/693
f 674/717/693 684/741/716 675/742/717
f 674/717/693 675/742/717 665/718/694
f 665/718/694 675/742/717 666/743/718
f 665/718/694 666/743/718 656/719/695
f 656/719/695 666/743/718 657/744/719
f 656/719/695 657/744/719 647/720/696
f 647/720/696 657/744/719 648/745/720
f 647/720/696 648/745/720 530/721/673
f 530/721/673 648/745/720 531/746/697
f 531/722/697 532/747/721 639/723/698
f 639/723/698 532/747/721 640/748/722
f 639/723/698 640/748/722 630/724/699
f 630/724/699 640/748/722 631/749/723
f 630/724/699 631/749/723 621/725/700
f 621/725/700 631/749/723 622/750/724
f 621/725/700 622/750/724 612/726/701
f 612/726/701 622/750/724 613/751/725
f 612/726/701 613/751/725 603/727/702
f 603/727/702 613/751/725 604/752/726
f 603/727/702 604/752/726 594/728/703
f 594/728/703 604/752/726 595/753/727
f 594/728/703 595/753/727 585/729/704
f 585/729/704 595/753/727 586/754/728
f 585/729/704 586/754/728 576/730/705
f 576/730/705 586/754/728 577/755/729
f 576/730/705 577/755/729 567/731/706
f 567/731/706 577/755/729 568/756/730
f 567/731/706 568/756/730 558/732/707
f 558/732/707 568/756/730 559/757/731
f 558/732/707 559/757/731 540/733/708
f 540/733/708 559/757/731 541/758/732
f 540/733/708 541/758/732 553/734/709
f 553/734/709 541/758/732 552/759/733
f 553/734/709 552/759/733 738/735/710
f 738/735/710 552/759/733 739/760/734
f 738/735/710 739/760/734 729/736/711
f 729/736/711 739/760/734 730/761/735
f 729/736/711 730/761/735 720/737/712
f 720/737/712 730/761/735 721/762/736
f 720/737/712 721/762/736 711/738/713
f 711/738/713 721/762/736 712/763/737
f 711/738/713 712/763/737 702/739/714
f 702/739/714 712/763/737 703/764/738
f 702/739/714 703/764/738 693/740/715
f 693/740/715 703/764/738 694/765/739
f 693/740/715 694/765/739 684/741/716
f 684/741/716 694/765/739 685/766/740
f 684/741/716 685/766/740 675/742/717
f 675/742/717 685/766/740 676/767/741
f 675/742/717 676/767/741 666/743/718
f 666/743/718 676/767/741 667/768/742
f 666/743/718 667/768/742 657/744/719
f 657/744/719 667/768/742 658/769/743
f 657/744/719 658/769/743 648/745/720
f 648/745/720 658/769/743 649/770/744
f 648/745/720 649/770/744 531/746/697
f 531/746/697 649/770/744 532/771/721
f 532/747/721 533/772/745 640/748/722
f 640/748/722 533/772/745 641/773/746
f 640/748/722 641/773/746 631/749/723
f 631/749/723 641/773/746 632/774/747
f 631/749/723 632/774/747 622/750/724
f 622/750/724 632/774/747 623/775/748
f 622/750/724 623/775/748 613/751/725
f 613/751/725 623/775/748 614/776/749
f 613/751/725 614/776/749 604/752/726
f 604/752/726 614/776/749 605/777/750
f 604/752/726 605/777/750 595/753/727
f 595/753/727 605/777/750 596/778/751
f 595/753/727 596/778/751 586/754/728
f 586/754/728 596/778/751 587/779/752
f 586/754/728 587/779/752 577/755/729
f 577/755/729 587/779/752 578/780/753
f 577/755/729 578/780/753 568/756/730
f 568/756/730 578/780/753 569/781/754
f 568/756/730 569/781/754 559/757/731
f 559/757/731 569/781/754 560/782/755
f 559/757/731 560/782/755 541/758/732
f 541/758/732 560/782/755 542/783/756
f 541/758/732 542/783/756 552/759/733
f 552/759/733 542/783/756 551/784/757
f 552/759/733 551/784/757 739/760/734
f 739/760/734 551/784/757 740/785/758
f 739/760/734 740/785/758 730/761/735
f 730/761/735 740/785/758 731/786/759
f 730/761/735 731/786/759 721/762/736
f 721/762/736 731/786/759 722/787/760
f 721/762/736 722/787/760 712/763/737
f 712/763/737 722/787/760 713/788/761
f 712/763/737 713/788/761 703/764/738
f 703/764/738 713/788/761 704/789/762
f 703/764/738 704/789/762 694/765/739
f 694/765/739 704/789/762 695/790/763
f 694/765/739 695/790/763 685/766/740
f 685/766/740 695/790/763 686/791/764
f 685/766/740 686/791/764 676/767/741
f 676/767/741 686/791/764 677/792/765
f 676/767/741 677/792/765 667/768/742
f 667/768/742 677/792/765 668/793/766
f 667/768/742 668/793/766 658/769/743
f 658/769/743 668/793/766 659/794/767
f 658/769/743 659/794/767 649/770/744
f 649/770/744 659/794/767 650/795/768
f 649/770/744 650/795/768 532/771/721
f 532/771/721 650/795/768 533/796/745
f 533/772/745 534/797/769 641/773/746
f 641/773/746 534/797/769 642/798/770
f 641/773/746 642/798/770 632/774/747
f 632/774/747 642/798/770 633/799/771
f 632/774/747 633/799/771 623/775/748
f 623/775/748 633/799/771 624/800/772
f 623/775/748 624/800/772 614/776/749
f 614/776/749 624/800/772 615/801/773
f 614/776/749 615/801/773 605/777/750
f 605/777/750 615/801/773 606/802/774
f 605/777/750 606/802/774 596/778/751
f 596/778/751 606/802/774 597/803/775
f 596/778/751 597/803/775 587/779/752
f 587/779/752 597/803/775 588/804/776
f 587/779/752 588/804/776 578/780/753
f 578/780/753 588/804/776 579/805/777
f 578/780/753 579/805/777 569/781/754
f 569/781/754 579/805/777 570/806/778
f 569/781/754 570/806/778 560/782/755
f 560/782/755 570/806/778 561/807/779
f 560/782/755 561/807/779 542/783/756
f 542/783/756 561/807/779 543/808/780
f 542/783/756 543/808/780 551/784/757
f 551/784/757 543/808/780 550/809/781
f 551/784/757 550/809/781 740/785/758
f 740/785/758 550/809/781 741/810/782
f 740/785/758 741/810/782 731/786/759
f 731/786/759 741/810/782 732/811/783
f 731/786/759 732/811/783 722/787/760
f 722/787/760 732/811/783 723/812/784
f 722/787/760 723/812/784 713/788/761
f 713/788/761 723/812/784 714/813/785
f 713/788/761 714/813/785 704/789/762
f 704/789/762 714/813/785 705/814/786
f 704/789/762 705/814/786 695/790/763
f 695/790/763 705/814/786 696/815/787
f 695/790/763 696/815/787 686/791/764
f 686/791/764 696/815/787 687/816/788
f 686/791/764 687/816/788 677/792/765
f 677/792/765 687/816/788 678/817/789
f 677/792/765 678/817/789 668/793/766
f 668/793/766 678/817/789 669/818/790
f 668/793/766 669/818/790 659/794/767
f 659/794/767 669/818/790 660/819/791
f 659/794/767 660/819/791 650/795/768
f 650/795/768 660/819/791 651/820/792
f 650/795/768 651/820/792 533/796/745
f 533/796/745 651/820/792 534/821/769
f 534/797/769 535/822/793 642/798/770
f 642/798/770 535/822/793 643/823/794
f 642/798/770 643/823/794 633/799/771
f 633/799/771 643/823/794 634/824/795
f 633/799/771 634/824/795 624/800/772
f 624/800/772 634/824/795 625/825/796
f 624/800/772 625/825/796 615/801/773
f 615/801/773 625/825/796 616/826/797
f 615/801/773 616/826/797 606/802/774
f 606/802/774 616/826/797 607/827/798
f 606/802/774 607/827/798 597/803/775
f 597/803/775 607/827/798 598/828/799
f 597/803/775 598/828/799 588/804/776
f 588/804/776 598/828/799 589/829/800
f 588/804/776 589/829/800 579/805/777
f 579/805/777 589/829/800 580/830/801
f 579/805/777 580/830/801 570/806/778
f 570/806/778 580/830/801 571/831/802
f 570/806/778 571/831/802 561/807/779
f 561/807/779 571/831/802 562/832/803
f 561/807/779 562/832/803 543/808/780
f 543/808/780 562/832/803 544/833/804
f 543/808/780 544/833/804 550/809/781
f 550/809/781 544/833/804 549/834/805
f 550/809/781 549/834/805 741/810/782
f 741/810/782 549/834/805 742/835/806
f 741/810/782 742/835/806 732/811/783
f 732/811/783 742/835/806 733/836/807
f 732/811/783 733/836/807 723/812/784
f 723/812/784 733/836/807 724/837/808
f 723/812/784 724/837/808 714/813/785
f 714/813/785 724/837/808 715/838/809
f 714/813/785 715/838/809 705/814/786
f 705/814/786 715/838/809 706/839/810
f 705/814/786 706/839/810 696/815/787
f 696/815/787 706/839/810 697/840/811
f 696/815/787 697/840/811 687/816/788
f 687/816/788 697/840/811 688/841/812
f 687/816/788 688/841/812 678/817/789
f 678/817/789 688/841/812 679/842/813
f 678/817/789 679/842/813 669/818/790
f 669/818/790 679/842/813 670/843/814
f 669/818/790 670/843/814 660/819/791
f 660/819/791 670/843/814 661/844/815
f 660/819/791 661/844/815 651/820/792
f 651/820/792 661/844/815 652/845/816
f 651/820/792 652/845/816 534/821/769
f 534/821/769 652/845/816 535/846/793
f 535/822/793 536/847/817 643/823/794
f 643/823/794 536/847/817 644/848/818
f 643/823/794 644/848/818 634/824/795
f 634/824/795 644/848/818 635/849/819
f 634/824/795 635/849/819 625/825/796
f 625/825/796 635/849/819 626/850/820
f 625/825/796 626/850/820 616/826/797
f 616/826/797 626/850/820 617/851/821
f 616/826/797 617/851/821 607/827/798
f 607/827/798 617/851/821 608/852/822
f 607/827/798 608/852/822 598/828/799
f 598/828/799 608/852/822 599/853/823
f 598/828/799 599/853/823 589/829/800
f 589/829/800 599/853/823 590/854/824
f 589/829/800 590/854/824 580/830/801
f 580/830/801 590/854/824 581/855/825
f 580/830/801 581/855/825 571/831/802
f 571/831/802 581/855/825 572/856/826
f 571/831/802 572/856/826 562/832/803
f 562/832/803 572/856/826 563/857/827
f 562/832/803 563/857/827 544/833/804
f 544/833/804 563/857/827 545/858/828
f 544/833/804 545/858/828 549/834/805
f 549/834/805 545/858/828 548/859/829
f 549/834/805 548/859/829 742/835/806
f 742/835/806 548/859/829 743/860/830
f 742/835/806 743/860/830 733/836/807
f 733/836/807 743/860/830 734/861/831
f 733/836/807 734/861/831 724/837/808
f 724/837/808 734/861/831 725/862/832
f 724/837/808 725/862/832 715/838/809
f 715/838/809 725/862/832 716/863/833
f 715/838/809 716/863/833 706/839/810
f 706/839/810 716/863/833 707/864/834
f 706/839/810 707/864/834 697/840/811
f 697/840/811 707/864/834 698/865/835
f 697/840/811 698/865/835 688/841/812
f 688/841/812 698/865/835 689/866/836
f 688/841/812 689/866/836 679/842/813
f 679/842/813 689/866/836 680/867/837
f 679/842/813 680/867/837 670/843/814
f 670/843/814 680/867/837 671/868/838
f 670/843/814 671/868/838 661/844/815
f 661/844/815 671/868/838 662/869/839
f 661/844/815 662/869/839 652/845/816
f 652/845/816 662/869/839 653/870/840
f 652/845/816 653/870/840 535/846/793
f 535/846/793 653/870/840 536/871/817
f 536/847/817 537/674/652 644/848/818
f 644/848/818 537/674/652 645/672/650
f 644/848/818 645/672/650 635/849/819
f 635/849/819 645/672/650 636/670/648
f 635/849/819 636/670/648 626/850/820
f 626/850/820 636/670/648 627/668/646
f 626/850/820 627/668/646 617/851/821
f 617/851/821 627/668/646 618/666/644
f 617/851/821 618/666/644 608/852/822
f 608/852/822 618/666/644 609/664/642
f 608/852/822 609/664/642 599/853/823
f 599/853/823 609/664/642 600/662/640
f 599/853/823 600/662/640 590/854/824
f 590/854/824 600/662/640 591/660/638
f 590/854/824 591/660/638 581/855/825
f 581/855/825 591/660/638 582/658/636
f 581/855/825 582/658/636 572/856/826
f 572/856/826 582/658/636 573/656/634
f 572/856/826 573/656/634 563/857/827
f 563/857/827 573/656/634 564/654/632
f 563/857/827 564/654/632 545/858/828
f 545/858/828 564/654/632 546/652/630
f 545/858/828 546/652/630 548/859/829
f 548/859/829 546/652/630 547/650/628
f 548/859/829 547/650/628 743/860/830
f 743/860/830 547/650/628 744/648/626
f 743/860/830 744/648/626 734/861/831
f 734/861/831 744/648/626 735/696/672
f 734/861/831 735/696/672 725/862/832
f 725/862/832 735/696/672 726/694/670
f 725/862/832 726/694/670 716/863/833
f 716/863/833 726/694/670 717/692/668
f 716/863/833 717/692/668 707/864/834
f 707/864/834 717/692/668 708/690/666
f 707/864/834 708/690/666 698/865/835
f 698/865/835 708/690/666 699/688/664
f 698/865/835 699/688/664 689/866/836
f 689/866/836 699/688/664 690/686/662
f 689/866/836 690/686/662 680/867/837
f 680/867/837 690/686/662 681/684/660
f 680/867/837 681/684/660 671/868/838
f 671/868/838 681/684/660 672/682/658
f 671/868/838 672/682/658 662/869/839
f 662/869/839 672/682/658 663/680/656
f 662/869/839 663/680/656 653/870/840
f 653/870/840 663/680/656 654/678/654
f 653/870/840 654/678/654 536/871/817
f 536/871/817 654/678/654 537/676/652
f 504/872/841 494/873/842 481/874/843
f 481/874/843 494/873/842 493/875/844
f 481/874/843 493/875/844 482/876/845
f 482/876/845 493/875/844 492/877/846
f 482/876/845 492/877/846 483/878/847
f 483/878/847 492/877/846 491/879/848
f 483/878/847 491/879/848 484/880/849
f 484/880/849 491/879/848 490/881/850
f 484/880/849 490/881/850 485/882/851
f 485/882/851 490/881/850 489/883/852
f 485/882/851 489/883/852 486/884/853
f 486/884/853 489/883/852 488/885/854
f 486/884/853 488/885/854 487/886/855
f 494/873/842 504/872/841 495/887/856
f 495/887/856 504/872/841 503/888/857
f 495/887/856 503/888/857 496/889/858
f 496/889/858 503/888/857 502/890/859
f 496/889/858 502/890/859 497/891/860
f 497/891/860 502/890/859 501/892/861
f 497/891/860 501/892/861 498/893/862
f 498/893/862 501/892/861 500/894/863
f 498/893/862 500/894/863 499/895/864
f 528/896/865 518/897/866 505/898/867
f 505/898/867 518/897/866 517/899/868
f 505/898/867 517/899/868 506/900/869
f 506/900/869 517/899/868 516/901/870
f 506/900/869 516/901/870 507/902/871
f 507/902/871 516/901/870 515/903/872
f 507/902/871 515/903/872 508/904/873
f 508/904/873 515/903/872 514/905/874
f 508/904/873 514/905/874 509/906/875
f 509/906/875 514/905/874 513/907/876
f 509/906/875 513/907/876 510/908/877
f 510/908/877 513/907/876 512/909/878
f 510/908/877 512/909/878 511/910/879
f 518/897/866 528/896/865 519/911/880
f 519/911/880 528/896/865 527/912/881
f 519/911/880 527/912/881 520/913/882
f 520/913/882 527/912/881 526/914/883
f 520/913/882 526/914/883 521/915/884
f 521/915/884 526/914/883 525/916/885
f 521/915/884 525/916/885 522/917/886
f 522/917/886 525/916/885 524/918/887
f 522/917/886 524/918/887 523/919/888
g Post_R

v 24.900000 -3.200000 2.000000
v 24.835259 -2.708244 2.000000
v 24.645448 -2.250000 2.000000
v 24.343503 -1.856497 2.000000
v 23.950000 -1.554552 2.000000
v 23.491756 -1.364741 2.000000
v 23.000000 -1.300000 2.000000
v 22.508244 -1.364741 2.000000
v 22.050000 -1.554552 2.000000
v 21.656497 -1.856497 2.000000
v 21.354552 -2.250000 2.000000
v 21.164741 -2.708244 2.000000
v 21.100000 -3.200000 2.000000
v 21.164741 -3.691756 2.000000
v 21.354552 -4.150000 2.000000
v 21.656497 -4.543503 2.000000
v 22.050000 -4.845448 2.000000
v 22.508244 -5.035259 2.000000
v 23.000000 -5.100000 2.000000
v 23.491756 -5.035259 2.000000
v 23.950000 -4.845448 2.000000
v 24.343503 -4.543503 2.000000
v 24.645448 -4.150000 2.000000
v 24.835259 -3.691756 2.000000
v 24.900000 -3.200000 113.000000
v 24.835259 -3.691756 113.000000
v 24.645448 -4.150000 113.000000
v 24.343503 -4.543503 113.000000
v 23.950000 -4.845448 113.000000
v 23.491756 -5.035259 113.000000
v 23.000000 -5.100000 113.000000
v 22.508244 -5.035259 113.000000
v 22.050000 -4.845448 113.000000
v 21.656497 -4.543503 113.000000
v 21.354552 -4.150000 113.000000
v 21.164741 -3.691756 113.000000
v 21.100000 -3.200000 113.000000
v 21.164741 -2.708244 113.000000
v 21.354552 -2.250000 113.000000
v 21.656497 -1.856497 113.000000
v 22.050000 -1.554552 113.000000
v 22.508244 -1.364741 113.000000
v 23.000000 -1.300000 113.000000
v 23.491756 -1.364741 113.000000
v 23.950000 -1.554552 113.000000
v 24.343503 -1.856497 113.000000
v 24.645448 -2.250000 113.000000
v 24.835259 -2.708244 113.000000
v 21.100000 -3.200000 12.090909
v 21.100000 -3.200000 22.181818
v 21.100000 -3.200000 32.272727
v 21.100000 -3.200000 42.363636
v 21.100000 -3.200000 52.454545
v 21.100000 -3.200000 62.545455
v 21.100000 -3.200000 72.636364
v 21.100000 -3.200000 82.727273
v 21.100000 -3.200000 92.818182
v 21.100000 -3.200000 102.909091
v 24.835259 -2.708244 12.090909
v 24.835259 -2.708244 22.181818
v 24.835259 -2.708244 32.272727
v 24.835259 -2.708244 42.363636
v 24.835259 -2.708244 52.454545
v 24.835259 -2.708244 62.545455
v 24.835259 -2.708244 72.636364
v 24.835259 -2.708244 82.727273
v 24.835259 -2.708244 92.818182
v 24.835259 -2.708244 102.909091
v 24.900000 -3.200000 102.909091
v 24.900000 -3.200000 92.818182
v 24.900000 -3.200000 82.727273
v 24.900000 -3.200000 72.636364
v 24.900000 -3.200000 62.545455
v 24.900000 -3.200000 52.454545
v 24.900000 -3.200000 42.363636
v 24.900000 -3.200000 32.272727
v 24.900000 -3.200000 22.181818
v 24.900000 -3.200000 12.090909
v 24.645448 -2.250000 12.090909
v 24.645448 -2.250000 22.181818
v 24.645448 -2.250000 32.272727
v 24.645448 -2.250000 42.363636
v 24.645448 -2.250000 52.454545
v 24.645448 -2.250000 62.545455
v 24.645448 -2.250000 72.636364
v 24.645448 -2.250000 82.727273
v 24.645448 -2.250000 92.818182
v 24.645448 -2.250000 102.909091
v 24.343503 -1.856497 12.090909
v 24.343503 -1.856497 22.181818
v 24.343503 -1.856497 32.272727
v 24.343503 -1.856497 42.363636
v 24.343503 -1.856497 52.454545
v 24.343503 -1.856497 62.545455
v 24.343503 -1.856497 72.636364
v 24.343503 -1.856497 82.727273
v 24.343503 -1.856497 92.818182
v 24.343503 -1.856497 102.909091
v 23.950000 -1.554552 12.090909
v 23.950000 -1.554552 22.181818
v 23.950000 -1.554552 32.272727
v 23.950000 -1.554552 42.363636
v 23.950000 -1.554552 52.454545
v 23.950000 -1.554552 62.545455
v 23.950000 -1.554552 72.636364
v 23.950000 -1.554552 82.727273
v 23.950000 -1.554552 92.818182
v 23.950000 -1.554552 102.909091
v 23.491756 -1.364741 12.090909
v 23.491756 -1.364741 22.181818
v 23.491756 -1.364741 32.272727
v 23.491756 -1.364741 42.363636
v 23.491756 -1.364741 52.454545
v 23.491756 -1.364741 62.545455
v 23.491756 -1.364741 72.636364
v 23.491756 -1.364741 82.727273
v 23.491756 -1.364741 92.818182
v 23.491756 -1.364741 102.909091
v 23.000000 -1.300000 12.090909
v 23.000000 -1.300000 22.181818
v 23.000000 -1.300000 32.272727
v 23.000000 -1.300000 42.363636
v 23.000000 -1.300000 52.454545
v 23.000000 -1.300000 62.545455
v 23.000000 -1.300000 72.636364
v 23.000000 -1.300000 82.727273
v 23.000000 -1.300000 92.818182
v 23.000000 -1.300000 102.909091
v 22.508244 -1.364741 12.090909
v 22.508244 -1.364741 22.181818
v 22.508244 -1.364741 32.272727
v 22.508244 -1.364741 42.363636
v 22.508244 -1.364741 52.454545
v 22.508244 -1.364741 62.545455
v 22.508244 -1.364741 72.636364
v 22.508244 -1.364741 82.727273
v 22.508244 -1.364741 92.818182
v 22.508244 -1.364741 102.909091
v 22.050000 -1.554552 12.090909
v 22.050000 -1.554552 22.181818
v 22.050000 -1.554552 32.272727
v 22.050000 -1.554552 42.363636
v 22.050000 -1.554552 52.454545
v 22.050000 -1.554552 62.545455
v 22.050000 -1.554552 72.636364
v 22.050000 -1.554552 82.727273
v 22.050000 -1.554552 92.818182
v 22.050000 -1.554552 102.909091
v 21.656497 -1.856497 12.090909
v 21.656497 -1.856497 22.181818
v 21.656497 -1.856497 32.272727
v 21.656497 -1.856497 42.363636
v 21.656497 -1.856497 52.454545
v 21.656497 -1.856497 62.545455
v 21.656497 -1.856497 72.636364
v 21.656497 -1.856497 82.727273
v 21.656497 -1.856497 92.818182
v 21.656497 -1.856497 102.909091
v 21.354552 -2.250000 12.090909
v 21.354552 -2.250000 22.181818
v 21.354552 -2.250000 32.272727
v 21.354552 -2.250000 42.363636
v 21.354552 -2.250000 52.454545
v 21.354552 -2.250000 62.545455
v 21.354552 -2.250000 72.636364
v 21.354552 -2.250000 82.727273
v 21.354552 -2.250000 92.818182
v 21.354552 -2.250000 102.909091
v 21.164741 -2.708244 12.090909
v 21.164741 -2.708244 22.181818
v 21.164741 -2.708244 32.272727
v 21.164741 -2.708244 42.363636
v 21.164741 -2.708244 52.454545
v 21.164741 -2.708244 62.545455
v 21.164741 -2.708244 72.636364
v 21.164741 -2.708244 82.727273
v 21.164741 -2.708244 92.818182
v 21.164741 -2.708244 102.909091
v 21.164741 -3.691756 12.090909
v 21.164741 -3.691756 22.181818
v 21.164741 -3.691756 32.272727
v 21.164741 -3.691756 42.363636
v 21.164741 -3.691756 52.454545
v 21.164741 -3.691756 62.545455
v 21.164741 -3.691756 72.636364
v 21.164741 -3.691756 82.727273
v 21.164741 -3.691756 92.818182
v 21.164741 -3.691756 102.909091
v 21.354552 -4.150000 12.090909
v 21.354552 -4.150000 22.181818
v 21.354552 -4.150000 32.272727
v 21.354552 -4.150000 42.363636
v 21.354552 -4.150000 52.454545
v 21.354552 -4.150000 62.545455
v 21.354552 -4.150000 72.636364
v 21.354552 -4.150000 82.727273
v 21.354552 -4.150000 92.818182
v 21.354552 -4.150000 102.909091
v 21.656497 -4.543503 12.090909
v 21.656497 -4.543503 22.181818
v 21.656497 -4.543503 32.272727
v 21.656497 -4.543503 42.363636
v 21.656497 -4.543503 52.454545
v 21.656497 -4.543503 62.545455
v 21.656497 -4.543503 72.636364
v 21.656497 -4.543503 82.727273
v 21.656497 -4.543503 92.818182
v 21.656497 -4.543503 102.909091
v 22.050000 -4.845448 12.090909
v 22.050000 -4.845448 22.181818
v 22.050000 -4.845448 32.272727
v 22.050000 -4.845448 42.363636
v 22.050000 -4.845448 52.454545
v 22.050000 -4.845448 62.545455
v 22.050000 -4.845448 72.636364
v 22.050000 -4.845448 82.727273
v 22.050000 -4.845448 92.818182
v 22.050000 -4.845448 102.909091
v 22.508244 -5.035259 12.090909
v 22.508244 -5.035259 22.181818
v 22.508244 -5.035259 32.272727
v 22.508244 -5.035259 42.363636
v 22.508244 -5.035259 52.454545
v 22.508244 -5.035259 62.545455
v 22.508244 -5.035259 72.636364
v 22.508244 -5.035259 82.727273
v 22.508244 -5.035259 92.818182
v 22.508244 -5.035259 102.909091
v 23.000000 -5.100000 12.090909
v 23.000000 -5.100000 22.181818
v 23.000000 -5.100000 32.272727
v 23.000000 -5.100000 42.363636
v 23.000000 -5.100000 52.454545
v 23.000000 -5.100000 62.545455
v 23.000000 -5.100000 72.636364
v 23.000000 -5.100000 82.727273
v 23.000000 -5.100000 92.818182
v 23.000000 -5.100000 102.909091
v 23.491756 -5.035259 12.090909
v 23.491756 -5.035259 22.181818
v 23.491756 -5.035259 32.272727
v 23.491756 -5.035259 42.363636
v 23.491756 -5.035259 52.454545
v 23.491756 -5.035259 62.545455
v 23.491756 -5.035259 72.636364
v 23.491756 -5.035259 82.727273
v 23.491756 -5.035259 92.818182
v 23.491756 -5.035259 102.909091
v 23.950000 -4.845448 12.090909
v 23.950000 -4.845448 22.181818
v 23.950000 -4.845448 32.272727
v 23.950000 -4.845448 42.363636
v 23.950000 -4.845448 52.454545
v 23.950000 -4.845448 62.545455
v 23.950000 -4.845448 72.636364
v 23.950000 -4.845448 82.727273
v 23.950000 -4.845448 92.818182
v 23.950000 -4.845448 102.909091
v 24.343503 -4.543503 12.090909
v 24.343503 -4.543503 22.181818
v 24.343503 -4.543503 32.272727
v 24.343503 -4.543503 42.363636
v 24.343503 -4.543503 52.454545
v 24.343503 -4.543503 62.545455
v 24.343503 -4.543503 72.636364
v 24.343503 -4.543503 82.727273
v 24.343503 -4.543503 92.818182
v 24.343503 -4.543503 102.909091
v 24.645448 -4.150000 12.090909
v 24.645448 -4.150000 22.181818
v 24.645448 -4.150000 32.272727
v 24.645448 -4.150000 42.363636
v 24.645448 -4.150000 52.454545
v 24.645448 -4.150000 62.545455
v 24.645448 -4.150000 72.636364
v 24.645448 -4.150000 82.727273
v 24.645448 -4.150000 92.818182
v 24.645448 -4.150000 102.909091
v 24.835259 -3.691756 12.090909
v 24.835259 -3.691756 22.181818
v 24.835259 -3.691756 32.272727
v 24.835259 -3.691756 42.363636
v 24.835259 -3.691756 52.454545
v 24.835259 -3.691756 62.545455
v 24.835259 -3.691756 72.636364
v 24.835259 -3.691756 82.727273
v 24.835259 -3.691756 92.818182
v 24.835259 -3.691756 102.909091
vt 55.500000 0.497419 0.000000
vt 45.409091 0.497419 0.000000
vt 55.500000 0.000000 0.000000
vt 45.409091 0.000000 0.000000
vt 55.500000 -0.497419 0.000000
vt 45.409091 -0.497419 0.000000
vt 55.500000 -0.994838 0.000000
vt 45.409091 -0.994838 0.000000
vt 55.500000 -1.492257 0.000000
vt 45.409091 -1.492257 0.000000
vt 55.500000 -1.989675 0.000000
vt 45.409091 -1.989675 0.000000
vt 55.500000 -2.487094 0.000000
vt 45.409091 -2.487094 0.000000
vt 55.500000 -2.984513 0.000000
vt 45.409091 -2.984513 0.000000
vt 55.500000 -3.481932 0.000000
vt 45.409091 -3.481932 0.000000
vt 55.500000 -3.979351 0.000000
vt 45.409091 -3.979351 0.000000
vt 55.500000 -4.476770 0.000000
vt 45.409091 -4.476770 0.000000
vt 55.500000 -4.974188 0.000000
vt 45.409091 -4.974188 0.000000
vt 55.500000 -5.471607 0.000000
vt 45.409091 -5.471607 0.000000
vt 55.500000 -5.969026 0.000000
vt 45.409091 -5.969026 0.000000
vt 55.500000 5.969026 0.000000
vt 45.409091 5.969026 0.000000
vt 55.500000 5.471607 0.000000
vt 45.409091 5.471607 0.000000
vt 55.500000 4.974188 0.000000
vt 45.409091 4.974188 0.000000
vt 55.500000 4.476770 0.000000
vt 45.409091 4.476770 0.000000
vt 55.500000 3.979351 0.000000
vt 45.409091 3.979351 0.000000
vt 55.500000 3.481932 0.000000
vt 45.409091 3.481932 0.000000
vt 55.500000 2.984513 0.000000
vt 45.409091 2.984513 0.000000
vt 55.500000 2.487094 0.000000
vt 45.409091 2.487094 0.000000
vt 55.500000 1.989675 0.000000
vt 45.409091 1.989675 0.000000
vt 55.500000 1.492257 0.000000
vt 45.409091 1.492257 0.000000
vt 55.500000 0.994838 0.000000
vt 45.409091 0.994838 0.000000
vt -55.500000 -0.497419 0.000000
vt -45.409091 -0.497419 0.000000
vt -55.500000 0.000000 0.000000
vt -45.409091 0.000000 0.000000
vt -55.500000 0.497419 0.000000
vt -45.409091 0.497419 0.000000
vt -55.500000 0.994838 0.000000
vt -45.409091 0.994838 0.000000
vt -55.500000 1.492257 0.000000
vt -45.409091 1.492257 0.000000
vt -55.500000 1.989675 0.000000
vt -45.409091 1.989675 0.000000
vt -55.500000 2.487094 0.000000
vt -45.409091 2.487094 0.000000
vt -55.500000 2.984513 0.000000
vt -45.409091 2.984513 0.000000
vt -55.500000 3.481932 0.000000
vt -45.409091 3.481932 0.000000
vt -55.500000 3.979351 0.000000
vt -45.409091 3.979351 0.000000
vt -55.500000 4.476770 0.000000
vt -45.409091 4.476770 0.000000
vt -55.500000 4.974188 0.000000
vt -45.409091 4.974188 0.000000
vt -55.500000 5.471607 0.000000
vt -45.409091 5.471607 0.000000
vt -55.500000 5.969026 0.000000
vt -45.409091 5.969026 0.000000
vt -55.500000 -5.969026 0.000000
vt -45.409091 -5.969026 0.000000
vt -55.500000 -5.471607 0.000000
vt -45.409091 -5.471607 0.000000
vt -55.500000 -4.974188 0.000000
vt -45.409091 -4.974188 0.000000
vt -55.500000 -4.476770 0.000000
vt -45.409091 -4.476770 0.000000
vt -55.500000 -3.979351 0.000000
vt -45.409091 -3.979351 0.000000
vt -55.500000 -3.481932 0.000000
vt -45.409091 -3.481932 0.000000
vt -55.500000 -2.984513 0.000000
vt -45.409091 -2.984513 0.000000
vt -55.500000 -2.487094 0.000000
vt -45.409091 -2.487094 0.000000
vt -55.500000 -1.989675 0.000000
vt -45.409091 -1.989675 0.000000
vt -55.500000 -1.492257 0.000000
vt -45.409091 -1.492257 0.000000
vt -55.500000 -0.994838 0.000000
vt -45.409091 -0.994838 0.000000
vt 35.318182 5.969026 0.000000
vt 35.318182 5.471607 0.000000
vt 35.318182 4.974188 0.000000
vt 35.318182 4.476770 0.000000
vt 35.318182 3.979351 0.000000
vt 35.318182 3.481932 0.000000
vt 35.318182 2.984513 0.000000
vt 35.318182 2.487094 0.000000
vt 35.318182 1.989675 0.000000
vt 35.318182 1.492257 0.000000
vt 35.318182 0.994838 0.000000
vt 35.318182 0.497419 0.000000
vt 35.318182 0.000000 0.000000
vt 35.318182 -0.497419 0.000000
vt 35.318182 -0.994838 0.000000
vt 35.318182 -1.492257 0.000000
vt 35.318182 -1.989675 0.000000
vt 35.318182 -2.487094 0.000000
vt 35.318182 -2.984513 0.000000
vt 35.318182 -3.481932 0.000000
vt 35.318182 -3.979351 0.000000
vt 35.318182 -4.476770 0.000000
vt 35.318182 -4.974188 0.000000
vt 35.318182 -5.471607 0.000000
vt 35.318182 -5.969026 0.000000
vt 25.227273 5.969026 0.000000
vt 25.227273 5.471607 0.000000
vt 25.227273 4.974188 0.000000
vt 25.227273 4.476770 0.000000
vt 25.227273 3.979351 0.000000
vt 25.227273 3.481932 0.000000
vt 25.227273 2.984513 0.000000
vt 25.227273 2.487094 0.000000
vt 25.227273 1.989675 0.000000
vt 25.227273 1.492257 0.000000
vt 25.227273 0.994838 0.000000
vt 25.227273 0.497419 0.000000
vt 25.227273 0.000000 0.000000
vt 25.227273 -0.497419 0.000000
vt 25.227273 -0.994838 0.000000
vt 25.227273 -1.492257 0.000000
vt 25.227273 -1.989675 0.000000
vt 25.227273 -2.487094 0.000000
vt 25.227273 -2.984513 0.000000
vt 25.227273 -3.481932 0.000000
vt 25.227273 -3.979351 0.000000
vt 25.227273 -4.476770 0.000000
vt 25.227273 -4.974188 0.000000
vt 25.227273 -5.471607 0.000000
vt 25.227273 -5.969026 0.000000
vt 15.136364 5.969026 0.000000
vt 15.136364 5.471607 0.000000
vt 15.136364 4.974188 0.000000
vt 15.136364 4.476770 0.000000
vt 15.136364 3.979351 0.000000
vt 15.136364 3.481932 0.000000
vt 15.136364 2.984513 0.000000
vt 15.136364 2.487094 0.000000
vt 15.136364 1.989675 0.000000
vt 15.136364 1.492257 0.000000
vt 15.136364 0.994838 0.000000
vt 15.136364 0.497419 0.000000
vt 15.136364 0.000000 0.000000
vt 15.136364 -0.497419 0.000000
vt 15.136364 -0.994838 0.000000
vt 15.136364 -1.492257 0.000000
vt 15.136364 -1.989675 0.000000
vt 15.136364 -2.487094 0.000000
vt 15.136364 -2.984513 0.000000
vt 15.136364 -3.481932 0.000000
vt 15.136364 -3.979351 0.000000
vt 15.136364 -4.476770 0.000000
vt 15.136364 -4.974188 0.000000
vt 15.136364 -5.471607 0.000000
vt 15.136364 -5.969026 0.000000
vt 5.045455 5.969026 0.000000
vt 5.045455 5.471607 0.000000
vt 5.045455 4.974188 0.000000
vt 5.045455 4.476770 0.000000
vt 5.045455 3.979351 0.000000
vt 5.045455 3.481932 0.000000
vt 5.045455 2.984513 0.000000
vt 5.045455 2.487094 0.000000
vt 5.045455 1.989675 0.000000
vt 5.045455 1.492257 0.000000
vt 5.045455 0.994838 0.000000
vt 5.045455 0.497419 0.000000
vt 5.045455 0.000000 0.000000
vt 5.045455 -0.497419 0.000000
vt 5.045455 -0.994838 0.000000
vt 5.045455 -1.492257 0.000000
vt 5.045455 -1.989675 0.000000
vt 5.045455 -2.487094 0.000000
vt 5.045455 -2.984513 0.000000
vt 5.045455 -3.481932 0.000000
vt 5.045455 -3.979351 0.000000
vt 5.045455 -4.476770 0.000000
vt 5.045455 -4.974188 0.000000
vt 5.045455 -5.471607 0.000000
vt 5.045455 -5.969026 0.000000
vt -5.045455 5.969026 0.000000
vt -5.045455 5.471607 0.000000
vt -5.045455 4.974188 0.000000
vt -5.045455 4.476770 0.000000
vt -5.045455 3.979351 0.000000
vt -5.045455 3.481932 0.000000
vt -5.045455 2.984513 0.000000
vt -5.045455 2.487094 0.000000
vt -5.045455 1.989675 0.000000
vt -5.045455 1.492257 0.000000
vt -5.045455 0.994838 0.000000
vt -5.045455 0.497419 0.000000
vt -5.045455 0.000000 0.000000
vt -5.045455 -0.497419 0.000000
vt -5.045455 -0.994838 0.000000
vt -5.045455 -1.492257 0.000000
vt -5.045455 -1.989675 0.000000
vt -5.045455 -2.487094 0.000000
vt -5.045455 -2.984513 0.000000
vt -5.045455 -3.481932 0.000000
vt -5.045455 -3.979351 0.000000
vt -5.045455 -4.476770 0.000000
vt -5.045455 -4.974188 0.000000
vt -5.045455 -5.471607 0.000000
vt -5.045455 -5.969026 0.000000
vt -15.136364 5.969026 0.000000
vt -15.136364 5.471607 0.000000
vt -15.136364 4.974188 0.000000
vt -15.136364 4.476770 0.000000
vt -15.136364 3.979351 0.000000
vt -15.136364 3.481932 0.000000
vt -15.136364 2.984513 0.000000
vt -15.136364 2.487094 0.000000
vt -15.136364 1.989675 0.000000
vt -15.136364 1.492257 0.000000
vt -15.136364 0.994838 0.000000
vt -15.136364 0.497419 0.000000
vt -15.136364 0.000000 0.000000
vt -15.136364 -0.497419 0.000000
vt -15.136364 -0.994838 0.000000
vt -15.136364 -1.492257 0.000000
vt -15.136364 -1.989675 0.000000
vt -15.136364 -2.487094 0.000000
vt -15.136364 -2.984513 0.000000
vt -15.136364 -3.481932 0.000000
vt -15.136364 -3.979351 0.000000
vt -15.136364 -4.476770 0.000000
vt -15.136364 -4.974188 0.000000
vt -15.136364 -5.471607 0.000000
vt -15.136364 -5.969026 0.000000
vt -25.227273 5.969026 0.000000
vt -25.227273 5.471607 0.000000
vt -25.227273 4.974188 0.000000
vt -25.227273 4.476770 0.000000
vt -25.227273 3.979351 0.000000
vt -25.227273 3.481932 0.000000
vt -25.227273 2.984513 0.000000
vt -25.227273 2.487094 0.000000
vt -25.227273 1.989675 0.000000
vt -25.227273 1.492257 0.000000
vt -25.227273 0.994838 0.000000
vt -25.227273 0.497419 0.000000
vt -25.227273 0.000000 0.000000
vt -25.227273 -0.497419 0.000000
vt -25.227273 -0.994838 0.000000
vt -25.227273 -1.492257 0.000000
vt -25.227273 -1.989675 0.000000
vt -25.227273 -2.487094 0.000000
vt -25.227273 -2.984513 0.000000
vt -25.227273 -3.481932 0.000000
vt -25.227273 -3.979351 0.000000
vt -25.227273 -4.476770 0.000000
vt -25.227273 -4.974188 0.000000
vt -25.227273 -5.471607 0.000000
vt -25.227273 -5.969026 0.000000
vt -35.318182 5.969026 0.000000
vt -35.318182 5.471607 0.000000
vt -35.318182 4.974188 0.000000
vt -35.318182 4.476770 0.000000
vt -35.318182 3.979351 0.000000
vt -35.318182 3.481932 0.000000
vt -35.318182 2.984513 0.000000
vt -35.318182 2.487094 0.000000
vt -35.318182 1.989675 0.000000
vt -35.318182 1.492257 0.000000
vt -35.318182 0.994838 0.000000
vt -35.318182 0.497419 0.000000
vt -35.318182 0.000000 0.000000
vt -35.318182 -0.497419 0.000000
vt -35.318182 -0.994838 0.000000
vt -35.318182 -1.492257 0.000000
vt -35.318182 -1.989675 0.000000
vt -35.318182 -2.487094 0.000000
vt -35.318182 -2.984513 0.000000
vt -35.318182 -3.481932 0.000000
vt -35.318182 -3.979351 0.000000
vt -35.318182 -4.476770 0.000000
vt -35.318182 -4.974188 0.000000
vt -35.318182 -5.471607 0.000000
vt -35.318182 -5.969026 0.000000
vt -1.835259 -0.491756 0.000000
vt 1.835259 -0.491756 0.000000
vt -1.900000 0.000000 0.000000
vt 1.900000 -0.000000 0.000000
vt -1.835259 0.491756 0.000000
vt 1.835259 0.491756 0.000000
vt -1.645448 0.950000 0.000000
vt 1.645448 0.950000 0.000000
vt -1.343503 1.343503 0.000000
vt 1.343503 1.343503 0.000000
vt -0.950000 1.645448 0.000000
vt 0.950000 1.645448 0.000000
vt -0.491756 1.835259 0.000000
vt 0.491756 1.835259 0.000000
vt 0.000000 1.900000 0.000000
vt 1.645448 -0.950000 0.000000
vt -1.645448 -0.950000 0.000000
vt 1.343503 -1.343503 0.000000
vt -1.343503 -1.343503 0.000000
vt 0.950000 -1.645448 0.000000
vt -0.950000 -1.645448 0.000000
vt 0.491756 -1.835259 0.000000
vt -0.491756 -1.835259 0.000000
vt 0.000000 -1.900000 0.000000
vt 1.835259 0.491756 0.000000
vt -1.835259 0.491756 0.000000
vt 1.900000 0.000000 0.000000
vt -1.900000 0.000000 0.000000
vt 1.835259 -0.491756 0.000000
vt -1.835259 -0.491756 0.000000
vt 1.645448 -0.950000 0.000000
vt -1.645448 -0.950000 0.000000
vt 1.343503 -1.343503 0.000000
vt -1.343503 -1.343503 0.000000
vt 0.950000 -1.645448 0.000000
vt -0.950000 -1.645448 0.000000
vt 0.491756 -1.835259 0.000000
vt -0.491756 -1.835259 0.000000
vt 0.000000 -1.900000 0.000000
vt -1.645448 0.950000 0.000000
vt 1.645448 0.950000 0.000000
vt -1.343503 1.343503 0.000000
vt 1.343503 1.343503 0.000000
vt -0.950000 1.645448 0.000000
vt 0.950000 1.645448 0.000000
vt -0.491756 1.835259 0.000000
vt 0.491756 1.835259 0.000000
vt 0.000000 1.900000 0.000000
vn 0.965926 0.258819 -0.000000
vn 0.965926 0.258819 -0.000000
vn 1.000000 -0.000000 -0.000000
vn 1.000000 -0.000000 -0.000000
vn 0.965926 -0.258819 -0.000000
vn 0.965926 -0.258819 -0.000000
vn 0.866025 -0.500000 -0.000000
vn 0.866025 -0.500000 -0.000000
vn 0.707107 -0.707107 -0.000000
vn 0.707107 -0.707107 -0.000000
vn 0.500000 -0.866025 -0.000000
vn 0.500000 -0.866025 -0.000000
vn 0.258819 -0.965926 -0.000000
vn 0.258819 -0.965926 -0.000000
vn 0.000000 -1.000000 -0.000000
vn 0.000000 -1.000000 -0.000000
vn -0.258819 -0.965926 0.000000
vn -0.258819 -0.965926 0.000000
vn -0.500000 -0.866025 0.000000
vn -0.500000 -0.866025 0.000000
vn -0.707107 -0.707107 0.000000
vn -0.707107 -0.707107 0.000000
vn -0.866025 -0.500000 0.000000
vn -0.866025 -0.500000 0.000000
vn -0.965926 -0.258819 0.000000
vn -0.965926 -0.258819 0.000000
vn -1.000000 -0.000000 0.000000
vn -1.000000 -0.000000 0.000000
vn -0.965926 0.258819 -0.000000
vn -0.965926 0.258819 -0.000000
vn -0.866025 0.500000 -0.000000
vn -0.866025 0.500000 -0.000000
vn -0.707107 0.707107 -0.000000
vn -0.707107 0.707107 -0.000000
vn -0.500000 0.866025 -0.000000
vn -0.500000 0.866025 -0.000000
vn -0.258819 0.965926 -0.000000
vn -0.258819 0.965926 -0.000000
vn 0.000000 1.000000 -0.000000
vn 0.000000 1.000000 -0.000000
vn 0.258819 0.965926 -0.000000
vn 0.258819 0.965926 -0.000000
vn 0.500000 0.866025 -0.000000
vn 0.500000 0.866025 -0.000000
vn 0.707107 0.707107 -0.000000
vn 0.707107 0.707107 -0.000000
vn 0.866025 0.500000 -0.000000
vn 0.866025 0.500000 -0.000000
vn 0.965926 -0.258819 -0.000000
vn 0.965926 -0.258819 -0.000000
vn 1.000000 -0.000000 -0.000000
vn 1.000000 -0.000000 -0.000000
vn 0.965926 0.258819 -0.000000
vn 0.965926 0.258819 -0.000000
vn 0.866025 0.500000 -0.000000
vn 0.866025 0.500000 -0.000000
vn 0.707107 0.707107 -0.000000
vn 0.707107 0.707107 -0.000000
vn 0.500000 0.866025 -0.000000
vn 0.500000 0.866025 -0.000000
vn 0.258819 0.965926 -0.000000
vn 0.258819 0.965926 -0.000000
vn 0.000000 1.000000 -0.000000
vn 0.000000 1.000000 -0.000000
vn -0.258819 0.965926 -0.000000
vn -0.258819 0.965926 -0.000000
vn -0.500000 0.866025 -0.000000
vn -0.500000 0.866025 -0.000000
vn -0.707107 0.707107 -0.000000
vn -0.707107 0.707107 -0.000000
vn -0.866025 0.500000 -0.000000
vn -0.866025 0.500000 -0.000000
vn -0.965926 0.258819 -0.000000
vn -0.965926 0.258819 -0.000000
vn -1.000000 0.000000 -0.000000
vn -1.000000 0.000000 -0.000000
vn -0.965926 -0.258819 0.000000
vn -0.965926 -0.258819 0.000000
vn -0.866025 -0.500000 0.000000
vn -0.866025 -0.500000 0.000000
vn -0.707107 -0.707107 0.000000
vn -0.707107 -0.707107 0.000000
vn -0.500000 -0.866025 0.000000
vn -0.500000 -0.866025 0.000000
vn -0.258819 -0.965926 0.000000
vn -0.258819 -0.965926 0.000000
vn 0.000000 -1.000000 -0.000000
vn 0.000000 -1.000000 -0.000000
vn 0.258819 -0.965926 -0.000000
vn 0.258819 -0.965926 -0.000000
vn 0.500000 -0.866025 -0.000000
vn 0.500000 -0.866025 -0.000000
vn 0.707107 -0.707107 -0.000000
vn 0.707107 -0.707107 -0.000000
vn 0.866025 -0.500000 -0.000000
vn 0.866025 -0.500000 -0.000000
vn -1.000000 0.000000 -0.000000
vn -0.965926 0.258819 -0.000000
vn -0.866025 0.500000 -0.000000
vn -0.707107 0.707107 -0.000000
vn -0.500000 0.866025 -0.000000
vn -0.258819 0.965926 -0.000000
vn 0.000000 1.000000 -0.000000
vn 0.258819 0.965926 -0.000000
vn 0.500000 0.866025 -0.000000
vn 0.707107 0.707107 -0.000000
vn 0.866025 0.500000 -0.000000
vn 0.965926 0.258819 -0.000000
vn 1.000000 -0.000000 -0.000000
vn 0.965926 -0.258819 -0.000000
vn 0.866025 -0.500000 -0.000000
vn 0.707107 -0.707107 -0.000000
vn 0.500000 -0.866025 -0.000000
vn 0.258819 -0.965926 -0.000000
vn 0.000000 -1.000000 -0.000000
vn -0.258819 -0.965926 0.000000
vn -0.500000 -0.866025 0.000000
vn -0.707107 -0.707107 0.000000
vn -0.866025 -0.500000 0.000000
vn -0.965926 -0.258819 0.000000
vn -1.000000 0.000000 -0.000000
vn -0.965926 0.258819 -0.000000
vn -0.866025 0.500000 -0.000000
vn -0.707107 0.707107 -0.000000
vn -0.500000 0.866025 -0.000000
vn -0.258819 0.965926 -0.000000
vn 0.000000 1.000000 -0.000000
vn 0.258819 0.965926 -0.000000
vn 0.500000 0.866025 -0.000000
vn 0.707107 0.707107 -0.000000
vn 0.866025 0.500000 -0.000000
vn 0.965926 0.258819 -0.000000
vn 1.000000 -0.000000 -0.000000
vn 0.965926 -0.258819 -0.000000
vn 0.866025 -0.500000 -0.000000
vn 0.707107 -0.707107 -0.000000
vn 0.500000 -0.866025 -0.000000
vn 0.258819 -0.965926 -0.000000
vn 0.000000 -1.000000 -0.000000
vn -0.258819 -0.965926 0.000000
vn -0.500000 -0.866025 0.000000
vn -0.707107 -0.707107 0.000000
vn -0.866025 -0.500000 0.000000
vn -0.965926 -0.258819 0.000000
vn -1.000000 0.000000 -0.000000
vn -0.965926 0.258819 -0.000000
vn -0.866025 0.500000 -0.000000
vn -0.707107 0.707107 -0.000000
vn -0.500000 0.866025 -0.000000
vn -0.258819 0.965926 -0.000000
vn 0.000000 1.000000 -0.000000
vn 0.258819 0.965926 -0.000000
vn 0.500000 0.866025 -0.000000
vn 0.707107 0.707107 -0.000000
vn 0.866025 0.500000 -0.000000
vn 0.965926 0.258819 -0.000000
vn 1.000000 -0.000000 -0.000000
vn 0.965926 -0.258819 -0.000000
vn 0.866025 -0.500000 -0.000000
vn 0.707107 -0.707107 -0.000000
vn 0.500000 -0.866025 -0.000000
vn 0.258819 -0.965926 -0.000000
vn 0.000000 -1.000000 -0.000000
vn -0.258819 -0.965926 0.000000
vn -0.500000 -0.866025 0.000000
vn -0.707107 -0.707107 0.000000
vn -0.866025 -0.500000 0.000000
vn -0.965926 -0.258819 0.000000
vn -1.000000 0.000000 -0.000000
vn -0.965926 0.258819 -0.000000
vn -0.866025 0.500000 -0.000000
vn -0.707107 0.707107 -0.000000
vn -0.500000 0.866025 -0.000000
vn -0.258819 0.965926 -0.000000
vn 0.000000 1.000000 -0.000000
vn 0.258819 0.965926 -0.000000
vn 0.500000 0.866025 -0.000000
vn 0.707107 0.707107 -0.000000
vn 0.866025 0.500000 -0.000000
vn 0.965926 0.258819 -0.000000
vn 1.000000 -0.000000 -0.000000
vn 0.965926 -0.258819 -0.000000
vn 0.866025 -0.500000 -0.000000
vn 0.707107 -0.707107 -0.000000
vn 0.500000 -0.866025 -0.000000
vn 0.258819 -0.965926 -0.000000
vn 0.000000 -1.000000 -0.000000
vn -0.258819 -0.965926 0.000000
vn -0.500000 -0.866025 0.000000
vn -0.707107 -0.707107 0.000000
vn -0.866025 -0.500000 0.000000
vn -0.965926 -0.258819 0.000000
vn -1.000000 0.000000 -0.000000
vn -0.965926 0.258819 -0.000000
vn -0.866025 0.500000 -0.000000
vn -0.707107 0.707107 -0.000000
vn -0.500000 0.866025 -0.000000
vn -0.258819 0.965926 -0.000000
vn 0.000000 1.000000 -0.000000
vn 0.258819 0.965926 -0.000000
vn 0.500000 0.866025 -0.000000
vn 0.707107 0.707107 -0.000000
vn 0.866025 0.500000 -0.000000
vn 0.965926 0.258819 -0.000000
vn 1.000000 -0.000000 -0.000000
vn 0.965926 -0.258819 -0.000000
vn 0.866025 -0.500000 -0.000000
vn 0.707107 -0.707107 -0.000000
vn 0.500000 -0.866025 -0.000000
vn 0.258819 -0.965926 -0.000000
vn 0.000000 -1.000000 -0.000000
vn -0.258819 -0.965926 0.000000
vn -0.500000 -0.866025 0.000000
vn -0.707107 -0.707107 0.000000
vn -0.866025 -0.500000 0.000000
vn -0.965926 -0.258819 0.000000
vn -1.000000 0.000000 -0.000000
vn -0.965926 0.258819 -0.000000
vn -0.866025 0.500000 -0.000000
vn -0.707107 0.707107 -0.000000
vn -0.500000 0.866025 -0.000000
vn -0.258819 0.965926 -0.000000
vn 0.000000 1.000000 -0.000000
vn 0.258819 0.965926 -0.000000
vn 0.500000 0.866025 -0.000000
vn 0.707107 0.707107 -0.000000
vn 0.866025 0.500000 -0.000000
vn 0.965926 0.258819 -0.000000
vn 1.000000 -0.000000 -0.000000
vn 0.965926 -0.258819 -0.000000
vn 0.866025 -0.500000 -0.000000
vn 0.707107 -0.707107 -0.000000
vn 0.500000 -0.866025 -0.000000
vn 0.258819 -0.965926 -0.000000
vn 0.000000 -1.000000 -0.000000
vn -0.258819 -0.965926 0.000000
vn -0.500000 -0.866025 0.000000
vn -0.707107 -0.707107 0.000000
vn -0.866025 -0.500000 0.000000
vn -0.965926 -0.258819 0.000000
vn -1.000000 0.000000 -0.000000
vn -0.965926 0.258819 -0.000000
vn -0.866025 0.500000 -0.000000
vn -0.707107 0.707107 -0.000000
vn -0.500000 0.866025 -0.000000
vn -0.258819 0.965926 -0.000000
vn 0.000000 1.000000 -0.000000
vn 0.258819 0.965926 -0.000000
vn 0.500000 0.866025 -0.000000
vn 0.707107 0.707107 -0.000000
vn 0.866025 0.500000 -0.000000
vn 0.965926 0.258819 -0.000000
vn 1.000000 -0.000000 -0.000000
vn 0.965926 -0.258819 -0.000000
vn 0.866025 -0.500000 -0.000000
vn 0.707107 -0.707107 -0.000000
vn 0.500000 -0.866025 -0.000000
vn 0.258819 -0.965926 -0.000000
vn 0.000000 -1.000000 -0.000000
vn -0.258819 -0.965926 0.000000
vn -0.500000 -0.866025 0.000000
vn -0.707107 -0.707107 0.000000
vn -0.866025 -0.500000 0.000000
vn -0.965926 -0.258819 0.000000
vn -1.000000 0.000000 -0.000000
vn -0.965926 0.258819 -0.000000
vn -0.866025 0.500000 -0.000000
vn -0.707107 0.707107 -0.000000
vn -0.500000 0.866025 -0.000000
vn -0.258819 0.965926 -0.000000
vn 0.000000 1.000000 -0.000000
vn 0.258819 0.965926 -0.000000
vn 0.500000 0.866025 -0.000000
vn 0.707107 0.707107 -0.000000
vn 0.866025 0.500000 -0.000000
vn 0.965926 0.258819 -0.000000
vn 1.000000 -0.000000 -0.000000
vn 0.965926 -0.258819 -0.000000
vn 0.866025 -0.500000 -0.000000
vn 0.707107 -0.707107 -0.000000
vn 0.500000 -0.866025 -0.000000
vn 0.258819 -0.965926 -0.000000
vn 0.000000 -1.000000 -0.000000
vn -0.258819 -0.965926 0.000000
vn -0.500000 -0.866025 0.000000
vn -0.707107 -0.707107 0.000000
vn -0.866025 -0.500000 0.000000
vn -0.965926 -0.258819 0.000000
vn 0.000000 0.000000 -1.000000
vn 0.000000 0.000000 -1.000000
vn 0.000000 0.000000 -1.000000
vn 0.000000 0.000000 -1.000000
vn 0.000000 0.000000 -1.000000
vn 0.000000 0.000000 -1.000000
vn 0.000000 0.000000 -1.000000
vn 0.000000 0.000000 -1.000000
vn 0.000000 0.000000 -1.000000
vn 0.000000 0.000000 -1.000000
vn 0.000000 0.000000 -1.000000
vn 0.000000 0.000000 -1.000000
vn 0.000000 0.000000 -1.000000
vn 0.000000 0.000000 -1.000000
vn 0.000000 0.000000 -1.000000
vn 0.000000 0.000000 -1.000000
vn 0.000000 0.000000 -1.000000
vn 0.000000 0.000000 -1.000000
vn 0.000000 0.000000 -1.000000
vn 0.000000 0.000000 -1.000000
vn 0.000000 0.000000 -1.000000
vn 0.000000 0.000000 -1.000000
vn 0.000000 0.000000 -1.000000
vn 0.000000 0.000000 -1.000000
vn 0.000000 0.000000 1.000000
vn 0.000000 0.000000 1.000000
vn 0.000000 0.000000 1.000000
vn 0.000000 0.000000 1.000000
vn 0.000000 0.000000 1.000000
vn 0.000000 0.000000 1.000000
vn 0.000000 0.000000 1.000000
vn 0.000000 0.000000 1.000000
vn 0.000000 0.000000 1.000000
vn 0.000000 0.000000 1.000000
vn 0.000000 0.000000 1.000000
vn 0.000000 0.000000 1.000000
vn 0.000000 0.000000 1.000000
vn 0.000000 0.000000 1.000000
vn 0.000000 0.000000 1.000000
vn 0.000000 0.000000 1.000000
vn 0.000000 0.000000 1.000000
vn 0.000000 0.000000 1.000000
vn 0.000000 0.000000 1.000000
vn 0.000000 0.000000 1.000000
vn 0.000000 0.000000 1.000000
vn 0.000000 0.000000 1.000000
vn 0.000000 0.000000 1.000000
vn 0.000000 0.000000 1.000000
f 746/920/889 803/921/890 745/922/891
f 745/922/891 803/921/890 822/923/892
f 745/922/891 822/923/892 768/924/893
f 768/924/893 822/923/892 1023/925/894
f 768/924/893 1023/925/894 767/926/895
f 767/926/895 1023/925/894 1013/927/896
f 767/926/895 1013/927/896 766/928/897
f 766/928/897 1013/927/896 1003/929/898
f 766/928/897 1003/929/898 765/930/899
f 765/930/899 1003/929/898 993/931/900
f 765/930/899 993/931/900 764/932/901
f 764/932/901 993/931/900 983/933/902
f 764/932/901 983/933/902 763/934/903
f 763/934/903 983/933/902 973/935/904
f 763/934/903 973/935/904 762/936/905
f 762/936/905 973/935/904 963/937/906
f 762/936/905 963/937/906 761/938/907
f 761/938/907 963/937/906 953/939/908
f 761/938/907 953/939/908 760/940/909
f 760/940/909 953/939/908 943/941/910
f 760/940/909 943/941/910 759/942/911
f 759/942/911 943/941/910 933/943/912
f 759/942/911 933/943/912 758/944/913
f 758/944/913 933/943/912 923/945/914
f 758/944/913 923/945/914 757/946/915
f 757/946/915 923/945/914 793/947/916
f 757/948/915 793/949/916 756/950/917
f 756/950/917 793/949/916 913/951/918
f 756/950/917 913/951/918 755/952/919
f 755/952/919 913/951/918 903/953/920
f 755/952/919 903/953/920 754/954/921
f 754/954/921 903/953/920 893/955/922
f 754/954/921 893/955/922 753/956/923
f 753/956/923 893/955/922 883/957/924
f 753/956/923 883/957/924 752/958/925
f 752/958/925 883/957/924 873/959/926
f 752/958/925 873/959/926 751/960/927
f 751/960/927 873/959/926 863/961/928
f 751/960/927 863/961/928 750/962/929
f 750/962/929 863/961/928 853/963/930
f 750/962/929 853/963/930 749/964/931
f 749/964/931 853/963/930 843/965/932
f 749/964/931 843/965/932 748/966/933
f 748/966/933 843/965/932 833/967/934
f 748/966/933 833/967/934 747/968/935
f 747/968/935 833/967/934 823/969/936
f 747/968/935 823/969/936 746/920/889
f 746/920/889 823/969/936 803/921/890
f 770/970/937 1032/971/938 769/972/939
f 769/972/939 1032/971/938 813/973/940
f 769/972/939 813/973/940 792/974/941
f 792/974/941 813/973/940 812/975/942
f 792/974/941 812/975/942 791/976/943
f 791/976/943 812/975/942 832/977/944
f 791/976/943 832/977/944 790/978/945
f 790/978/945 832/977/944 842/979/946
f 790/978/945 842/979/946 789/980/947
f 789/980/947 842/979/946 852/981/948
f 789/980/947 852/981/948 788/982/949
f 788/982/949 852/981/948 862/983/950
f 788/982/949 862/983/950 787/984/951
f 787/984/951 862/983/950 872/985/952
f 787/984/951 872/985/952 786/986/953
f 786/986/953 872/985/952 882/987/954
f 786/986/953 882/987/954 785/988/955
f 785/988/955 882/987/954 892/989/956
f 785/988/955 892/989/956 784/990/957
f 784/990/957 892/989/956 902/991/958
f 784/990/957 902/991/958 783/992/959
f 783/992/959 902/991/958 912/993/960
f 783/992/959 912/993/960 782/994/961
f 782/994/961 912/993/960 922/995/962
f 782/994/961 922/995/962 781/996/963
f 781/996/963 922/995/962 802/997/964
f 781/998/963 802/999/964 780/1000/965
f 780/1000/965 802/999/964 932/1001/966
f 780/1000/965 932/1001/966 779/1002/967
f 779/1002/967 932/1001/966 942/1003/968
f 779/1002/967 942/1003/968 778/1004/969
f 778/1004/969 942/1003/968 952/1005/970
f 778/1004/969 952/1005/970 777/1006/971
f 777/1006/971 952/1005/970 962/1007/972
f 777/1006/971 962/1007/972 776/1008/973
f 776/1008/973 962/1007/972 972/1009/974
f 776/1008/973 972/1009/974 775/1010/975
f 775/1010/975 972/1009/974 982/1011/976
f 775/1010/975 982/1011/976 774/1012/977
f 774/1012/977 982/1011/976 992/1013/978
f 774/1012/977 992/1013/978 773/1014/979
f 773/1014/979 992/1013/978 1002/1015/980
f 773/1014/979 1002/1015/980 772/1016/981
f 772/1016/981 1002/1015/980 1012/1017/982
f 772/1016/981 1012/1017/982 771/1018/983
f 771/1018/983 1012/1017/982 1022/1019/984
f 771/1018/983 1022/1019/984 770/970/937
f 770/970/937 1022/1019/984 1032/971/938
f 793/949/916 794/1020/985 913/951/918
f 913/951/918 794/1020/985 914/1021/986
f 913/951/918 914/1021/986 903/953/920
f 903/953/920 914/1021/986 904/1022/987
f 903/953/920 904/1022/987 893/955/922
f 893/955/922 904/1022/987 894/1023/988
f 893/955/922 894/1023/988 883/957/924
f 883/957/924 894/1023/988 884/1024/989
f 883/957/924 884/1024/989 873/959/926
f 873/959/926 884/1024/989 874/1025/990
f 873/959/926 874/1025/990 863/961/928
f 863/961/928 874/1025/990 864/1026/991
f 863/961/928 864/1026/991 853/963/930
f 853/963/930 864/1026/991 854/1027/992
f 853/963/930 854/1027/992 843/965/932
f 843/965/932 854/1027/992 844/1028/993
f 843/965/932 844/1028/993 833/967/934
f 833/967/934 844/1028/993 834/1029/994
f 833/967/934 834/1029/994 823/969/936
f 823/969/936 834/1029/994 824/1030/995
f 823/969/936 824/1030/995 803/921/890
f 803/921/890 824/1030/995 804/1031/996
f 803/921/890 804/1031/996 822/923/892
f 822/923/892 804/1031/996 821/1032/997
f 822/923/892 821/1032/997 1023/925/894
f 1023/925/894 821/1032/997 1024/1033/998
f 1023/925/894 1024/1033/998 1013/927/896
f 1013/927/896 1024/1033/998 1014/1034/999
f 1013/927/896 1014/1034/999 1003/929/898
f 1003/929/898 1014/1034/999 1004/1035/1000
f 1003/929/898 1004/1035/1000 993/931/900
f 993/931/900 1004/1035/1000 994/1036/1001
f 993/931/900 994/1036/1001 983/933/902
f 983/933/902 994/1036/1001 984/1037/1002
f 983/933/902 984/1037/1002 973/935/904
f 973/935/904 984/1037/1002 974/1038/1003
f 973/935/904 974/1038/1003 963/937/906
f 963/937/906 974/1038/1003 964/1039/1004
f 963/937/906 964/1039/1004 953/939/908
f 953/939/908 964/1039/1004 954/1040/1005
f 953/939/908 954/1040/1005 943/941/910
f 943/941/910 954/1040/1005 944/1041/1006
f 943/941/910 944/1041/1006 933/943/912
f 933/943/912 944/1041/1006 934/1042/1007
f 933/943/912 934/1042/1007 923/945/914
f 923/945/914 934/1042/1007 924/1043/1008
f 923/945/914 924/1043/1008 793/947/916
f 793/947/916 924/1043/1008 794/1044/985
f 794/1020/985 795/1045/1009 914/1021/986
f 914/1021/986 795/1045/1009 915/1046/1010
f 914/1021/986 915/1046/1010 904/1022/987
f 904/1022/987 915/1046/1010 905/1047/1011
f 904/1022/987 905/1047/1011 894/1023/988
f 894/1023/988 905/1047/1011 895/1048/1012
f 894/1023/988 895/1048/1012 884/1024/989
f 884/1024/989 895/1048/1012 885/1049/1013
f 884/1024/989 885/1049/1013 874/1025/990
f 874/1025/990 885/1049/1013 875/1050/1014
f 874/1025/990 875/1050/1014 864/1026/991
f 864/1026/991 875/1050/1014 865/1051/1015
f 864/1026/991 865/1051/1015 854/1027/992
f 854/1027/992 865/1051/1015 855/1052/1016
f 854/1027/992 855/1052/1016 844/1028/993
f 844/1028/993 855/1052/1016 845/1053/1017
f 844/1028/993 845/1053/1017 834/1029/994
f 834/1029/994 845/1053/1017 835/1054/1018
f 834/1029/994 835/1054/1018 824/1030/995
f 824/1030/995 835/1054/1018 825/1055/1019
f 824/1030/995 825/1055/1019 804/1031/996
f 804/1031/996 825/1055/1019 805/1056/1020
f 804/1031/996 805/1056/1020 821/1032/997
f 821/1032/997 805/1056/1020 820/1057/1021
f 821/1032/997 820/1057/1021 1024/1033/998
f 1024/1033/998 820/1057/1021 1025/1058/1022
f 1024/1033/998 1025/1058/1022 1014/1034/999
f 1014/1034/999 1025/1058/1022 1015/1059/1023
f 1014/1034/999 1015/1059/1023 1004/1035/1000
f 1004/1035/1000 1015/1059/1023 1005/1060/1024
f 1004/1035/1000 1005/1060/1024 994/1036/1001
f 994/1036/1001 1005/1060/1024 995/1061/1025
f 994/1036/1001 995/1061/1025 984/1037/1002
f 984/1037/1002 995/1061/1025 985/1062/1026
f 984/1037/1002 985/1062/1026 974/1038/1003
f 974/1038/1003 985/1062/1026 975/1063/1027
f 974/1038/1003 975/1063/1027 964/1039/1004
f 964/1039/1004 975/1063/1027 965/1064/1028
f 964/1039/1004 965/1064/1028 954/1040/1005
f 954/1040/1005 965/1064/1028 955/1065/1029
f 954/1040/1005 955/1065/1029 944/1041/1006
f 944/1041/1006 955/1065/1029 945/1066/1030
f 944/1041/1006 945/1066/1030 934/1042/1007
f 934/1042/1007 945/1066/1030 935/1067/1031
f 934/1042/1007 935/1067/1031 924/1043/1008
f 924/1043/1008 935/1067/1031 925/1068/1032
f 924/1043/1008 925/1068/1032 794/1044/985
f 794/1044/985 925/1068/1032 795/1069/1009
f 795/1045/1009 796/1070/1033 915/1046/1010
f 915/1046/1010 796/1070/1033 916/1071/1034
f 915/1046/1010 916/1071/1034 905/1047/1011
f 905/1047/1011 916/1071/1034 906/1072/1035
f 905/1047/1011 906/1072/1035 895/1048/1012
f 895/1048/1012 906/1072/1035 896/1073/1036
f 895/1048/1012 896/1073/1036 885/1049/1013
f 885/1049/1013 896/1073/1036 886/1074/1037
f 885/1049/1013 886/1074/1037 875/1050/1014
f 875/1050/1014 886/1074/1037 876/1075/1038
f 875/1050/1014 876/1075/1038 865/1051/1015
f 865/1051/1015 876/1075/1038 866/1076/1039
f 865/1051/1015 866/1076/1039 855/1052/1016
f 855/1052/1016 866/1076/1039 856/1077/1040
f 855/1052/1016 856/1077/1040 845/1053/1017
f 845/1053/1017 856/1077/1040 846/1078/1041
f 845/1053/1017 846/1078/1041 835/1054/1018
f 835/1054/1018 846/1078/1041 836/1079/1042
f 835/1054/1018 836/1079/1042 825/1055/1019
f 825/1055/1019 836/1079/1042 826/1080/1043
f 825/1055/1019 826/1080/1043 805/1056/1020
f 805/1056/1020 826/1080/1043 806/1081/1044
f 805/1056/1020 806/1081/1044 820/1057/1021
f 820/1057/1021 806/1081/1044 819/1082/1045
f 820/1057/1021 819/1082/1045 1025/1058/1022
f 1025/1058/1022 819/1082/1045 1026/1083/1046
f 1025/1058/1022 1026/1083/1046 1015/1059/1023
f 1015/1059/1023 1026/1083/1046 1016/1084/1047
f 1015/1059/1023 1016/1084/1047 1005/1060/1024
f 1005/1060/1024 1016/1084/1047 1006/1085/1048
f 1005/1060/1024 1006/1085/1048 995/1061/1025
f 995/1061/1025 1006/1085/1048 996/1086/1049
f 995/1061/1025 996/1086/1049 985/1062/1026
f 985/1062/1026 996/1086/1049 986/1087/1050
f 985/1062/1026 986/1087/1050 975/1063/1027
f 975/1063/1027 986/1087/1050 976/1088/1051
f 975/1063/1027 976/1088/1051 965/1064/1028
f 965/1064/1028 976/1088/1051 966/1089/1052
f 965/1064/1028 966/1089/1052 955/1065/1029
f 955/1065/1029 966/1089/1052 956/1090/1053
f 955/1065/1029 956/1090/1053 945/1066/1030
f 945/1066/1030 956/1090/1053 946/1091/1054
f 945/1066/1030 946/1091/1054 935/1067/1031
f 935/1067/1031 946/1091/1054 936/1092/1055
f 935/1067/1031 936/1092/1055 925/1068/1032
f 925/1068/1032 936/1092/1055 926/1093/1056
f 925/1068/1032 926/1093/1056 795/1069/1009
f 795/1069/1009 926/1093/1056 796/1094/1033
f 796/1070/1033 797/1095/1057 916/1071/1034
f 916/1071/1034 797/1095/1057 917/1096/1058
f 916/1071/1034 917/1096/1058 906/1072/1035
f 906/1072/1035 917/1096/1058 907/1097/1059
f 906/1072/1035 907/1097/1059 896/1073/1036
f 896/1073/1036 907/1097/1059 897/1098/1060
f 896/1073/1036 897/1098/1060 886/1074/1037
f 886/1074/1037 897/1098/1060 887/1099/1061
f 886/1074/1037 887/1099/1061 876/1075/1038
f 876/1075/1038 887/1099/1061 877/1100/1062
f 876/1075/1038 877/1100/1062 866/1076/1039
f 866/1076/1039 877/1100/1062 867/1101/1063
f 866/1076/1039 867/1101/1063 856/1077/1040
f 856/1077/1040 867/1101/1063 857/1102/1064
f 856/1077/1040 857/1102/1064 846/1078/1041
f 846/1078/1041 857/1102/1064 847/1103/1065
f 846/1078/1041 847/1103/1065 836/1079/1042
f 836/1079/1042 847/1103/1065 837/1104/1066
f 836/1079/1042 837/1104/1066 826/1080/1043
f 826/1080/1043 837/1104/1066 827/1105/1067
f 826/1080/1043 827/1105/1067 806/1081/1044
f 806/1081/1044 827/1105/1067 807/1106/1068
f 806/1081/1044 807/1106/1068 819/1082/1045
f 819/1082/1045 807/1106/1068 818/1107/1069
f 819/1082/1045 818/1107/1069 1026/1083/1046
f 1026/1083/1046 818/1107/1069 1027/1108/1070
f 1026/1083/1046 1027/1108/1070 1016/1084/1047
f 1016/1084/1047 1027/1108/1070 1017/1109/1071
f 1016/1084/1047 1017/1109/1071 1006/1085/1048
f 1006/1085/1048 1017/1109/1071 1007/1110/1072
f 1006/1085/1048 1007/1110/1072 996/1086/1049
f 996/1086/1049 1007/1110/1072 997/1111/1073
f 996/1086/1049 997/1111/1073 986/1087/1050
f 986/1087/1050 997/1111/1073 987/1112/1074
f 986/1087/1050 987/1112/1074 976/1088/1051
f 976/1088/1051 987/1112/1074 977/1113/1075
f 976/1088/1051 977/1113/1075 966/1089/1052
f 966/1089/1052 977/1113/1075 967/1114/1076
f 966/1089/1052 967/1114/1076 956/1090/1053
f 956/1090/1053 967/1114/1076 957/1115/1077
f 956/1090/1053 957/1115/1077 946/1091/1054
f 946/1091/1054 957/1115/1077 947/1116/1078
f 946/1091/1054 947/1116/1078 936/1092/1055
f 936/1092/1055 947/1116/1078 937/1117/1079
f 936/1092/1055 937/1117/1079 926/1093/1056
f 926/1093/1056 937/1117/1079 927/1118/1080
f 926/1093/1056 927/1118/1080 796/1094/1033
f 796/1094/1033 927/1118/1080 797/1119/1057
f 797/1095/1057 798/1120/1081 917/1096/1058
f 917/1096/1058 798/1120/1081 918/1121/1082
f 917/1096/1058 918/1121/1082 907/1097/1059
f 907/1097/1059 918/1121/1082 908/1122/1083
f 907/1097/1059 908/1122/1083 897/1098/1060
f 897/1098/1060 908/1122/1083 898/1123/1084
f 897/1098/1060 898/1123/1084 887/1099/1061
f 887/1099/1061 898/1123/1084 888/1124/1085
f 887/1099/1061 888/1124/1085 877/1100/1062
f 877/1100/1062 888/1124/1085 878/1125/1086
f 877/1100/1062 878/1125/1086 867/1101/1063
f 867/1101/1063 878/1125/1086 868/1126/1087
f 867/1101/1063 868/1126/1087 857/1102/1064
f 857/1102/1064 868/1126/1087 858/1127/1088
f 857/1102/1064 858/1127/1088 847/1103/1065
f 847/1103/1065 858/1127/1088 848/1128/1089
f 847/1103/1065 848/1128/1089 837/1104/1066
f 837/1104/1066 848/1128/1089 838/1129/1090
f 837/1104/1066 838/1129/1090 827/1105/1067
f 827/1105/1067 838/1129/1090 828/1130/1091
f 827/1105/1067 828/1130/1091 807/1106/1068
f 807/1106/1068 828/1130/1091 808/1131/1092
f 807/1106/1068 808/1131/1092 818/1107/1069
f 818/1107/1069 808/1131/1092 817/1132/1093
f 818/1107/1069 817/1132/1093 1027/1108/1070
f 1027/1108/1070 817/1132/1093 1028/1133/1094
f 1027/1108/1070 1028/1133/1094 1017/1109/1071
f 1017/1109/1071 1028/1133/1094 1018/1134/1095
f 1017/1109/1071 1018/1134/1095 1007/1110/1072
f 1007/1110/1072 1018/1134/1095 1008/1135/1096
f 1007/1110/1072 1008/1135/1096 997/1111/1073
f 997/1111/1073 1008/1135/1096 998/1136/1097
f 997/1111/1073 998/1136/1097 987/1112/1074
f 987/1112/1074 998/1136/1097 988/1137/1098
f 987/1112/1074 988/1137/1098 977/1113/1075
f 977/1113/1075 988/1137/1098 978/1138/1099
f 977/1113/1075 978/1138/1099 967/1114/1076
f 967/1114/1076 978/1138/1099 968/1139/1100
f 967/1114/1076 968/1139/1100 957/1115/1077
f 957/1115/1077 968/1139/1100 958/1140/1101
f 957/1115/1077 958/1140/1101 947/1116/1078
f 947/1116/1078 958/1140/1101 948/1141/1102
f 947/1116/1078 948/1141/1102 937/1117/1079
f 937/1117/1079 948/1141/1102 938/1142/1103
f 937/1117/1079 938/1142/1103 927/1118/1080
f 927/1118/1080 938/1142/1103 928/1143/1104
f 927/1118/1080 928/1143/1104 797/1119/1057
f 797/1119/1057 928/1143/1104 798/1144/1081
f 798/1120/1081 799/1145/1105 918/1121/1082
f 918/1121/1082 799/1145/1105 919/1146/1106
f 918/1121/1082 919/1146/1106 908/1122/1083
f 908/1122/1083 919/1146/1106 909/1147/1107
f 908/1122/1083 909/1147/1107 898/1123/1084
f 898/1123/1084 909/1147/1107 899/1148/1108
f 898/1123/1084 899/1148/1108 888/1124/1085
f 888/1124/1085 899/1148/1108 889/1149/1109
f 888/1124/1085 889/1149/1109 878/1125/1086
f 878/1125/1086 889/1149/1109 879/1150/1110
f 878/1125/1086 879/1150/1110 868/1126/1087
f 868/1126/1087 879/1150/1110 869/1151/1111
f 868/1126/1087 869/1151/1111 858/1127/1088
f 858/1127/1088 869/1151/1111 859/1152/1112
f 858/1127/1088 859/1152/1112 848/1128/1089
f 848/1128/1089 859/1152/1112 849/1153/1113
f 848/1128/1089 849/1153/1113 838/1129/1090
f 838/1129/1090 849/1153/1113 839/1154/1114
f 838/1129/1090 839/1154/1114 828/1130/1091
f 828/1130/1091 839/1154/1114 829/1155/1115
f 828/1130/1091 829/1155/1115 808/1131/1092
f 808/1131/1092 829/1155/1115 809/1156/1116
f 808/1131/1092 809/1156/1116 817/1132/1093
f 817/1132/1093 809/1156/1116 816/1157/1117
f 817/1132/1093 816/1157/1117 1028/1133/1094
f 1028/1133/1094 816/1157/1117 1029/1158/1118
f 1028/1133/1094 1029/1158/1118 1018/1134/1095
f 1018/1134/1095 1029/1158/1118 1019/1159/1119
f 1018/1134/1095 1019/1159/1119 1008/1135/1096
f 1008/1135/1096 1019/1159/1119 1009/1160/1120
f 1008/1135/1096 1009/1160/1120 998/1136/1097
f 998/1136/1097 1009/1160/1120 999/1161/1121
f 998/1136/1097 999/1161/1121 988/1137/1098
f 988/1137/1098 999/1161/1121 989/1162/1122
f 988/1137/1098 989/1162/1122 978/1138/1099
f 978/1138/1099 989/1162/1122 979/1163/1123
f 978/1138/1099 979/1163/1123 968/1139/1100
f 968/1139/1100 979/1163/1123 969/1164/1124
f 968/1139/1100 969/1164/1124 958/1140/1101
f 958/1140/1101 969/1164/1124 959/1165/1125
f 958/1140/1101 959/1165/1125 948/1141/1102
f 948/1141/1102 959/1165/1125 949/1166/1126
f 948/1141/1102 949/1166/1126 938/1142/1103
f 938/1142/1103 949/1166/1126 939/1167/1127
f 938/1142/1103 939/1167/1127 928/1143/1104
f 928/1143/1104 939/1167/1127 929/1168/1128
f 928/1143/1104 929/1168/1128 798/1144/1081
f 798/1144/1081 929/1168/1128 799/1169/1105
f 799/1145/1105 800/1170/1129 919/1146/1106
f 919/1146/1106 800/1170/1129 920/1171/1130
f 919/1146/1106 920/1171/1130 909/1147/1107
f 909/1147/1107 920/1171/1130 910/1172/1131
f 909/1147/1107 910/1172/1131 899/1148/1108
f 899/1148/1108 910/1172/1131 900/1173/1132
f 899/1148/1108 900/1173/1132 889/1149/1109
f 889/1149/1109 900/1173/1132 890/1174/1133
f 889/1149/1109 890/1174/1133 879/1150/1110
f 879/1150/1110 890/1174/1133 880/1175/1134
f 879/1150/1110 880/1175/1134 869/1151/1111
f 869/1151/1111 880/1175/1134 870/1176/1135
f 869/1151/1111 870/1176/1135 859/1152/1112
f 859/1152/1112 870/1176/1135 860/1177/1136
f 859/1152/1112 860/1177/1136 849/1153/1113
f 849/1153/1113 860/1177/1136 850/1178/1137
f 849/1153/1113 850/1178/1137 839/1154/1114
f 839/1154/1114 850/1178/1137 840/1179/1138
f 839/1154/1114 840/1179/1138 829/1155/1115
f 829/1155/1115 840/1179/1138 830/1180/1139
f 829/1155/1115 830/1180/1139 809/1156/1116
f 809/1156/1116 830/1180/1139 810/1181/1140
f 809/1156/1116 810/1181/1140 816/1157/1117
f 816/1157/1117 810/1181/1140 815/1182/1141
f 816/1157/1117 815/1182/1141 1029/1158/1118
f 1029/1158/1118 815/1182/1141 1030/1183/1142
f 1029/1158/1118 1030/1183/1142 1019/1159/1119
f 1019/1159/1119 1030/1183/1142 1020/1184/1143
f 1019/1159/1119 1020/1184/1143 1009/1160/1120
f 1009/1160/1120 1020/1184/1143 1010/1185/1144
f 1009/1160/1120 1010/1185/1144 999/1161/1121
f 999/1161/1121 1010/1185/1144 1000/1186/1145
f 999/1161/1121 1000/1186/1145 989/1162/1122
f 989/1162/1122 1000/1186/1145 990/1187/1146
f 989/1162/1122 990/1187/1146 979/1163/1123
f 979/1163/1123 990/1187/1146 980/1188/1147
f 979/1163/1123 980/1188/1147 969/1164/1124
f 969/1164/1124 980/1188/1147 970/1189/1148
f 969/1164/1124 970/1189/1148 959/1165/1125
f 959/1165/1125 970/1189/1148 960/1190/1149
f 959/1165/1125 960/1190/1149 949/1166/1126
f 949/1166/1126 960/1190/1149 950/1191/1150
f 949/1166/1126 950/1191/1150 939/1167/1127
f 939/1167/1127 950/1191/1150 940/1192/1151
f 939/1167/1127 940/1192/1151 929/1168/1128
f 929/1168/1128 940/1192/1151 930/1193/1152
f 929/1168/1128 930/1193/1152 799/1169/1105
f 799/1169/1105 930/1193/1152 800/1194/1129
f 800/1170/1129 801/1195/1153 920/1171/1130
f 920/1171/1130 801/1195/1153 921/1196/1154
f 920/1171/1130 921/1196/1154 910/1172/1131
f 910/1172/1131 921/1196/1154 911/1197/1155
f 910/1172/1131 911/1197/1155 900/1173/1132
f 900/1173/1132 911/1197/1155 901/1198/1156
f 900/1173/1132 901/1198/1156 890/1174/1133
f 890/1174/1133 901/1198/1156 891/1199/1157
f 890/1174/1133 891/1199/1157 880/1175/1134
f 880/1175/1134 891/1199/1157 881/1200/1158
f 880/1175/1134 881/1200/1158 870/1176/1135
f 870/1176/1135 881/1200/1158 871/1201/1159
f 870/1176/1135 871/1201/1159 860/1177/1136
f 860/1177/1136 871/1201/1159 861/1202/1160
f 860/1177/1136 861/1202/1160 850/1178/1137
f 850/1178/1137 861/1202/1160 851/1203/1161
f 850/1178/1137 851/1203/1161 840/1179/1138
f 840/1179/1138 851/1203/1161 841/1204/1162
f 840/1179/1138 841/1204/1162 830/1180/1139
f 830/1180/1139 841/1204/1162 831/1205/1163
f 830/1180/1139 831/1205/1163 810/1181/1140
f 810/1181/1140 831/1205/1163 811/1206/1164
f 810/1181/1140 811/1206/1164 815/1182/1141
f 815/1182/1141 811/1206/1164 814/1207/1165
f 815/1182/1141 814/1207/1165 1030/1183/1142
f 1030/1183/1142 814/1207/1165 1031/1208/1166
f 1030/1183/1142 1031/1208/1166 1020/1184/1143
f 1020/1184/1143 1031/1208/1166 1021/1209/1167
f 1020/1184/1143 1021/1209/1167 1010/1185/1144
f 1010/1185/1144 1021/1209/1167 1011/1210/1168
f 1010/1185/1144 1011/1210/1168 1000/1186/1145
f 1000/1186/1145 1011/1210/1168 1001/1211/1169
f 1000/1186/1145 1001/1211/1169 990/1187/1146
f 990/1187/1146 1001/1211/1169 991/1212/1170
f 990/1187/1146 991/1212/1170 980/1188/1147
f 980/1188/1147 991/1212/1170 981/1213/1171
f 980/1188/1147 981/1213/1171 970/1189/1148
f 970/1189/1148 981/1213/1171 971/1214/1172
f 970/1189/1148 971/1214/1172 960/1190/1149
f 960/1190/1149 971/1214/1172 961/1215/1173
f 960/1190/1149 961/1215/1173 950/1191/1150
f 950/1191/1150 961/1215/1173 951/1216/1174
f 950/1191/1150 951/1216/1174 940/1192/1151
f 940/1192/1151 951/1216/1174 941/1217/1175
f 940/1192/1151 941/1217/1175 930/1193/1152
f 930/1193/1152 941/1217/1175 931/1218/1176
f 930/1193/1152 931/1218/1176 800/1194/1129
f 800/1194/1129 931/1218/1176 801/1219/1153
f 801/1195/1153 802/997/964 921/1196/1154
f 921/1196/1154 802/997/964 922/995/962
f 921/1196/1154 922/995/962 911/1197/1155
f 911/1197/1155 922/995/962 912/993/960
f 911/1197/1155 912/993/960 901/1198/1156
f 901/1198/1156 912/993/960 902/991/958
f 901/1198/1156 902/991/958 891/1199/1157
f 891/1199/1157 902/991/958 892/989/956
f 891/1199/1157 892/989/956 881/1200/1158
f 881/1200/1158 892/989/956 882/987/954
f 881/1200/1158 882/987/954 871/1201/1159
f 871/1201/1159 882/987/954 872/985/952
f 871/1201/1159 872/985/952 861/1202/1160
f 861/1202/1160 872/985/952 862/983/950
f 861/1202/1160 862/983/950 851/1203/1161
f 851/1203/1161 862/983/950 852/981/948
f 851/1203/1161 852/981/948 841/1204/1162
f 841/1204/1162 852/981/948 842/979/946
f 841/1204/1162 842/979/946 831/1205/1163
f 831/1205/1163 842/979/946 832/977/944
f 831/1205/1163 832/977/944 811/1206/1164
f 811/1206/1164 832/977/944 812/975/942
f 811/1206/1164 812/975/942 814/1207/1165
f 814/1207/1165 812/975/942 813/973/940
f 814/1207/1165 813/973/940 1031/1208/1166
f 1031/1208/1166 813/973/940 1032/971/938
f 1031/1208/1166 1032/971/938 1021/1209/1167
f 1021/1209/1167 1032/971/938 1022/1019/984
f 1021/1209/1167 1022/1019/984 1011/1210/1168
f 1011/1210/1168 1022/1019/984 1012/1017/982
f 1011/1210/1168 1012/1017/982 1001/1211/1169
f 1001/1211/1169 1012/1017/982 1002/1015/980
f 1001/1211/1169 1002/1015/980 991/1212/1170
f 991/1212/1170 1002/1015/980 992/1013/978
f 991/1212/1170 992/1013/978 981/1213/1171
f 981/1213/1171 992/1013/978 982/1011/976
f 981/1213/1171 982/1011/976 971/1214/1172
f 971/1214/1172 982/1011/976 972/1009/974
f 971/1214/1172 972/1009/974 961/1215/1173
f 961/1215/1173 972/1009/974 962/1007/972
f 961/1215/1173 962/1007/972 951/1216/1174
f 951/1216/1174 962/1007/972 952/1005/970
f 951/1216/1174 952/1005/970 941/1217/1175
f 941/1217/1175 952/1005/970 942/1003/968
f 941/1217/1175 942/1003/968 931/1218/1176
f 931/1218/1176 942/1003/968 932/1001/966
f 931/1218/1176 932/1001/966 801/1219/1153
f 801/1219/1153 932/1001/966 802/999/964
f 768/1220/1177 758/1221/1178 745/1222/1179
f 745/1222/1179 758/1221/1178 757/1223/1180
f 745/1222/1179 757/1223/1180 746/1224/1181
f 746/1224/1181 757/1223/1180 756/1225/1182
f 746/1224/1181 756/1225/1182 747/1226/1183
f 747/1226/1183 756/1225/1182 755/1227/1184
f 747/1226/1183 755/1227/1184 748/1228/1185
f 748/1228/1185 755/1227/1184 754/1229/1186
f 748/1228/1185 754/1229/1186 749/1230/1187
f 749/1230/1187 754/1229/1186 753/1231/1188
f 749/1230/1187 753/1231/1188 750/1232/1189
f 750/1232/1189 753/1231/1188 752/1233/1190
f 750/1232/1189 752/1233/1190 751/1234/1191
f 758/1221/1178 768/1220/1177 759/1235/1192
f 759/1235/1192 768/1220/1177 767/1236/1193
f 759/1235/1192 767/1236/1193 760/1237/1194
f 760/1237/1194 767/1236/1193 766/1238/1195
f 760/1237/1194 766/1238/1195 761/1239/1196
f 761/1239/1196 766/1238/1195 765/1240/1197
f 761/1239/1196 765/1240/1197 762/1241/1198
f 762/1241/1198 765/1240/1197 764/1242/1199
f 762/1241/1198 764/1242/1199 763/1243/1200
f 792/1244/1201 782/1245/1202 769/1246/1203
f 769/1246/1203 782/1245/1202 781/1247/1204
f 769/1246/1203 781/1247/1204 770/1248/1205
f 770/1248/1205 781/1247/1204 780/1249/1206
f 770/1248/1205 780/1249/1206 771/1250/1207
f 771/1250/1207 780/1249/1206 779/1251/1208
f 771/1250/1207 779/1251/1208 772/1252/1209
f 772/1252/1209 779/1251/1208 778/1253/1210
f 772/1252/1209 778/1253/1210 773/1254/1211
f 773/1254/1211 778/1253/1210 777/1255/1212
f 773/1254/1211 777/1255/1212 774/1256/1213
f 774/1256/1213 777/1255/1212 776/1257/1214
f 774/1256/1213 776/1257/1214 775/1258/1215
f 782/1245/1202 792/1244/1201 783/1259/1216
f 783/1259/1216 792/1244/1201 791/1260/1217
f 783/1259/1216 791/1260/1217 784/1261/1218
f 784/1261/1218 791/1260/1217 790/1262/1219
f 784/1261/1218 790/1262/1219 785/1263/1220
f 785/1263/1220 790/1262/1219 789/1264/1221
f 785/1263/1220 789/1264/1221 786/1265/1222
f 786/1265/1222 789/1264/1221 788/1266/1223
f 786/1265/1222 788/1266/1223 787/1267/1224
g BaseBar_R

v 25.000000 -33.200000 2.000000
v 24.931852 -33.200000 1.482362
v 24.732051 -33.200000 1.000000
v 24.414214 -33.200000 0.585786
v 24.000000 -33.200000 0.267949
v 23.517638 -33.200000 0.068148
v 23.000000 -33.200000 0.000000
v 22.482362 -33.200000 0.068148
v 22.000000 -33.200000 0.267949
v 21.585786 -33.200000 0.585786
v 21.267949 -33.200000 1.000000
v 21.068148 -33.200000 1.482362
v 21.000000 -33.200000 2.000000
v 21.068148 -33.200000 2.517638
v 21.267949 -33.200000 3.000000
v 21.585786 -33.200000 3.414214
v 22.000000 -33.200000 3.732051
v 22.482362 -33.200000 3.931852
v 23.000000 -33.200000 4.000000
v 23.517638 -33.200000 3.931852
v 24.000000 -33.200000 3.732051
v 24.414214 -33.200000 3.414214
v 24.732051 -33.200000 3.000000
v 24.931852 -33.200000 2.517638
v 25.000000 36.800000 2.000000
v 24.931852 36.800000 2.517638
v 24.732051 36.800000 3.000000
v 24.414214 36.800000 3.414214
v 24.000000 36.800000 3.732051
v 23.517638 36.800000 3.931852
v 23.000000 36.800000 4.000000
v 22.482362 36.800000 3.931852
v 22.000000 36.800000 3.732051
v 21.585786 36.800000 3.414214
v 21.267949 36.800000 3.000000
v 21.068148 36.800000 2.517638
v 21.000000 36.800000 2.000000
v 21.068148 36.800000 1.482362
v 21.267949 36.800000 1.000000
v 21.585786 36.800000 0.585786
v 22.000000 36.800000 0.267949
v 22.482362 36.800000 0.068148
v 23.000000 36.800000 0.000000
v 23.517638 36.800000 0.068148
v 24.000000 36.800000 0.267949
v 24.414214 36.800000 0.585786
v 24.732051 36.800000 1.000000
v 24.931852 36.800000 1.482362
v 21.000000 -23.200000 2.000000
v 21.000000 -13.200000 2.000000
v 21.000000 -3.200000 2.000000
v 21.000000 6.800000 2.000000
v 21.000000 16.800000 2.000000
v 21.000000 26.800000 2.000000
v 24.931852 -23.200000 1.482362
v 24.931852 -13.200000 1.482362
v 24.931852 -3.200000 1.482362
v 24.931852 6.800000 1.482362
v 24.931852 16.800000 1.482362
v 24.931852 26.800000 1.482362
v 25.000000 26.800000 2.000000
v 25.000000 16.800000 2.000000
v 25.000000 6.800000 2.000000
v 25.000000 -3.200000 2.000000
v 25.000000 -13.200000 2.000000
v 25.000000 -23.200000 2.000000
v 24.732051 -23.200000 1.000000
v 24.732051 -13.200000 1.000000
v 24.732051 -3.200000 1.000000
v 24.732051 6.800000 1.000000
v 24.732051 16.800000 1.000000
v 24.732051 26.800000 1.000000
v 24.414214 -23.200000 0.585786
v 24.414214 -13.200000 0.585786
v 24.414214 -3.200000 0.585786
v 24.414214 6.800000 0.585786
v 24.414214 16.800000 0.585786
v 24.414214 26.800000 0.585786
v 24.000000 -23.200000 0.267949
v 24.000000 -13.200000 0.267949
v 24.000000 -3.200000 0.267949
v 24.000000 6.800000 0.267949
v 24.000000 16.800000 0.267949
v 24.000000 26.800000 0.267949
v 23.517638 -23.200000 0.068148
v 23.517638 -13.200000 0.068148
v 23.517638 -3.200000 0.068148
v 23.517638 6.800000 0.068148
v 23.517638 16.800000 0.068148
v 23.517638 26.800000 0.068148
v 23.000000 -23.200000 0.000000
v 23.000000 -13.200000 0.000000
v 23.000000 -3.200000 0.000000
v 23.000000 6.800000 0.000000
v 23.000000 16.800000 0.000000
v 23.000000 26.800000 0.000000
v 22.482362 -23.200000 0.068148
v 22.482362 -13.200000 0.068148
v 22.482362 -3.200000 0.068148
v 22.482362 6.800000 0.068148
v 22.482362 16.800000 0.068148
v 22.482362 26.800000 0.068148
v 22.000000 -23.200000 0.267949
v 22.000000 -13.200000 0.267949
v 22.000000 -3.200000 0.267949
v 22.000000 6.800000 0.267949
v 22.000000 16.800000 0.267949
v 22.000000 26.800000 0.267949
v 21.585786 -23.200000 0.585786
v 21.585786 -13.200000 0.585786
v 21.585786 -3.200000 0.585786
v 21.585786 6.800000 0.585786
v 21.585786 16.800000 0.585786
v 21.585786 26.800000 0.585786
v 21.267949 -23.200000 1.000000
v 21.267949 -13.200000 1.000000
v 21.267949 -3.200000 1.000000
v 21.267949 6.800000 1.000000
v 21.267949 16.800000 1.000000
v 21.267949 26.800000 1.000000
v 21.068148 -23.200000 1.482362
v 21.068148 -13.200000 1.482362
v 21.068148 -3.200000 1.482362
v 21.068148 6.800000 1.482362
v 21.068148 16.800000 1.482362
v 21.068148 26.800000 1.482362
v 21.068148 -23.200000 2.517638
v 21.068148 -13.200000 2.517638
v 21.068148 -3.200000 2.517638
v 21.068148 6.800000 2.517638
v 21.068148 16.800000 2.517638
v 21.068148 26.800000 2.517638
v 21.267949 -23.200000 3.000000
v 21.267949 -13.200000 3.000000
v 21.267949 -3.200000 3.000000
v 21.267949 6.800000 3.000000
v 21.267949 16.800000 3.000000
v 21.267949 26.800000 3.000000
v 21.585786 -23.200000 3.414214
v 21.585786 -13.200000 3.414214
v 21.585786 -3.200000 3.414214
v 21.585786 6.800000 3.414214
v 21.585786 16.800000 3.414214
v 21.585786 26.800000 3.414214
v 22.000000 -23.200000 3.732051
v 22.000000 -13.200000 3.732051
v 22.000000 -3.200000 3.732051
v 22.000000 6.800000 3.732051
v 22.000000 16.800000 3.732051
v 22.000000 26.800000 3.732051
v 22.482362 -23.200000 3.931852
v 22.482362 -13.200000 3.931852
v 22.482362 -3.200000 3.931852
v 22.482362 6.800000 3.931852
v 22.482362 16.800000 3.931852
v 22.482362 26.800000 3.931852
v 23.000000 -23.200000 4.000000
v 23.000000 -13.200000 4.000000
v 23.000000 -3.200000 4.000000
v 23.000000 6.800000 4.000000
v 23.000000 16.800000 4.000000
v 23.000000 26.800000 4.000000
v 23.517638 -23.200000 3.931852
v 23.517638 -13.200000 3.931852
v 23.517638 -3.200000 3.931852
v 23.517638 6.800000 3.931852
v 23.517638 16.800000 3.931852
v 23.517638 26.800000 3.931852
v 24.000000 -23.200000 3.732051
v 24.000000 -13.200000 3.732051
v 24.000000 -3.200000 3.732051
v 24.000000 6.800000 3.732051
v 24.000000 16.800000 3.732051
v 24.000000 26.800000 3.732051
v 24.414214 -23.200000 3.414214
v 24.414214 -13.200000 3.414214
v 24.414214 -3.200000 3.414214
v 24.414214 6.800000 3.414214
v 24.414214 16.800000 3.414214
v 24.414214 26.800000 3.414214
v 24.732051 -23.200000 3.000000
v 24.732051 -13.200000 3.000000
v 24.732051 -3.200000 3.000000
v 24.732051 6.800000 3.000000
v 24.732051 16.800000 3.000000
v 24.732051 26.800000 3.000000
v 24.931852 -23.200000 2.517638
v 24.931852 -13.200000 2.517638
v 24.931852 -3.200000 2.517638
v 24.931852 6.800000 2.517638
v 24.931852 16.800000 2.517638
v 24.931852 26.800000 2.517638
vt 35.000000 0.523599 0.000000
vt 25.000000 0.523599 0.000000
vt 35.000000 0.000000 0.000000
vt 25.000000 0.000000 0.000000
vt 35.000000 -0.523599 0.000000
vt 25.000000 -0.523599 0.000000
vt 35.000000 -1.047198 0.000000
vt 25.000000 -1.047198 0.000000
vt 35.000000 -1.570796 0.000000
vt 25.000000 -1.570796 0.000000
vt 35.000000 -2.094395 0.000000
vt 25.000000 -2.094395 0.000000
vt 35.000000 -2.617994 0.000000
vt 25.000000 -2.617994 0.000000
vt 35.000000 -3.141593 0.000000
vt 25.000000 -3.141593 0.000000
vt 35.000000 -3.665191 0.000000
vt 25.000000 -3.665191 0.000000
vt 35.000000 -4.188790 0.000000
vt 25.000000 -4.188790 0.000000
vt 35.000000 -4.712389 0.000000
vt 25.000000 -4.712389 0.000000
vt 35.000000 -5.235988 0.000000
vt 25.000000 -5.235988 0.000000
vt 35.000000 -5.759587 0.000000
vt 25.000000 -5.759587 0.000000
vt 35.000000 -6.283185 0.000000
vt 25.000000 -6.283185 0.000000
vt 35.000000 6.283185 0.000000
vt 25.000000 6.283185 0.000000
vt 35.000000 5.759587 0.000000
vt 25.000000 5.759587 0.000000
vt 35.000000 5.235988 0.000000
vt 25.000000 5.235988 0.000000
vt 35.000000 4.712389 0.000000
vt 25.000000 4.712389 0.000000
vt 35.000000 4.188790 0.000000
vt 25.000000 4.188790 0.000000
vt 35.000000 3.665191 0.000000
vt 25.000000 3.665191 0.000000
vt 35.000000 3.141593 0.000000
vt 25.000000 3.141593 0.000000
vt 35.000000 2.617994 0.000000
vt 25.000000 2.617994 0.000000
vt 35.000000 2.094395 0.000000
vt 25.000000 2.094395 0.000000
vt 35.000000 1.570796 0.000000
vt 25.000000 1.570796 0.000000
vt 35.000000 1.047198 0.000000
vt 25.000000 1.047198 0.000000
vt -35.000000 -0.523599 0.000000
vt -25.000000 -0.523599 0.000000
vt -35.000000 0.000000 0.000000
vt -25.000000 0.000000 0.000000
vt -35.000000 0.523599 0.000000
vt -25.000000 0.523599 0.000000
vt -35.000000 1.047198 0.000000
vt -25.000000 1.047198 0.000000
vt -35.000000 1.570796 0.000000
vt -25.000000 1.570796 0.000000
vt -35.000000 2.094395 0.000000
vt -25.000000 2.094395 0.000000
vt -35.000000 2.617994 0.000000
vt -25.000000 2.617994 0.000000
vt -35.000000 3.141593 0.000000
vt -25.000000 3.141593 0.000000
vt -35.000000 3.665191 0.000000
vt -25.000000 3.665191 0.000000
vt -35.000000 4.188790 0.000000
vt -25.000000 4.188790 0.000000
vt -35.000000 4.712389 0.000000
vt -25.000000 4.712389 0.000000
vt -35.000000 5.235988 0.000000
vt -25.000000 5.235988 0.000000
vt -35.000000 5.759587 0.000000
vt -25.000000 5.759587 0.000000
vt -35.000000 6.283185 0.000000
vt -25.000000 6.283185 0.000000
vt -35.000000 -6.283185 0.000000
vt -25.000000 -6.283185 0.000000
vt -35.000000 -5.759587 0.000000
vt -25.000000 -5.759587 0.000000
vt -35.000000 -5.235988 0.000000
vt -25.000000 -5.235988 0.000000
vt -35.000000 -4.712389 0.000000
vt -25.000000 -4.712389 0.000000
vt -35.000000 -4.188790 0.000000
vt -25.000000 -4.188790 0.000000
vt -35.000000 -3.665191 0.000000
vt -25.000000 -3.665191 0.000000
vt -35.000000 -3.141593 0.000000
vt -25.000000 -3.141593 0.000000
vt -35.000000 -2.617994 0.000000
vt -25.000000 -2.617994 0.000000
vt -35.000000 -2.094395 0.000000
vt -25.000000 -2.094395 0.000000
vt -35.000000 -1.570796 0.000000
vt -25.000000 -1.570796 0.000000
vt -35.000000 -1.047198 0.000000
vt -25.000000 -1.047198 0.000000
vt 15.000000 6.283185 0.000000
vt 15.000000 5.759587 0.000000
vt 15.000000 5.235988 0.000000
vt 15.000000 4.712389 0.000000
vt 15.000000 4.188790 0.000000
vt 15.000000 3.665191 0.000000
vt 15.000000 3.141593 0.000000
vt 15.000000 2.617994 0.000000
vt 15.000000 2.094395 0.000000
vt 15.000000 1.570796 0.000000
vt 15.000000 1.047198 0.000000
vt 15.000000 0.523599 0.000000
vt 15.000000 0.000000 0.000000
vt 15.000000 -0.523599 0.000000
vt 15.000000 -1.047198 0.000000
vt 15.000000 -1.570796 0.000000
vt 15.000000 -2.094395 0.000000
vt 15.000000 -2.617994 0.000000
vt 15.000000 -3.141593 0.000000
vt 15.000000 -3.665191 0.000000
vt 15.000000 -4.188790 0.000000
vt 15.000000 -4.712389 0.000000
vt 15.000000 -5.235988 0.000000
vt 15.000000 -5.759587 0.000000
vt 15.000000 -6.283185 0.000000
vt 5.000000 6.283185 0.000000
vt 5.000000 5.759587 0.000000
vt 5.000000 5.235988 0.000000
vt 5.000000 4.712389 0.000000
vt 5.000000 4.188790 0.000000
vt 5.000000 3.665191 0.000000
vt 5.000000 3.141593 0.000000
vt 5.000000 2.617994 0.000000
vt 5.000000 2.094395 0.000000
vt 5.000000 1.570796 0.000000
vt 5.000000 1.047198 0.000000
vt 5.000000 0.523599 0.000000
vt 5.000000 0.000000 0.000000
vt 5.000000 -0.523599 0.000000
vt 5.000000 -1.047198 0.000000
vt 5.000000 -1.570796 0.000000
vt 5.000000 -2.094395 0.000000
vt 5.000000 -2.617994 0.000000
vt 5.000000 -3.141593 0.000000
vt 5.000000 -3.665191 0.000000
vt 5.000000 -4.188790 0.000000
vt 5.000000 -4.712389 0.000000
vt 5.000000 -5.235988 0.000000
vt 5.000000 -5.759587 0.000000
vt 5.000000 -6.283185 0.000000
vt -5.000000 6.283185 0.000000
vt -5.000000 5.759587 0.000000
vt -5.000000 5.235988 0.000000
vt -5.000000 4.712389 0.000000
vt -5.000000 4.188790 0.000000
vt -5.000000 3.665191 0.000000
vt -5.000000 3.141593 0.000000
vt -5.000000 2.617994 0.000000
vt -5.000000 2.094395 0.000000
vt -5.000000 1.570796 0.000000
vt -5.000000 1.047198 0.000000
vt -5.000000 0.523599 0.000000
vt -5.000000 0.000000 0.000000
vt -5.000000 -0.523599 0.000000
vt -5.000000 -1.047198 0.000000
vt -5.000000 -1.570796 0.000000
vt -5.000000 -2.094395 0.000000
vt -5.000000 -2.617994 0.000000
vt -5.000000 -3.141593 0.000000
vt -5.000000 -3.665191 0.000000
vt -5.000000 -4.188790 0.000000
vt -5.000000 -4.712389 0.000000
vt -5.000000 -5.235988 0.000000
vt -5.000000 -5.759587 0.000000
vt -5.000000 -6.283185 0.000000
vt -15.000000 6.283185 0.000000
vt -15.000000 5.759587 0.000000
vt -15.000000 5.235988 0.000000
vt -15.000000 4.712389 0.000000
vt -15.000000 4.188790 0.000000
vt -15.000000 3.665191 0.000000
vt -15.000000 3.141593 0.000000
vt -15.000000 2.617994 0.000000
vt -15.000000 2.094395 0.000000
vt -15.000000 1.570796 0.000000
vt -15.000000 1.047198 0.000000
vt -15.000000 0.523599 0.000000
vt -15.000000 0.000000 0.000000
vt -15.000000 -0.523599 0.000000
vt -15.000000 -1.047198 0.000000
vt -15.000000 -1.570796 0.000000
vt -15.000000 -2.094395 0.000000
vt -15.000000 -2.617994 0.000000
vt -15.000000 -3.141593 0.000000
vt -15.000000 -3.665191 0.000000
vt -15.000000 -4.188790 0.000000
vt -15.000000 -4.712389 0.000000
vt -15.000000 -5.235988 0.000000
vt -15.000000 -5.759587 0.000000
vt -15.000000 -6.283185 0.000000
vt -1.931852 -0.517638 0.000000
vt 1.931852 -0.517638 0.000000
vt -2.000000 -0.000000 0.000000
vt 2.000000 -0.000000 0.000000
vt -1.931852 0.517638 0.000000
vt 1.931852 0.517638 0.000000
vt -1.732051 1.000000 0.000000
vt 1.732051 1.000000 0.000000
vt -1.414214 1.414214 0.000000
vt 1.414214 1.414214 0.000000
vt -1.000000 1.732051 0.000000
vt 1.000000 1.732051 0.000000
vt -0.517638 1.931852 0.000000
vt 0.517638 1.931852 0.000000
vt 0.000000 2.000000 0.000000
vt 1.732051 -1.000000 0.000000
vt -1.732051 -1.000000 0.000000
vt 1.414214 -1.414214 0.000000
vt -1.414214 -1.414214 0.000000
vt 1.000000 -1.732051 0.000000
vt -1.000000 -1.732051 0.000000
vt 0.517638 -1.931852 0.000000
vt -0.517638 -1.931852 0.000000
vt 0.000000 -2.000000 0.000000
vt 1.931852 0.517638 0.000000
vt -1.931852 0.517638 0.000000
vt 2.000000 0.000000 0.000000
vt -2.000000 0.000000 0.000000
vt 1.931852 -0.517638 0.000000
vt -1.931852 -0.517638 0.000000
vt 1.732051 -1.000000 0.000000
vt -1.732051 -1.000000 0.000000
vt 1.414214 -1.414214 0.000000
vt -1.414214 -1.414214 0.000000
vt 1.000000 -1.732051 0.000000
vt -1.000000 -1.732051 0.000000
vt 0.517638 -1.931852 0.000000
vt -0.517638 -1.931852 0.000000
vt 0.000000 -2.000000 0.000000
vt -1.732051 1.000000 0.000000
vt 1.732051 1.000000 0.000000
vt -1.414214 1.414214 0.000000
vt 1.414214 1.414214 0.000000
vt -1.000000 1.732051 0.000000
vt 1.000000 1.732051 0.000000
vt -0.517638 1.931852 0.000000
vt 0.517638 1.931852 0.000000
vt 0.000000 2.000000 0.000000
vn 0.965926 -0.000000 -0.258819
vn 0.965926 -0.000000 -0.258819
vn 1.000000 -0.000000 -0.000000
vn 1.000000 -0.000000 -0.000000
vn 0.965926 -0.000000 0.258819
vn 0.965926 -0.000000 0.258819
vn 0.866025 -0.000000 0.500000
vn 0.866025 -0.000000 0.500000
vn 0.707107 -0.000000 0.707107
vn 0.707107 -0.000000 0.707107
vn 0.500000 -0.000000 0.866025
vn 0.500000 -0.000000 0.866025
vn 0.258819 -0.000000 0.965926
vn 0.258819 -0.000000 0.965926
vn 0.000000 -0.000000 1.000000
vn 0.000000 -0.000000 1.000000
vn -0.258819 -0.000000 0.965926
vn -0.258819 -0.000000 0.965926
vn -0.500000 -0.000000 0.866025
vn -0.500000 -0.000000 0.866025
vn -0.707107 -0.000000 0.707107
vn -0.707107 -0.000000 0.707107
vn -0.866025 -0.000000 0.500000
vn -0.866025 -0.000000 0.500000
vn -0.965926 -0.000000 0.258819
vn -0.965926 -0.000000 0.258819
vn -1.000000 -0.000000 0.000000
vn -1.000000 -0.000000 0.000000
vn -0.965926 0.000000 -0.258819
vn -0.965926 0.000000 -0.258819
vn -0.866025 0.000000 -0.500000
vn -0.866025 0.000000 -0.500000
vn -0.707107 0.000000 -0.707107
vn -0.707107 0.000000 -0.707107
vn -0.500000 0.000000 -0.866025
vn -0.500000 0.000000 -0.866025
vn -0.258819 0.000000 -0.965926
vn -0.258819 0.000000 -0.965926
vn 0.000000 -0.000000 -1.000000
vn 0.000000 -0.000000 -1.000000
vn 0.258819 -0.000000 -0.965926
vn 0.258819 -0.000000 -0.965926
vn 0.500000 -0.000000 -0.866025
vn 0.500000 -0.000000 -0.866025
vn 0.707107 -0.000000 -0.707107
vn 0.707107 -0.000000 -0.707107
vn 0.866025 -0.000000 -0.500000
vn 0.866025 -0.000000 -0.500000
vn 0.965926 -0.000000 0.258819
vn 0.965926 -0.000000 0.258819
vn 1.000000 -0.000000 -0.000000
vn 1.000000 -0.000000 -0.000000
vn 0.965926 -0.000000 -0.258819
vn 0.965926 -0.000000 -0.258819
vn 0.866025 -0.000000 -0.500000
vn 0.866025 -0.000000 -0.500000
vn 0.707107 -0.000000 -0.707107
vn 0.707107 -0.000000 -0.707107
vn 0.500000 -0.000000 -0.866025
vn 0.500000 -0.000000 -0.866025
vn 0.258819 -0.000000 -0.965926
vn 0.258819 -0.000000 -0.965926
vn 0.000000 -0.000000 -1.000000
vn 0.000000 -0.000000 -1.000000
vn -0.258819 0.000000 -0.965926
vn -0.258819 0.000000 -0.965926
vn -0.500000 0.000000 -0.866025
vn -0.500000 0.000000 -0.866025
vn -0.707107 0.000000 -0.707107
vn -0.707107 0.000000 -0.707107
vn -0.866025 0.000000 -0.500000
vn -0.866025 0.000000 -0.500000
vn -0.965926 0.000000 -0.258819
vn -0.965926 0.000000 -0.258819
vn -1.000000 0.000000 -0.000000
vn -1.000000 0.000000 -0.000000
vn -0.965926 -0.000000 0.258819
vn -0.965926 -0.000000 0.258819
vn -0.866025 -0.000000 0.500000
vn -0.866025 -0.000000 0.500000
vn -0.707107 -0.000000 0.707107
vn -0.707107 -0.000000 0.707107
vn -0.500000 -0.000000 0.866025
vn -0.500000 -0.000000 0.866025
vn -0.258819 -0.000000 0.965926
vn -0.258819 -0.000000 0.965926
vn 0.000000 -0.000000 1.000000
vn 0.000000 -0.000000 1.000000
vn 0.258819 -0.000000 0.965926
vn 0.258819 -0.000000 0.965926
vn 0.500000 -0.000000 0.866025
vn 0.500000 -0.000000 0.866025
vn 0.707107 -0.000000 0.707107
vn 0.707107 -0.000000 0.707107
vn 0.866025 -0.000000 0.500000
vn 0.866025 -0.000000 0.500000
vn -1.000000 0.000000 -0.000000
vn -0.965926 0.000000 -0.258819
vn -0.866025 0.000000 -0.500000
vn -0.707107 0.000000 -0.707107
vn -0.500000 0.000000 -0.866025
vn -0.258819 0.000000 -0.965926
vn 0.000000 -0.000000 -1.000000
vn 0.258819 -0.000000 -0.965926
vn 0.500000 -0.000000 -0.866025
vn 0.707107 -0.000000 -0.707107
vn 0.866025 -0.000000 -0.500000
vn 0.965926 -0.000000 -0.258819
vn 1.000000 -0.000000 -0.000000
vn 0.965926 -0.000000 0.258819
vn 0.866025 -0.000000 0.500000
vn 0.707107 -0.000000 0.707107
vn 0.500000 -0.000000 0.866025
vn 0.258819 -0.000000 0.965926
vn 0.000000 -0.000000 1.000000
vn -0.258819 -0.000000 0.965926
vn -0.500000 -0.000000 0.866025
vn -0.707107 -0.000000 0.707107
vn -0.866025 -0.000000 0.500000
vn -0.965926 -0.000000 0.258819
vn -1.000000 0.000000 -0.000000
vn -0.965926 0.000000 -0.258819
vn -0.866025 0.000000 -0.500000
vn -0.707107 0.000000 -0.707107
vn -0.500000 0.000000 -0.866025
vn -0.258819 0.000000 -0.965926
vn 0.000000 -0.000000 -1.000000
vn 0.258819 -0.000000 -0.965926
vn 0.500000 -0.000000 -0.866025
vn 0.707107 -0.000000 -0.707107
vn 0.866025 -0.000000 -0.500000
vn 0.965926 -0.000000 -0.258819
vn 1.000000 -0.000000 -0.000000
vn 0.965926 -0.000000 0.258819
vn 0.866025 -0.000000 0.500000
vn 0.707107 -0.000000 0.707107
vn 0.500000 -0.000000 0.866025
vn 0.258819 -0.000000 0.965926
vn 0.000000 -0.000000 1.000000
vn -0.258819 -0.000000 0.965926
vn -0.500000 -0.000000 0.866025
vn -0.707107 -0.000000 0.707107
vn -0.866025 -0.000000 0.500000
vn -0.965926 -0.000000 0.258819
vn -1.000000 0.000000 -0.000000
vn -0.965926 0.000000 -0.258819
vn -0.866025 0.000000 -0.500000
vn -0.707107 0.000000 -0.707107
vn -0.500000 0.000000 -0.866025
vn -0.258819 0.000000 -0.965926
vn 0.000000 -0.000000 -1.000000
vn 0.258819 -0.000000 -0.965926
vn 0.500000 -0.000000 -0.866025
vn 0.707107 -0.000000 -0.707107
vn 0.866025 -0.000000 -0.500000
vn 0.965926 -0.000000 -0.258819
vn 1.000000 -0.000000 -0.000000
vn 0.965926 -0.000000 0.258819
vn 0.866025 -0.000000 0.500000
vn 0.707107 -0.000000 0.707107
vn 0.500000 -0.000000 0.866025
vn 0.258819 -0.000000 0.965926
vn 0.000000 -0.000000 1.000000
vn -0.258819 -0.000000 0.965926
vn -0.500000 -0.000000 0.866025
vn -0.707107 -0.000000 0.707107
vn -0.866025 -0.000000 0.500000
vn -0.965926 -0.000000 0.258819
vn -1.000000 0.000000 -0.000000
vn -0.965926 0.000000 -0.258819
vn -0.866025 0.000000 -0.500000
vn -0.707107 0.000000 -0.707107
vn -0.500000 0.000000 -0.866025
vn -0.258819 0.000000 -0.965926
vn 0.000000 -0.000000 -1.000000
vn 0.258819 -0.000000 -0.965926
vn 0.500000 -0.000000 -0.866025
vn 0.707107 -0.000000 -0.707107
vn 0.866025 -0.000000 -0.500000
vn 0.965926 -0.000000 -0.258819
vn 1.000000 -0.000000 -0.000000
vn 0.965926 -0.000000 0.258819
vn 0.866025 -0.000000 0.500000
vn 0.707107 -0.000000 0.707107
vn 0.500000 -0.000000 0.866025
vn 0.258819 -0.000000 0.965926
vn 0.000000 -0.000000 1.000000
vn -0.258819 -0.000000 0.965926
vn -0.500000 -0.000000 0.866025
vn -0.707107 -0.000000 0.707107
vn -0.866025 -0.000000 0.500000
vn -0.965926 -0.000000 0.258819
vn 0.000000 -1.000000 0.000000
vn 0.000000 -1.000000 0.000000
vn 0.000000 -1.000000 0.000000
vn 0.000000 -1.000000 0.000000
vn 0.000000 -1.000000 0.000000
vn 0.000000 -1.000000 0.000000
vn 0.000000 -1.000000 0.000000
vn 0.000000 -1.000000 0.000000
vn 0.000000 -1.000000 0.000000
vn 0.000000 -1.000000 0.000000
vn 0.000000 -1.000000 0.000000
vn 0.000000 -1.000000 0.000000
vn 0.000000 -1.000000 0.000000
vn 0.000000 -1.000000 0.000000
vn 0.000000 -1.000000 0.000000
vn 0.000000 -1.000000 0.000000
vn 0.000000 -1.000000 0.000000
vn 0.000000 -1.000000 0.000000
vn 0.000000 -1.000000 0.000000
vn 0.000000 -1.000000 0.000000
vn 0.000000 -1.000000 0.000000
vn 0.000000 -1.000000 0.000000
vn 0.000000 -1.000000 0.000000
vn 0.000000 -1.000000 0.000000
vn 0.000000 1.000000 0.000000
vn 0.000000 1.000000 0.000000
vn 0.000000 1.000000 0.000000
vn 0.000000 1.000000 0.000000
vn 0.000000 1.000000 0.000000
vn 0.000000 1.000000 0.000000
vn 0.000000 1.000000 0.000000
vn 0.000000 1.000000 0.000000
vn 0.000000 1.000000 0.000000
vn 0.000000 1.000000 0.000000
vn 0.000000 1.000000 0.000000
vn 0.000000 1.000000 0.000000
vn 0.000000 1.000000 0.000000
vn 0.000000 1.000000 0.000000
vn 0.000000 1.000000 0.000000
vn 0.000000 1.000000 0.000000
vn 0.000000 1.000000 0.000000
vn 0.000000 1.000000 0.000000
vn 0.000000 1.000000 0.000000
vn 0.000000 1.000000 0.000000
vn 0.000000 1.000000 0.000000
vn 0.000000 1.000000 0.000000
vn 0.000000 1.000000 0.000000
vn 0.000000 1.000000 0.000000
f 1034/1268/1225 1087/1269/1226 1033/1270/1227
f 1033/1270/1227 1087/1269/1226 1098/1271/1228
f 1033/1270/1227 1098/1271/1228 1056/1272/1229
f 1056/1272/1229 1098/1271/1228 1219/1273/1230
f 1056/1272/1229 1219/1273/1230 1055/1274/1231
f 1055/1274/1231 1219/1273/1230 1213/1275/1232
f 1055/1274/1231 1213/1275/1232 1054/1276/1233
f 1054/1276/1233 1213/1275/1232 1207/1277/1234
f 1054/1276/1233 1207/1277/1234 1053/1278/1235
f 1053/1278/1235 1207/1277/1234 1201/1279/1236
f 1053/1278/1235 1201/1279/1236 1052/1280/1237
f 1052/1280/1237 1201/1279/1236 1195/1281/1238
f 1052/1280/1237 1195/1281/1238 1051/1282/1239
f 1051/1282/1239 1195/1281/1238 1189/1283/1240
f 1051/1282/1239 1189/1283/1240 1050/1284/1241
f 1050/1284/1241 1189/1283/1240 1183/1285/1242
f 1050/1284/1241 1183/1285/1242 1049/1286/1243
f 1049/1286/1243 1183/1285/1242 1177/1287/1244
f 1049/1286/1243 1177/1287/1244 1048/1288/1245
f 1048/1288/1245 1177/1287/1244 1171/1289/1246
f 1048/1288/1245 1171/1289/1246 1047/1290/1247
f 1047/1290/1247 1171/1289/1246 1165/1291/1248
f 1047/1290/1247 1165/1291/1248 1046/1292/1249
f 1046/1292/1249 1165/1291/1248 1159/1293/1250
f 1046/1292/1249 1159/1293/1250 1045/1294/1251
f 1045/1294/1251 1159/1293/1250 1081/1295/1252
f 1045/1296/1251 1081/1297/1252 1044/1298/1253
f 1044/1298/1253 1081/1297/1252 1153/1299/1254
f 1044/1298/1253 1153/1299/1254 1043/1300/1255
f 1043/1300/1255 1153/1299/1254 1147/1301/1256
f 1043/1300/1255 1147/1301/1256 1042/1302/1257
f 1042/1302/1257 1147/1301/1256 1141/1303/1258
f 1042/1302/1257 1141/1303/1258 1041/1304/1259
f 1041/1304/1259 1141/1303/1258 1135/1305/1260
f 1041/1304/1259 1135/1305/1260 1040/1306/1261
f 1040/1306/1261 1135/1305/1260 1129/1307/1262
f 1040/1306/1261 1129/1307/1262 1039/1308/1263
f 1039/1308/1263 1129/1307/1262 1123/1309/1264
f 1039/1308/1263 1123/1309/1264 1038/1310/1265
f 1038/1310/1265 1123/1309/1264 1117/1311/1266
f 1038/1310/1265 1117/1311/1266 1037/1312/1267
f 1037/1312/1267 1117/1311/1266 1111/1313/1268
f 1037/1312/1267 1111/1313/1268 1036/1314/1269
f 1036/1314/1269 1111/1313/1268 1105/1315/1270
f 1036/1314/1269 1105/1315/1270 1035/1316/1271
f 1035/1316/1271 1105/1315/1270 1099/1317/1272
f 1035/1316/1271 1099/1317/1272 1034/1268/1225
f 1034/1268/1225 1099/1317/1272 1087/1269/1226
f 1058/1318/1273 1224/1319/1274 1057/1320/1275
f 1057/1320/1275 1224/1319/1274 1093/1321/1276
f 1057/1320/1275 1093/1321/1276 1080/1322/1277
f 1080/1322/1277 1093/1321/1276 1092/1323/1278
f 1080/1322/1277 1092/1323/1278 1079/1324/1279
f 1079/1324/1279 1092/1323/1278 1104/1325/1280
f 1079/1324/1279 1104/1325/1280 1078/1326/1281
f 1078/1326/1281 1104/1325/1280 1110/1327/1282
f 1078/1326/1281 1110/1327/1282 1077/1328/1283
f 1077/1328/1283 1110/1327/1282 1116/1329/1284
f 1077/1328/1283 1116/1329/1284 1076/1330/1285
f 1076/1330/1285 1116/1329/1284 1122/1331/1286
f 1076/1330/1285 1122/1331/1286 1075/1332/1287
f 1075/1332/1287 1122/1331/1286 1128/1333/1288
f 1075/1332/1287 1128/1333/1288 1074/1334/1289
f 1074/1334/1289 1128/1333/1288 1134/1335/1290
f 1074/1334/1289 1134/1335/1290 1073/1336/1291
f 1073/1336/1291 1134/1335/1290 1140/1337/1292
f 1073/1336/1291 1140/1337/1292 1072/1338/1293
f 1072/1338/1293 1140/1337/1292 1146/1339/1294
f 1072/1338/1293 1146/1339/1294 1071/1340/1295
f 1071/1340/1295 1146/1339/1294 1152/1341/1296
f 1071/1340/1295 1152/1341/1296 1070/1342/1297
f 1070/1342/1297 1152/1341/1296 1158/1343/1298
f 1070/1342/1297 1158/1343/1298 1069/1344/1299
f 1069/1344/1299 1158/1343/1298 1086/1345/1300
f 1069/1346/1299 1086/1347/1300 1068/1348/1301
f 1068/1348/1301 1086/1347/1300 1164/1349/1302
f 1068/1348/1301 1164/1349/1302 1067/1350/1303
f 1067/1350/1303 1164/1349/1302 1170/1351/1304
f 1067/1350/1303 1170/1351/1304 1066/1352/1305
f 1066/1352/1305 1170/1351/1304 1176/1353/1306
f 1066/1352/1305 1176/1353/1306 1065/1354/1307
f 1065/1354/1307 1176/1353/1306 1182/1355/1308
f 1065/1354/1307 1182/1355/1308 1064/1356/1309
f 1064/1356/1309 1182/1355/1308 1188/1357/1310
f 1064/1356/1309 1188/1357/1310 1063/1358/1311
f 1063/1358/1311 1188/1357/1310 1194/1359/1312
f 1063/1358/1311 1194/1359/1312 1062/1360/1313
f 1062/1360/1313 1194/1359/1312 1200/1361/1314
f 1062/1360/1313 1200/1361/1314 1061/1362/1315
f 1061/1362/1315 1200/1361/1314 1206/1363/1316
f 1061/1362/1315 1206/1363/1316 1060/1364/1317
f 1060/1364/1317 1206/1363/1316 1212/1365/1318
f 1060/1364/1317 1212/1365/1318 1059/1366/1319
f 1059/1366/1319 1212/1365/1318 1218/1367/1320
f 1059/1366/1319 1218/1367/1320 1058/1318/1273
f 1058/1318/1273 1218/1367/1320 1224/1319/1274
f 1081/1297/1252 1082/1368/1321 1153/1299/1254
f 1153/1299/1254 1082/1368/1321 1154/1369/1322
f 1153/1299/1254 1154/1369/1322 1147/1301/1256
f 1147/1301/1256 1154/1369/1322 1148/1370/1323
f 1147/1301/1256 1148/1370/1323 1141/1303/1258
f 1141/1303/1258 1148/1370/1323 1142/1371/1324
f 1141/1303/1258 1142/1371/1324 1135/1305/1260
f 1135/1305/1260 1142/1371/1324 1136/1372/1325
f 1135/1305/1260 1136/1372/1325 1129/1307/1262
f 1129/1307/1262 1136/1372/1325 1130/1373/1326
f 1129/1307/1262 1130/1373/1326 1123/1309/1264
f 1123/1309/1264 1130/1373/1326 1124/1374/1327
f 1123/1309/1264 1124/1374/1327 1117/1311/1266
f 1117/1311/1266 1124/1374/1327 1118/1375/1328
f 1117/1311/1266 1118/1375/1328 1111/1313/1268
f 1111/1313/1268 1118/1375/1328 1112/1376/1329
f 1111/1313/1268 1112/1376/1329 1105/1315/1270
f 1105/1315/1270 1112/1376/1329 1106/1377/1330
f 1105/1315/1270 1106/1377/1330 1099/1317/1272
f 1099/1317/1272 1106/1377/1330 1100/1378/1331
f 1099/1317/1272 1100/1378/1331 1087/1269/1226
f 1087/1269/1226 1100/1378/1331 1088/1379/1332
f 1087/1269/1226 1088/1379/1332 1098/1271/1228
f 1098/1271/1228 1088/1379/1332 1097/1380/1333
f 1098/1271/1228 1097/1380/1333 1219/1273/1230
f 1219/1273/1230 1097/1380/1333 1220/1381/1334
f 1219/1273/1230 1220/1381/1334 1213/1275/1232
f 1213/1275/1232 1220/1381/1334 1214/1382/1335
f 1213/1275/1232 1214/1382/1335 1207/1277/1234
f 1207/1277/1234 1214/1382/1335 1208/1383/1336
f 1207/1277/1234 1208/1383/1336 1201/1279/1236
f 1201/1279/1236 1208/1383/1336 1202/1384/1337
f 1201/1279/1236 1202/1384/1337 1195/1281/1238
f 1195/1281/1238 1202/1384/1337 1196/1385/1338
f 1195/1281/1238 1196/1385/1338 1189/1283/1240
f 1189/1283/1240 1196/1385/1338 1190/1386/1339
f 1189/1283/1240 1190/1386/1339 1183/1285/1242
f 1183/1285/1242 1190/1386/1339 1184/1387/1340
f 1183/1285/1242 1184/1387/1340 1177/1287/1244
f 1177/1287/1244 1184/1387/1340 1178/1388/1341
f 1177/1287/1244 1178/1388/1341 1171/1289/1246
f 1171/1289/1246 1178/1388/1341 1172/1389/1342
f 1171/1289/1246 1172/1389/1342 1165/1291/1248
f 1165/1291/1248 1172/1389/1342 1166/1390/1343
f 1165/1291/1248 1166/1390/1343 1159/1293/1250
f 1159/1293/1250 1166/1390/1343 1160/1391/1344
f 1159/1293/1250 1160/1391/1344 1081/1295/1252
f 1081/1295/1252 1160/1391/1344 1082/1392/1321
f 1082/1368/1321 1083/1393/1345 1154/1369/1322
f 1154/1369/1322 1083/1393/1345 1155/1394/1346
f 1154/1369/1322 1155/1394/1346 1148/1370/1323
f 1148/1370/1323 1155/1394/1346 1149/1395/1347
f 1148/1370/1323 1149/1395/1347 1142/1371/1324
f 1142/1371/1324 1149/1395/1347 1143/1396/1348
f 1142/1371/1324 1143/1396/1348 1136/1372/1325
f 1136/1372/1325 1143/1396/1348 1137/1397/1349
f 1136/1372/1325 1137/1397/1349 1130/1373/1326
f 1130/1373/1326 1137/1397/1349 1131/1398/1350
f 1130/1373/1326 1131/1398/1350 1124/1374/1327
f 1124/1374/1327 1131/1398/1350 1125/1399/1351
f 1124/1374/1327 1125/1399/1351 1118/1375/1328
f 1118/1375/1328 1125/1399/1351 1119/1400/1352
f 1118/1375/1328 1119/1400/1352 1112/1376/1329
f 1112/1376/1329 1119/1400/1352 1113/1401/1353
f 1112/1376/1329 1113/1401/1353 1106/1377/1330
f 1106/1377/1330 1113/1401/1353 1107/1402/1354
f 1106/1377/1330 1107/1402/1354 1100/1378/1331
f 1100/1378/1331 1107/1402/1354 1101/1403/1355
f 1100/1378/1331 1101/1403/1355 1088/1379/1332
f 1088/1379/1332 1101/1403/1355 1089/1404/1356
f 1088/1379/1332 1089/1404/1356 1097/1380/1333
f 1097/1380/1333 1089/1404/1356 1096/1405/1357
f 1097/1380/1333 1096/1405/1357 1220/1381/1334
f 1220/1381/1334 1096/1405/1357 1221/1406/1358
f 1220/1381/1334 1221/1406/1358 1214/1382/1335
f 1214/1382/1335 1221/1406/1358 1215/1407/1359
f 1214/1382/1335 1215/1407/1359 1208/1383/1336
f 1208/1383/1336 1215/1407/1359 1209/1408/1360
f 1208/1383/1336 1209/1408/1360 1202/1384/1337
f 1202/1384/1337 1209/1408/1360 1203/1409/1361
f 1202/1384/1337 1203/1409/1361 1196/1385/1338
f 1196/1385/1338 1203/1409/1361 1197/1410/1362
f 1196/1385/1338 1197/1410/1362 1190/1386/1339
f 1190/1386/1339 1197/1410/1362 1191/1411/1363
f 1190/1386/1339 1191/1411/1363 1184/1387/1340
f 1184/1387/1340 1191/1411/1363 1185/1412/1364
f 1184/1387/1340 1185/1412/1364 1178/1388/1341
f 1178/1388/1341 1185/1412/1364 1179/1413/1365
f 1178/1388/1341 1179/1413/1365 1172/1389/1342
f 1172/1389/1342 1179/1413/1365 1173/1414/1366
f 1172/1389/1342 1173/1414/1366 1166/1390/1343
f 1166/1390/1343 1173/1414/1366 1167/1415/1367
f 1166/1390/1343 1167/1415/1367 1160/1391/1344
f 1160/1391/1344 1167/1415/1367 1161/1416/1368
f 1160/1391/1344 1161/1416/1368 1082/1392/1321
f 1082/1392/1321 1161/1416/1368 1083/1417/1345
f 1083/1393/1345 1084/1418/1369 1155/1394/1346
f 1155/1394/1346 1084/1418/1369 1156/1419/1370
f 1155/1394/1346 1156/1419/1370 1149/1395/1347
f 1149/1395/1347 1156/1419/1370 1150/1420/1371
f 1149/1395/1347 1150/1420/1371 1143/1396/1348
f 1143/1396/1348 1150/1420/1371 1144/1421/1372
f 1143/1396/1348 1144/1421/1372 1137/1397/1349
f 1137/1397/1349 1144/1421/1372 1138/1422/1373
f 1137/1397/1349 1138/1422/1373 1131/1398/1350
f 1131/1398/1350 1138/1422/1373 1132/1423/1374
f 1131/1398/1350 1132/1423/1374 1125/1399/1351
f 1125/1399/1351 1132/1423/1374 1126/1424/1375
f 1125/1399/1351 1126/1424/1375 1119/1400/1352
f 1119/1400/1352 1126/1424/1375 1120/1425/1376
f 1119/1400/1352 1120/1425/1376 1113/1401/1353
f 1113/1401/1353 1120/1425/1376 1114/1426/1377
f 1113/1401/1353 1114/1426/1377 1107/1402/1354
f 1107/1402/1354 1114/1426/1377 1108/1427/1378
f 1107/1402/1354 1108/1427/1378 1101/1403/1355
f 1101/1403/1355 1108/1427/1378 1102/1428/1379
f 1101/1403/1355 1102/1428/1379 1089/1404/1356
f 1089/1404/1356 1102/1428/1379 1090/1429/1380
f 1089/1404/1356 1090/1429/1380 1096/1405/1357
f 1096/1405/1357 1090/1429/1380 1095/1430/1381
f 1096/1405/1357 1095/1430/1381 1221/1406/1358
f 1221/1406/1358 1095/1430/1381 1222/1431/1382
f 1221/1406/1358 1222/1431/1382 1215/1407/1359
f 1215/1407/1359 1222/1431/1382 1216/1432/1383
f 1215/1407/1359 1216/1432/1383 1209/1408/1360
f 1209/1408/1360 1216/1432/1383 1210/1433/1384
f 1209/1408/1360 1210/1433/1384 1203/1409/1361
f 1203/1409/1361 1210/1433/1384 1204/1434/1385
f 1203/1409/1361 1204/1434/1385 1197/1410/1362
f 1197/1410/1362 1204/1434/1385 1198/1435/1386
f 1197/1410/1362 1198/1435/1386 1191/1411/1363
f 1191/1411/1363 1198/1435/1386 1192/1436/1387
f 1191/1411/1363 1192/1436/1387 1185/1412/1364
f 1185/1412/1364 1192/1436/1387 1186/1437/1388
f 1185/1412/1364 1186/1437/1388 1179/1413/1365
f 1179/1413/1365 1186/1437/1388 1180/1438/1389
f 1179/1413/1365 1180/1438/1389 1173/1414/1366
f 1173/1414/1366 1180/1438/1389 1174/1439/1390
f 1173/1414/1366 1174/1439/1390 1167/1415/1367
f 1167/1415/1367 1174/1439/1390 1168/1440/1391
f 1167/1415/1367 1168/1440/1391 1161/1416/1368
f 1161/1416/1368 1168/1440/1391 1162/1441/1392
f 1161/1416/1368 1162/1441/1392 1083/1417/1345
f 1083/1417/1345 1162/1441/1392 1084/1442/1369
f 1084/1418/1369 1085/1443/1393 1156/1419/1370
f 1156/1419/1370 1085/1443/1393 1157/1444/1394
f 1156/1419/1370 1157/1444/1394 1150/1420/1371
f 1150/1420/1371 1157/1444/1394 1151/1445/1395
f 1150/1420/1371 1151/1445/1395 1144/1421/1372
f 1144/1421/1372 1151/1445/1395 1145/1446/1396
f 1144/1421/1372 1145/1446/1396 1138/1422/1373
f 1138/1422/1373 1145/1446/1396 1139/1447/1397
f 1138/1422/1373 1139/1447/1397 1132/1423/1374
f 1132/1423/1374 1139/1447/1397 1133/1448/1398
f 1132/1423/1374 1133/1448/1398 1126/1424/1375
f 1126/1424/1375 1133/1448/1398 1127/1449/1399
f 1126/1424/1375 1127/1449/1399 1120/1425/1376
f 1120/1425/1376 1127/1449/1399 1121/1450/1400
f 1120/1425/1376 1121/1450/1400 1114/1426/1377
f 1114/1426/1377 1121/1450/1400 1115/1451/1401
f 1114/1426/1377 1115/1451/1401 1108/1427/1378
f 1108/1427/1378 1115/1451/1401 1109/1452/1402
f 1108/1427/1378 1109/1452/1402 1102/1428/1379
f 1102/1428/1379 1109/1452/1402 1103/1453/1403
f 1102/1428/1379 1103/1453/1403 1090/1429/1380
f 1090/1429/1380 1103/1453/1403 1091/1454/1404
f 1090/1429/1380 1091/1454/1404 1095/1430/1381
f 1095/1430/1381 1091/1454/1404 1094/1455/1405
f 1095/1430/1381 1094/1455/1405 1222/1431/1382
f 1222/1431/1382 1094/1455/1405 1223/1456/1406
f 1222/1431/1382 1223/1456/1406 1216/1432/1383
f 1216/1432/1383 1223/1456/1406 1217/1457/1407
f 1216/1432/1383 1217/1457/1407 1210/1433/1384
f 1210/1433/1384 1217/1457/1407 1211/1458/1408
f 1210/1433/1384 1211/1458/1408 1204/1434/1385
f 1204/1434/1385 1211/1458/1408 1205/1459/1409
f 1204/1434/1385 1205/1459/1409 1198/1435/1386
f 1198/1435/1386 1205/1459/1409 1199/1460/1410
f 1198/1435/1386 1199/1460/1410 1192/1436/1387
f 1192/1436/1387 1199/1460/1410 1193/1461/1411
f 1192/1436/1387 1193/1461/1411 1186/1437/1388
f 1186/1437/1388 1193/1461/1411 1187/1462/1412
f 1186/1437/1388 1187/1462/1412 1180/1438/1389
f 1180/1438/1389 1187/1462/1412 1181/1463/1413
f 1180/1438/1389 1181/1463/1413 1174/1439/1390
f 1174/1439/1390 1181/1463/1413 1175/1464/1414
f 1174/1439/1390 1175/1464/1414 1168/1440/1391
f 1168/1440/1391 1175/1464/1414 1169/1465/1415
f 1168/1440/1391 1169/1465/1415 1162/1441/1392
f 1162/1441/1392 1169/1465/1415 1163/1466/1416
f 1162/1441/1392 1163/1466/1416 1084/1442/1369
f 1084/1442/1369 1163/1466/1416 1085/1467/1393
f 1085/1443/1393 1086/1345/1300 1157/1444/1394
f 1157/1444/1394 1086/1345/1300 1158/1343/1298
f 1157/1444/1394 1158/1343/1298 1151/1445/1395
f 1151/1445/1395 1158/1343/1298 1152/1341/1296
f 1151/1445/1395 1152/1341/1296 1145/1446/1396
f 1145/1446/1396 1152/1341/1296 1146/1339/1294
f 1145/1446/1396 1146/1339/1294 1139/1447/1397
f 1139/1447/1397 1146/1339/1294 1140/1337/1292
f 1139/1447/1397 1140/1337/1292 1133/1448/1398
f 1133/1448/1398 1140/1337/1292 1134/1335/1290
f 1133/1448/1398 1134/1335/1290 1127/1449/1399
f 1127/1449/1399 1134/1335/1290 1128/1333/1288
f 1127/1449/1399 1128/1333/1288 1121/1450/1400
f 1121/1450/1400 1128/1333/1288 1122/1331/1286
f 1121/1450/1400 1122/1331/1286 1115/1451/1401
f 1115/1451/1401 1122/1331/1286 1116/1329/1284
f 1115/1451/1401 1116/1329/1284 1109/1452/1402
f 1109/1452/1402 1116/1329/1284 1110/1327/1282
f 1109/1452/1402 1110/1327/1282 1103/1453/1403
f 1103/1453/1403 1110/1327/1282 1104/1325/1280
f 1103/1453/1403 1104/1325/1280 1091/1454/1404
f 1091/1454/1404 1104/1325/1280 1092/1323/1278
f 1091/1454/1404 1092/1323/1278 1094/1455/1405
f 1094/1455/1405 1092/1323/1278 1093/1321/1276
f 1094/1455/1405 1093/1321/1276 1223/1456/1406
f 1223/1456/1406 1093/1321/1276 1224/1319/1274
f 1223/1456/1406 1224/1319/1274 1217/1457/1407
f 1217/1457/1407 1224/1319/1274 1218/1367/1320
f 1217/1457/1407 1218/1367/1320 1211/1458/1408
f 1211/1458/1408 1218/1367/1320 1212/1365/1318
f 1211/1458/1408 1212/1365/1318 1205/1459/1409
f 1205/1459/1409 1212/1365/1318 1206/1363/1316
f 1205/1459/1409 1206/1363/1316 1199/1460/1410
f 1199/1460/1410 1206/1363/1316 1200/1361/1314
f 1199/1460/1410 1200/1361/1314 1193/1461/1411
f 1193/1461/1411 1200/1361/1314 1194/1359/1312
f 1193/1461/1411 1194/1359/1312 1187/1462/1412
f 1187/1462/1412 1194/1359/1312 1188/1357/1310
f 1187/1462/1412 1188/1357/1310 1181/1463/1413
f 1181/1463/1413 1188/1357/1310 1182/1355/1308
f 1181/1463/1413 1182/1355/1308 1175/1464/1414
f 1175/1464/1414 1182/1355/1308 1176/1353/1306
f 1175/1464/1414 1176/1353/1306 1169/1465/1415
f 1169/1465/1415 1176/1353/1306 1170/1351/1304
f 1169/1465/1415 1170/1351/1304 1163/1466/1416
f 1163/1466/1416 1170/1351/1304 1164/1349/1302
f 1163/1466/1416 1164/1349/1302 1085/1467/1393
f 1085/1467/1393 1164/1349/1302 1086/1347/1300
f 1056/1468/1417 1046/1469/1418 1033/1470/1419
f 1033/1470/1419 1046/1469/1418 1045/1471/1420
f 1033/1470/1419 1045/1471/1420 1034/1472/1421
f 1034/1472/1421 1045/1471/1420 1044/1473/1422
f 1034/1472/1421 1044/1473/1422 1035/1474/1423
f 1035/1474/1423 1044/1473/1422 1043/1475/1424
f 1035/1474/1423 1043/1475/1424 1036/1476/1425
f 1036/1476/1425 1043/1475/1424 1042/1477/1426
f 1036/1476/1425 1042/1477/1426 1037/1478/1427
f 1037/1478/1427 1042/1477/1426 1041/1479/1428
f 1037/1478/1427 1041/1479/1428 1038/1480/1429
f 1038/1480/1429 1041/1479/1428 1040/1481/1430
f 1038/1480/1429 1040/1481/1430 1039/1482/1431
f 1046/1469/1418 1056/1468/1417 1047/1483/1432
f 1047/1483/1432 1056/1468/1417 1055/1484/1433
f 1047/1483/1432 1055/1484/1433 1048/1485/1434
f 1048/1485/1434 1055/1484/1433 1054/1486/1435
f 1048/1485/1434 1054/1486/1435 1049/1487/1436
f 1049/1487/1436 1054/1486/1435 1053/1488/1437
f 1049/1487/1436 1053/1488/1437 1050/1489/1438
f 1050/1489/1438 1053/1488/1437 1052/1490/1439
f 1050/1489/1438 1052/1490/1439 1051/1491/1440
f 1080/1492/1441 1070/1493/1442 1057/1494/1443
f 1057/1494/1443 1070/1493/1442 1069/1495/1444
f 1057/1494/1443 1069/1495/1444 1058/1496/1445
f 1058/1496/1445 1069/1495/1444 1068/1497/1446
f 1058/1496/1445 1068/1497/1446 1059/1498/1447
f 1059/1498/1447 1068/1497/1446 1067/1499/1448
f 1059/1498/1447 1067/1499/1448 1060/1500/1449
f 1060/1500/1449 1067/1499/1448 1066/1501/1450
f 1060/1500/1449 1066/1501/1450 1061/1502/1451
f 1061/1502/1451 1066/1501/1450 1065/1503/1452
f 1061/1502/1451 1065/1503/1452 1062/1504/1453
f 1062/1504/1453 1065/1503/1452 1064/1505/1454
f 1062/1504/1453 1064/1505/1454 1063/1506/1455
f 1070/1493/1442 1080/1492/1441 1071/1507/1456
f 1071/1507/1456 1080/1492/1441 1079/1508/1457
f 1071/1507/1456 1079/1508/1457 1072/1509/1458
f 1072/1509/1458 1079/1508/1457 1078/1510/1459
f 1072/1509/1458 1078/1510/1459 1073/1511/1460
f 1073/1511/1460 1078/1510/1459 1077/1512/1461
f 1073/1511/1460 1077/1512/1461 1074/1513/1462
f 1074/1513/1462 1077/1512/1461 1076/1514/1463
f 1074/1513/1462 1076/1514/1463 1075/1515/1464
g Brace_R

v 24.500000 -3.200000 75.000000
v 24.448889 -3.540467 74.813443
v 24.299038 -3.857732 74.639599
v 24.060660 -4.130173 74.490316
v 23.750000 -4.339225 74.375767
v 23.388229 -4.470640 74.303759
v 23.000000 -4.515464 74.279198
v 22.611771 -4.470640 74.303759
v 22.250000 -4.339225 74.375767
v 21.939340 -4.130173 74.490316
v 21.700962 -3.857732 74.639599
v 21.551111 -3.540467 74.813443
v 21.500000 -3.200000 75.000000
v 21.551111 -2.859533 75.186557
v 21.700962 -2.542268 75.360401
v 21.939340 -2.269827 75.509684
v 22.250000 -2.060775 75.624233
v 22.611771 -1.929360 75.696241
v 23.000000 -1.884536 75.720802
v 23.388229 -1.929360 75.696241
v 23.750000 -2.060775 75.624233
v 24.060660 -2.269827 75.509684
v 24.299038 -2.542268 75.360401
v 24.448889 -2.859533 75.186557
v 24.500000 36.800000 2.000000
v 24.448889 37.140467 2.186557
v 24.299038 37.457732 2.360401
v 24.060660 37.730173 2.509684
v 23.750000 37.939225 2.624233
v 23.388229 38.070640 2.696241
v 23.000000 38.115464 2.720802
v 22.611771 38.070640 2.696241
v 22.250000 37.939225 2.624233
v 21.939340 37.730173 2.509684
v 21.700962 37.457732 2.360401
v 21.551111 37.140467 2.186557
v 21.500000 36.800000 2.000000
v 21.551111 36.459533 1.813443
v 21.700962 36.142268 1.639599
v 21.939340 35.869827 1.490316
v 22.250000 35.660775 1.375767
v 22.611771 35.529360 1.303759
v 23.000000 35.484536 1.279198
v 23.388229 35.529360 1.303759
v 23.750000 35.660775 1.375767
v 24.060660 35.869827 1.490316
v 24.299038 36.142268 1.639599
v 24.448889 36.459533 1.813443
v 21.500000 0.800000 67.700000
v 21.500000 4.800000 60.400000
v 21.500000 8.800000 53.100000
v 21.500000 12.800000 45.800000
v 21.500000 16.800000 38.500000
v 21.500000 20.800000 31.200000
v 21.500000 24.800000 23.900000
v 21.500000 28.800000 16.600000
v 21.500000 32.800000 9.300000
v 24.448889 0.459533 67.513443
v 24.448889 4.459533 60.213443
v 24.448889 8.459533 52.913443
v 24.448889 12.459533 45.613443
v 24.448889 16.459533 38.313443
v 24.448889 20.459533 31.013443
v 24.448889 24.459533 23.713443
v 24.448889 28.459533 16.413443
v 24.448889 32.459533 9.113443
v 24.500000 32.800000 9.300000
v 24.500000 28.800000 16.600000
v 24.500000 24.800000 23.900000
v 24.500000 20.800000 31.200000
v 24.500000 16.800000 38.500000
v 24.500000 12.800000 45.800000
v 24.500000 8.800000 53.100000
v 24.500000 4.800000 60.400000
v 24.500000 0.800000 67.700000
v 24.299038 0.142268 67.339599
v 24.299038 4.142268 60.039599
v 24.299038 8.142268 52.739599
v 24.299038 12.142268 45.439599
v 24.299038 16.142268 38.139599
v 24.299038 20.142268 30.839599
v 24.299038 24.142268 23.539599
v 24.299038 28.142268 16.239599
v 24.299038 32.142268 8.939599
v 24.060660 -0.130173 67.190316
v 24.060660 3.869827 59.890316
v 24.060660 7.869827 52.590316
v 24.060660 11.869827 45.290316
v 24.060660 15.869827 37.990316
v 24.060660 19.869827 30.690316
v 24.060660 23.869827 23.390316
v 24.060660 27.869827 16.090316
v 24.060660 31.869827 8.790316
v 23.750000 -0.339225 67.075767
v 23.750000 3.660775 59.775767
v 23.750000 7.660775 52.475767
v 23.750000 11.660775 45.175767
v 23.750000 15.660775 37.875767
v 23.750000 19.660775 30.575767
v 23.750000 23.660775 23.275767
v 23.750000 27.660775 15.975767
v 23.750000 31.660775 8.675767
v 23.388229 -0.470640 67.003759
v 23.388229 3.529360 59.703759
v 23.388229 7.529360 52.403759
v 23.388229 11.529360 45.103759
v 23.388229 15.529360 37.803759
v 23.388229 19.529360 30.503759
v 23.388229 23.529360 23.203759
v 23.388229 27.529360 15.903759
v 23.388229 31.529360 8.603759
v 23.000000 -0.515464 66.979198
v 23.000000 3.484536 59.679198
v 23.000000 7.484536 52.379198
v 23.000000 11.484536 45.079198
v 23.000000 15.484536 37.779198
v 23.000000 19.484536 30.479198
v 23.000000 23.484536 23.179198
v 23.000000 27.484536 15.879198
v 23.000000 31.484536 8.579198
v 22.611771 -0.470640 67.003759
v 22.611771 3.529360 59.703759
v 22.611771 7.529360 52.403759
v 22.611771 11.529360 45.103759
v 22.611771 15.529360 37.803759
v 22.611771 19.529360 30.503759
v 22.611771 23.529360 23.203759
v 22.611771 27.529360 15.903759
v 22.611771 31.529360 8.603759
v 22.250000 -0.339225 67.075767
v 22.250000 3.660775 59.775767
v 22.250000 7.660775 52.475767
v 22.250000 11.660775 45.175767
v 22.250000 15.660775 37.875767
v 22.250000 19.660775 30.575767
v 22.250000 23.660775 23.275767
v 22.250000 27.660775 15.975767
v 22.250000 31.660775 8.675767
v 21.939340 -0.130173 67.190316
v 21.939340 3.869827 59.890316
v 21.939340 7.869827 52.590316
v 21.939340 11.869827 45.290316
v 21.939340 15.869827 37.990316
v 21.939340 19.869827 30.690316
v 21.939340 23.869827 23.390316
v 21.939340 27.869827 16.090316
v 21.939340 31.869827 8.790316
v 21.700962 0.142268 67.339599
v 21.700962 4.142268 60.039599
v 21.700962 8.142268 52.739599
v 21.700962 12.142268 45.439599
v 21.700962 16.142268 38.139599
v 21.700962 20.142268 30.839599
v 21.700962 24.142268 23.539599
v 21.700962 28.142268 16.239599
v 21.700962 32.142268 8.939599
v 21.551111 0.459533 67.513443
v 21.551111 4.459533 60.213443
v 21.551111 8.459533 52.913443
v 21.551111 12.459533 45.613443
v 21.551111 16.459533 38.313443
v 21.551111 20.459533 31.013443
v 21.551111 24.459533 23.713443
v 21.551111 28.459533 16.413443
v 21.551111 32.459533 9.113443
v 21.551111 1.140467 67.886557
v 21.551111 5.140467 60.586557
v 21.551111 9.140467 53.286557
v 21.551111 13.140467 45.986557
v 21.551111 17.140467 38.686557
v 21.551111 21.140467 31.386557
v 21.551111 25.140467 24.086557
v 21.551111 29.140467 16.786557
v 21.551111 33.140467 9.486557
v 21.700962 1.457732 68.060401
v 21.700962 5.457732 60.760401
v 21.700962 9.457732 53.460401
v 21.700962 13.457732 46.160401
v 21.700962 17.457732 38.860401
v 21.700962 21.457732 31.560401
v 21.700962 25.457732 24.260401
v 21.700962 29.457732 16.960401
v 21.700962 33.457732 9.660401
v 21.939340 1.730173 68.209684
v 21.939340 5.730173 60.909684
v 21.939340 9.730173 53.609684
v 21.939340 13.730173 46.309684
v 21.939340 17.730173 39.009684
v 21.939340 21.730173 31.709684
v 21.939340 25.730173 24.409684
v 21.939340 29.730173 17.109684
v 21.939340 33.730173 9.809684
v 22.250000 1.939225 68.324233
v 22.250000 5.939225 61.024233
v 22.250000 9.939225 53.724233
v 22.250000 13.939225 46.424233
v 22.250000 17.939225 39.124233
v 22.250000 21.939225 31.824233
v 22.250000 25.939225 24.524233
v 22.250000 29.939225 17.224233
v 22.250000 33.939225 9.924233
v 22.611771 2.070640 68.396241
v 22.611771 6.070640 61.096241
v 22.611771 10.070640 53.796241
v 22.611771 14.070640 46.496241
v 22.611771 18.070640 39.196241
v 22.611771 22.070640 31.896241
v 22.611771 26.070640 24.596241
v 22.611771 30.070640 17.296241
v 22.611771 34.070640 9.996241
v 23.000000 2.115464 68.420802
v 23.000000 6.115464 61.120802
v 23.000000 10.115464 53.820802
v 23.000000 14.115464 46.520802
v 23.000000 18.115464 39.220802
v 23.000000 22.115464 31.920802
v 23.000000 26.115464 24.620802
v 23.000000 30.115464 17.320802
v 23.000000 34.115464 10.020802
v 23.388229 2.070640 68.396241
v 23.388229 6.070640 61.096241
v 23.388229 10.070640 53.796241
v 23.388229 14.070640 46.496241
v 23.388229 18.070640 39.196241
v 23.388229 22.070640 31.896241
v 23.388229 26.070640 24.596241
v 23.388229 30.070640 17.296241
v 23.388229 34.070640 9.996241
v 23.750000 1.939225 68.324233
v 23.750000 5.939225 61.024233
v 23.750000 9.939225 53.724233
v 23.750000 13.939225 46.424233
v 23.750000 17.939225 39.124233
v 23.750000 21.939225 31.824233
v 23.750000 25.939225 24.524233
v 23.750000 29.939225 17.224233
v 23.750000 33.939225 9.924233
v 24.060660 1.730173 68.209684
v 24.060660 5.730173 60.909684
v 24.060660 9.730173 53.609684
v 24.060660 13.730173 46.309684
v 24.060660 17.730173 39.009684
v 24.060660 21.730173 31.709684
v 24.060660 25.730173 24.409684
v 24.060660 29.730173 17.109684
v 24.060660 33.730173 9.809684
v 24.299038 1.457732 68.060401
v 24.299038 5.457732 60.760401
v 24.299038 9.457732 53.460401
v 24.299038 13.457732 46.160401
v 24.299038 17.457732 38.860401
v 24.299038 21.457732 31.560401
v 24.299038 25.457732 24.260401
v 24.299038 29.457732 16.960401
v 24.299038 33.457732 9.660401
v 24.448889 1.140467 67.886557
v 24.448889 5.140467 60.586557
v 24.448889 9.140467 53.286557
v 24.448889 13.140467 45.986557
v 24.448889 17.140467 38.686557
v 24.448889 21.140467 31.386557
v 24.448889 25.140467 24.086557
v 24.448889 29.140467 16.786557
v 24.448889 33.140467 9.486557
vt 41.620308 0.392699 0.000000
vt 33.296246 0.392699 0.000000
vt 41.620308 0.000000 0.000000
vt 33.296246 0.000000 0.000000
vt 41.620308 -0.392699 0.000000
vt 33.296246 -0.392699 0.000000
vt 41.620308 -0.785398 0.000000
vt 33.296246 -0.785398 0.000000
vt 41.620308 -1.178097 0.000000
vt 33.296246 -1.178097 0.000000
vt 41.620308 -1.570796 0.000000
vt 33.296246 -1.570796 0.000000
vt 41.620308 -1.963495 0.000000
vt 33.296246 -1.963495 0.000000
vt 41.620308 -2.356194 0.000000
vt 33.296246 -2.356194 0.000000
vt 41.620308 -2.748894 0.000000
vt 33.296246 -2.748894 0.000000
vt 41.620308 -3.141593 0.000000
vt 33.296246 -3.141593 0.000000
vt 41.620308 -3.534292 0.000000
vt 33.296246 -3.534292 0.000000
vt 41.620308 -3.926991 0.000000
vt 33.296246 -3.926991 0.000000
vt 41.620308 -4.319690 0.000000
vt 33.296246 -4.319690 0.000000
vt 41.620308 -4.712389 0.000000
vt 33.296246 -4.712389 0.000000
vt 41.620308 4.712389 0.000000
vt 33.296246 4.712389 0.000000
vt 41.620308 4.319690 0.000000
vt 33.296246 4.319690 0.000000
vt 41.620308 3.926991 0.000000
vt 33.296246 3.926991 0.000000
vt 41.620308 3.534292 0.000000
vt 33.296246 3.534292 0.000000
vt 41.620308 3.141593 0.000000
vt 33.296246 3.141593 0.000000
vt 41.620308 2.748894 0.000000
vt 33.296246 2.748894 0.000000
vt 41.620308 2.356194 0.000000
vt 33.296246 2.356194 0.000000
vt 41.620308 1.963495 0.000000
vt 33.296246 1.963495 0.000000
vt 41.620308 1.570796 0.000000
vt 33.296246 1.570796 0.000000
vt 41.620308 1.178097 0.000000
vt 33.296246 1.178097 0.000000
vt 41.620308 0.785398 0.000000
vt 33.296246 0.785398 0.000000
vt -41.620308 -0.392699 0.000000
vt -33.296246 -0.392699 0.000000
vt -41.620308 0.000000 0.000000
vt -33.296246 0.000000 0.000000
vt -41.620308 0.392699 0.000000
vt -33.296246 0.392699 0.000000
vt -41.620308 0.785398 0.000000
vt -33.296246 0.785398 0.000000
vt -41.620308 1.178097 0.000000
vt -33.296246 1.178097 0.000000
vt -41.620308 1.570796 0.000000
vt -33.296246 1.570796 0.000000
vt -41.620308 1.963495 0.000000
vt -33.296246 1.963495 0.000000
vt -41.620308 2.356194 0.000000
vt -33.296246 2.356194 0.000000
vt -41.620308 2.748894 0.000000
vt -33.296246 2.748894 0.000000
vt -41.620308 3.141593 0.000000
vt -33.296246 3.141593 0.000000
vt -41.620308 3.534292 0.000000
vt -33.296246 3.534292 0.000000
vt -41.620308 3.926991 0.000000
vt -33.296246 3.926991 0.000000
vt -41.620308 4.319690 0.000000
vt -33.296246 4.319690 0.000000
vt -41.620308 4.712389 0.000000
vt -33.296246 4.712389 0.000000
vt -41.620308 -4.712389 0.000000
vt -33.296246 -4.712389 0.000000
vt -41.620308 -4.319690 0.000000
vt -33.296246 -4.319690 0.000000
vt -41.620308 -3.926991 0.000000
vt -33.296246 -3.926991 0.000000
vt -41.620308 -3.534292 0.000000
vt -33.296246 -3.534292 0.000000
vt -41.620308 -3.141593 0.000000
vt -33.296246 -3.141593 0.000000
vt -41.620308 -2.748894 0.000000
vt -33.296246 -2.748894 0.000000
vt -41.620308 -2.356194 0.000000
vt -33.296246 -2.356194 0.000000
vt -41.620308 -1.963495 0.000000
vt -33.296246 -1.963495 0.000000
vt -41.620308 -1.570796 0.000000
vt -33.296246 -1.570796 0.000000
vt -41.620308 -1.178097 0.000000
vt -33.296246 -1.178097 0.000000
vt -41.620308 -0.785398 0.000000
vt -33.296246 -0.785398 0.000000
vt 24.972185 4.712389 0.000000
vt 24.972185 4.319690 0.000000
vt 24.972185 3.926991 0.000000
vt 24.972185 3.534292 0.000000
vt 24.972185 3.141593 0.000000
vt 24.972185 2.748894 0.000000
vt 24.972185 2.356194 0.000000
vt 24.972185 1.963495 0.000000
vt 24.972185 1.570796 0.000000
vt 24.972185 1.178097 0.000000
vt 24.972185 0.785398 0.000000
vt 24.972185 0.392699 0.000000
vt 24.972185 0.000000 0.000000
vt 24.972185 -0.392699 0.000000
vt 24.972185 -0.785398 0.000000
vt 24.972185 -1.178097 0.000000
vt 24.972185 -1.570796 0.000000
vt 24.972185 -1.963495 0.000000
vt 24.972185 -2.356194 0.000000
vt 24.972185 -2.748894 0.000000
vt 24.972185 -3.141593 0.000000
vt 24.972185 -3.534292 0.000000
vt 24.972185 -3.926991 0.000000
vt 24.972185 -4.319690 0.000000
vt 24.972185 -4.712389 0.000000
vt 16.648123 4.712389 0.000000
vt 16.648123 4.319690 0.000000
vt 16.648123 3.926991 0.000000
vt 16.648123 3.534292 0.000000
vt 16.648123 3.141593 0.000000
vt 16.648123 2.748894 0.000000
vt 16.648123 2.356194 0.000000
vt 16.648123 1.963495 0.000000
vt 16.648123 1.570796 0.000000
vt 16.648123 1.178097 0.000000
vt 16.648123 0.785398 0.000000
vt 16.648123 0.392699 0.000000
vt 16.648123 0.000000 0.000000
vt 16.648123 -0.392699 0.000000
vt 16.648123 -0.785398 0.000000
vt 16.648123 -1.178097 0.000000
vt 16.648123 -1.570796 0.000000
vt 16.648123 -1.963495 0.000000
vt 16.648123 -2.356194 0.000000
vt 16.648123 -2.748894 0.000000
vt 16.648123 -3.141593 0.000000
vt 16.648123 -3.534292 0.000000
vt 16.648123 -3.926991 0.000000
vt 16.648123 -4.319690 0.000000
vt 16.648123 -4.712389 0.000000
vt 8.324062 4.712389 0.000000
vt 8.324062 4.319690 0.000000
vt 8.324062 3.926991 0.000000
vt 8.324062 3.534292 0.000000
vt 8.324062 3.141593 0.000000
vt 8.324062 2.748894 0.000000
vt 8.324062 2.356194 0.000000
vt 8.324062 1.963495 0.000000
vt 8.324062 1.570796 0.000000
vt 8.324062 1.178097 0.000000
vt 8.324062 0.785398 0.000000
vt 8.324062 0.392699 0.000000
vt 8.324062 0.000000 0.000000
vt 8.324062 -0.392699 0.000000
vt 8.324062 -0.785398 0.000000
vt 8.324062 -1.178097 0.000000
vt 8.324062 -1.570796 0.000000
vt 8.324062 -1.963495 0.000000
vt 8.324062 -2.356194 0.000000
vt 8.324062 -2.748894 0.000000
vt 8.324062 -3.141593 0.000000
vt 8.324062 -3.534292 0.000000
vt 8.324062 -3.926991 0.000000
vt 8.324062 -4.319690 0.000000
vt 8.324062 -4.712389 0.000000
vt 0.000000 4.712389 0.000000
vt 0.000000 4.319690 0.000000
vt 0.000000 3.926991 0.000000
vt 0.000000 3.534292 0.000000
vt 0.000000 3.141593 0.000000
vt 0.000000 2.748894 0.000000
vt 0.000000 2.356194 0.000000
vt 0.000000 1.963495 0.000000
vt 0.000000 1.570796 0.000000
vt 0.000000 1.178097 0.000000
vt 0.000000 0.785398 0.000000
vt 0.000000 0.392699 0.000000
vt 0.000000 0.000000 0.000000
vt 0.000000 -0.392699 0.000000
vt 0.000000 -0.785398 0.000000
vt 0.000000 -1.178097 0.000000
vt 0.000000 -1.570796 0.000000
vt 0.000000 -1.963495 0.000000
vt 0.000000 -2.356194 0.000000
vt 0.000000 -2.748894 0.000000
vt 0.000000 -3.141593 0.000000
vt 0.000000 -3.534292 0.000000
vt 0.000000 -3.926991 0.000000
vt 0.000000 -4.319690 0.000000
vt 0.000000 -4.712389 0.000000
vt -8.324062 4.712389 0.000000
vt -8.324062 4.319690 0.000000
vt -8.324062 3.926991 0.000000
vt -8.324062 3.534292 0.000000
vt -8.324062 3.141593 0.000000
vt -8.324062 2.748894 0.000000
vt -8.324062 2.356194 0.000000
vt -8.324062 1.963495 0.000000
vt -8.324062 1.570796 0.000000
vt -8.324062 1.178097 0.000000
vt -8.324062 0.785398 0.000000
vt -8.324062 0.392699 0.000000
vt -8.324062 0.000000 0.000000
vt -8.324062 -0.392699 0.000000
vt -8.324062 -0.785398 0.000000
vt -8.324062 -1.178097 0.000000
vt -8.324062 -1.570796 0.000000
vt -8.324062 -1.963495 0.000000
vt -8.324062 -2.356194 0.000000
vt -8.324062 -2.748894 0.000000
vt -8.324062 -3.141593 0.000000
vt -8.324062 -3.534292 0.000000
vt -8.324062 -3.926991 0.000000
vt -8.324062 -4.319690 0.000000
vt -8.324062 -4.712389 0.000000
vt -16.648123 4.712389 0.000000
vt -16.648123 4.319690 0.000000
vt -16.648123 3.926991 0.000000
vt -16.648123 3.534292 0.000000
vt -16.648123 3.141593 0.000000
vt -16.648123 2.748894 0.000000
vt -16.648123 2.356194 0.000000
vt -16.648123 1.963495 0.000000
vt -16.648123 1.570796 0.000000
vt -16.648123 1.178097 0.000000
vt -16.648123 0.785398 0.000000
vt -16.648123 0.392699 0.000000
vt -16.648123 0.000000 0.000000
vt -16.648123 -0.392699 0.000000
vt -16.648123 -0.785398 0.000000
vt -16.648123 -1.178097 0.000000
vt -16.648123 -1.570796 0.000000
vt -16.648123 -1.963495 0.000000
vt -16.648123 -2.356194 0.000000
vt -16.648123 -2.748894 0.000000
vt -16.648123 -3.141593 0.000000
vt -16.648123 -3.534292 0.000000
vt -16.648123 -3.926991 0.000000
vt -16.648123 -4.319690 0.000000
vt -16.648123 -4.712389 0.000000
vt -24.972185 4.712389 0.000000
vt -24.972185 4.319690 0.000000
vt -24.972185 3.926991 0.000000
vt -24.972185 3.534292 0.000000
vt -24.972185 3.141593 0.000000
vt -24.972185 2.748894 0.000000
vt -24.972185 2.356194 0.000000
vt -24.972185 1.963495 0.000000
vt -24.972185 1.570796 0.000000
vt -24.972185 1.178097 0.000000
vt -24.972185 0.785398 0.000000
vt -24.972185 0.392699 0.000000
vt -24.972185 0.000000 0.000000
vt -24.972185 -0.392699 0.000000
vt -24.972185 -0.785398 0.000000
vt -24.972185 -1.178097 0.000000
vt -24.972185 -1.570796 0.000000
vt -24.972185 -1.963495 0.000000
vt -24.972185 -2.356194 0.000000
vt -24.972185 -2.748894 0.000000
vt -24.972185 -3.141593 0.000000
vt -24.972185 -3.534292 0.000000
vt -24.972185 -3.926991 0.000000
vt -24.972185 -4.319690 0.000000
vt -24.972185 -4.712389 0.000000
vt -1.448889 -0.388229 0.000000
vt 1.448889 -0.388229 0.000000
vt -1.500000 0.000000 0.000000
vt 1.500000 -0.000000 0.000000
vt -1.448889 0.388229 0.000000
vt 1.448889 0.388229 0.000000
vt -1.299038 0.750000 0.000000
vt 1.299038 0.750000 0.000000
vt -1.060660 1.060660 0.000000
vt 1.060660 1.060660 0.000000
vt -0.750000 1.299038 0.000000
vt 0.750000 1.299038 0.000000
vt -0.388229 1.448889 0.000000
vt 0.388229 1.448889 0.000000
vt 0.000000 1.500000 0.000000
vt 1.299038 -0.750000 0.000000
vt -1.299038 -0.750000 0.000000
vt 1.060660 -1.060660 0.000000
vt -1.060660 -1.060660 0.000000
vt 0.750000 -1.299038 0.000000
vt -0.750000 -1.299038 0.000000
vt 0.388229 -1.448889 0.000000
vt -0.388229 -1.448889 0.000000
vt 0.000000 -1.500000 0.000000
vt 1.448889 0.388229 0.000000
vt -1.448889 0.388229 0.000000
vt 1.500000 0.000000 0.000000
vt -1.500000 -0.000000 0.000000
vt 1.448889 -0.388229 0.000000
vt -1.448889 -0.388229 0.000000
vt 1.299038 -0.750000 0.000000
vt -1.299038 -0.750000 0.000000
vt 1.060660 -1.060660 0.000000
vt -1.060660 -1.060660 0.000000
vt 0.750000 -1.299038 0.000000
vt -0.750000 -1.299038 0.000000
vt 0.388229 -1.448889 0.000000
vt -0.388229 -1.448889 0.000000
vt 0.000000 -1.500000 0.000000
vt -1.299038 0.750000 0.000000
vt 1.299038 0.750000 0.000000
vt -1.060660 1.060660 0.000000
vt 1.060660 1.060660 0.000000
vt -0.750000 1.299038 0.000000
vt 0.750000 1.299038 0.000000
vt -0.388229 1.448889 0.000000
vt 0.388229 1.448889 0.000000
vt 0.000000 1.500000 0.000000
vn 0.965926 -0.226978 -0.124372
vn 0.965926 -0.226978 -0.124372
vn 1.000000 -0.000000 0.000000
vn 1.000000 -0.000000 0.000000
vn 0.965926 0.226978 0.124372
vn 0.965926 0.226978 0.124372
vn 0.866025 0.438488 0.240267
vn 0.866025 0.438488 0.240267
vn 0.707107 0.620115 0.339789
vn 0.707107 0.620115 0.339789
vn 0.500000 0.759483 0.416155
vn 0.500000 0.759483 0.416155
vn 0.258819 0.847094 0.464161
vn 0.258819 0.847094 0.464161
vn 0.000000 0.876976 0.480535
vn 0.000000 0.876976 0.480535
vn -0.258819 0.847094 0.464161
vn -0.258819 0.847094 0.464161
vn -0.500000 0.759483 0.416155
vn -0.500000 0.759483 0.416155
vn -0.707107 0.620115 0.339789
vn -0.707107 0.620115 0.339789
vn -0.866025 0.438488 0.240267
vn -0.866025 0.438488 0.240267
vn -0.965926 0.226978 0.124372
vn -0.965926 0.226978 0.124372
vn -1.000000 0.000000 0.000000
vn -1.000000 0.000000 0.000000
vn -0.965926 -0.226978 -0.124372
vn -0.965926 -0.226978 -0.124372
vn -0.866025 -0.438488 -0.240267
vn -0.866025 -0.438488 -0.240267
vn -0.707107 -0.620115 -0.339789
vn -0.707107 -0.620115 -0.339789
vn -0.500000 -0.759483 -0.416155
vn -0.500000 -0.759483 -0.416155
vn -0.258819 -0.847094 -0.464161
vn -0.258819 -0.847094 -0.464161
vn 0.000000 -0.876976 -0.480535
vn 0.000000 -0.876976 -0.480535
vn 0.258819 -0.847094 -0.464161
vn 0.258819 -0.847094 -0.464161
vn 0.500000 -0.759483 -0.416155
vn 0.500000 -0.759483 -0.416155
vn 0.707107 -0.620115 -0.339789
vn 0.707107 -0.620115 -0.339789
vn 0.866025 -0.438488 -0.240267
vn 0.866025 -0.438488 -0.240267
vn 0.965926 0.226978 0.124372
vn 0.965926 0.226978 0.124372
vn 1.000000 -0.000000 0.000000
vn 1.000000 -0.000000 0.000000
vn 0.965926 -0.226978 -0.124372
vn 0.965926 -0.226978 -0.124372
vn 0.866025 -0.438488 -0.240267
vn 0.866025 -0.438488 -0.240267
vn 0.707107 -0.620115 -0.339789
vn 0.707107 -0.620115 -0.339789
vn 0.500000 -0.759483 -0.416155
vn 0.500000 -0.759483 -0.416155
vn 0.258819 -0.847094 -0.464161
vn 0.258819 -0.847094 -0.464161
vn 0.000000 -0.876976 -0.480535
vn 0.000000 -0.876976 -0.480535
vn -0.258819 -0.847094 -0.464161
vn -0.258819 -0.847094 -0.464161
vn -0.500000 -0.759483 -0.416155
vn -0.500000 -0.759483 -0.416155
vn -0.707107 -0.620115 -0.339789
vn -0.707107 -0.620115 -0.339789
vn -0.866025 -0.438488 -0.240267
vn -0.866025 -0.438488 -0.240267
vn -0.965926 -0.226978 -0.124372
vn -0.965926 -0.226978 -0.124372
vn -1.000000 -0.000000 -0.000000
vn -1.000000 -0.000000 -0.000000
vn -0.965926 0.226978 0.124372
vn -0.965926 0.226978 0.124372
vn -0.866025 0.438488 0.240267
vn -0.866025 0.438488 0.240267
vn -0.707107 0.620115 0.339789
vn -0.707107 0.620115 0.339789
vn -0.500000 0.759483 0.416155
vn -0.500000 0.759483 0.416155
vn -0.258819 0.847094 0.464161
vn -0.258819 0.847094 0.464161
vn 0.000000 0.876976 0.480535
vn 0.000000 0.876976 0.480535
vn 0.258819 0.847094 0.464161
vn 0.258819 0.847094 0.464161
vn 0.500000 0.759483 0.416155
vn 0.500000 0.759483 0.416155
vn 0.707107 0.620115 0.339789
vn 0.707107 0.620115 0.339789
vn 0.866025 0.438488 0.240267
vn 0.866025 0.438488 0.240267
vn -1.000000 -0.000000 -0.000000
vn -0.965926 -0.226978 -0.124372
vn -0.866025 -0.438488 -0.240267
vn -0.707107 -0.620115 -0.339789
vn -0.500000 -0.759483 -0.416155
vn -0.258819 -0.847094 -0.464161
vn 0.000000 -0.876976 -0.480535
vn 0.258819 -0.847094 -0.464161
vn 0.500000 -0.759483 -0.416155
vn 0.707107 -0.620115 -0.339789
vn 0.866025 -0.438488 -0.240267
vn 0.965926 -0.226978 -0.124372
vn 1.000000 -0.000000 0.000000
vn 0.965926 0.226978 0.124372
vn 0.866025 0.438488 0.240267
vn 0.707107 0.620115 0.339789
vn 0.500000 0.759483 0.416155
vn 0.258819 0.847094 0.464161
vn 0.000000 0.876976 0.480535
vn -0.258819 0.847094 0.464161
vn -0.500000 0.759483 0.416155
vn -0.707107 0.620115 0.339789
vn -0.866025 0.438488 0.240267
vn -0.965926 0.226978 0.124372
vn -1.000000 -0.000000 -0.000000
vn -0.965926 -0.226978 -0.124372
vn -0.866025 -0.438488 -0.240267
vn -0.707107 -0.620115 -0.339789
vn -0.500000 -0.759483 -0.416155
vn -0.258819 -0.847094 -0.464161
vn 0.000000 -0.876976 -0.480535
vn 0.258819 -0.847094 -0.464161
vn 0.500000 -0.759483 -0.416155
vn 0.707107 -0.620115 -0.339789
vn 0.866025 -0.438488 -0.240267
vn 0.965926 -0.226978 -0.124372
vn 1.000000 -0.000000 0.000000
vn 0.965926 0.226978 0.124372
vn 0.866025 0.438488 0.240267
vn 0.707107 0.620115 0.339789
vn 0.500000 0.759483 0.416155
vn 0.258819 0.847094 0.464161
vn 0.000000 0.876976 0.480535
vn -0.258819 0.847094 0.464161
vn -0.500000 0.759483 0.416155
vn -0.707107 0.620115 0.339789
vn -0.866025 0.438488 0.240267
vn -0.965926 0.226978 0.124372
vn -1.000000 -0.000000 -0.000000
vn -0.965926 -0.226978 -0.124372
vn -0.866025 -0.438488 -0.240267
vn -0.707107 -0.620115 -0.339789
vn -0.500000 -0.759483 -0.416155
vn -0.258819 -0.847094 -0.464161
vn 0.000000 -0.876976 -0.480535
vn 0.258819 -0.847094 -0.464161
vn 0.500000 -0.759483 -0.416155
vn 0.707107 -0.620115 -0.339789
vn 0.866025 -0.438488 -0.240267
vn 0.965926 -0.226978 -0.124372
vn 1.000000 -0.000000 0.000000
vn 0.965926 0.226978 0.124372
vn 0.866025 0.438488 0.240267
vn 0.707107 0.620115 0.339789
vn 0.500000 0.759483 0.416155
vn 0.258819 0.847094 0.464161
vn 0.000000 0.876976 0.480535
vn -0.258819 0.847094 0.464161
vn -0.500000 0.759483 0.416155
vn -0.707107 0.620115 0.339789
vn -0.866025 0.438488 0.240267
vn -0.965926 0.226978 0.124372
vn -1.000000 -0.000000 -0.000000
vn -0.965926 -0.226978 -0.124372
vn -0.866025 -0.438488 -0.240267
vn -0.707107 -0.620115 -0.339789
vn -0.500000 -0.759483 -0.416155
vn -0.258819 -0.847094 -0.464161
vn 0.000000 -0.876976 -0.480535
vn 0.258819 -0.847094 -0.464161
vn 0.500000 -0.759483 -0.416155
vn 0.707107 -0.620115 -0.339789
vn 0.866025 -0.438488 -0.240267
vn 0.965926 -0.226978 -0.124372
vn 1.000000 -0.000000 0.000000
vn 0.965926 0.226978 0.124372
vn 0.866025 0.438488 0.240267
vn 0.707107 0.620115 0.339789
vn 0.500000 0.759483 0.416155
vn 0.258819 0.847094 0.464161
vn 0.000000 0.876976 0.480535
vn -0.258819 0.847094 0.464161
vn -0.500000 0.759483 0.416155
vn -0.707107 0.620115 0.339789
vn -0.866025 0.438488 0.240267
vn -0.965926 0.226978 0.124372
vn -1.000000 -0.000000 -0.000000
vn -0.965926 -0.226978 -0.124372
vn -0.866025 -0.438488 -0.240267
vn -0.707107 -0.620115 -0.339789
vn -0.500000 -0.759483 -0.416155
vn -0.258819 -0.847094 -0.464161
vn 0.000000 -0.876976 -0.480535
vn 0.258819 -0.847094 -0.464161
vn 0.500000 -0.759483 -0.416155
vn 0.707107 -0.620115 -0.339789
vn 0.866025 -0.438488 -0.240267
vn 0.965926 -0.226978 -0.124372
vn 1.000000 -0.000000 0.000000
vn 0.965926 0.226978 0.124372
vn 0.866025 0.438488 0.240267
vn 0.707107 0.620115 0.339789
vn 0.500000 0.759483 0.416155
vn 0.258819 0.847094 0.464161
vn 0.000000 0.876976 0.480535
vn -0.258819 0.847094 0.464161
vn -0.500000 0.759483 0.416155
vn -0.707107 0.620115 0.339789
vn -0.866025 0.438488 0.240267
vn -0.965926 0.226978 0.124372
vn -1.000000 -0.000000 -0.000000
vn -0.965926 -0.226978 -0.124372
vn -0.866025 -0.438488 -0.240267
vn -0.707107 -0.620115 -0.339789
vn -0.500000 -0.759483 -0.416155
vn -0.258819 -0.847094 -0.464161
vn 0.000000 -0.876976 -0.480535
vn 0.258819 -0.847094 -0.464161
vn 0.500000 -0.759483 -0.416155
vn 0.707107 -0.620115 -0.339789
vn 0.866025 -0.438488 -0.240267
vn 0.965926 -0.226978 -0.124372
vn 1.000000 -0.000000 0.000000
vn 0.965926 0.226978 0.124372
vn 0.866025 0.438488 0.240267
vn 0.707107 0.620115 0.339789
vn 0.500000 0.759483 0.416155
vn 0.258819 0.847094 0.464161
vn 0.000000 0.876976 0.480535
vn -0.258819 0.847094 0.464161
vn -0.500000 0.759483 0.416155
vn -0.707107 0.620115 0.339789
vn -0.866025 0.438488 0.240267
vn -0.965926 0.226978 0.124372
vn -1.000000 -0.000000 -0.000000
vn -0.965926 -0.226978 -0.124372
vn -0.866025 -0.438488 -0.240267
vn -0.707107 -0.620115 -0.339789
vn -0.500000 -0.759483 -0.416155
vn -0.258819 -0.847094 -0.464161
vn 0.000000 -0.876976 -0.480535
vn 0.258819 -0.847094 -0.464161
vn 0.500000 -0.759483 -0.416155
vn 0.707107 -0.620115 -0.339789
vn 0.866025 -0.438488 -0.240267
vn 0.965926 -0.226978 -0.124372
vn 1.000000 -0.000000 0.000000
vn 0.965926 0.226978 0.124372
vn 0.866025 0.438488 0.240267
vn 0.707107 0.620115 0.339789
vn 0.500000 0.759483 0.416155
vn 0.258819 0.847094 0.464161
vn 0.000000 0.876976 0.480535
vn -0.258819 0.847094 0.464161
vn -0.500000 0.759483 0.416155
vn -0.707107 0.620115 0.339789
vn -0.866025 0.438488 0.240267
vn -0.965926 0.226978 0.124372
vn 0.000000 -0.480535 0.876976
vn 0.000000 -0.480535 0.876976
vn 0.000000 -0.480535 0.876976
vn 0.000000 -0.480535 0.876976
vn 0.000000 -0.480535 0.876976
vn 0.000000 -0.480535 0.876976
vn 0.000000 -0.480535 0.876976
vn 0.000000 -0.480535 0.876976
vn 0.000000 -0.480535 0.876976
vn 0.000000 -0.480535 0.876976
vn 0.000000 -0.480535 0.876976
vn 0.000000 -0.480535 0.876976
vn 0.000000 -0.480535 0.876976
vn 0.000000 -0.480535 0.876976
vn 0.000000 -0.480535 0.876976
vn 0.000000 -0.480535 0.876976
vn 0.000000 -0.480535 0.876976
vn 0.000000 -0.480535 0.876976
vn 0.000000 -0.480535 0.876976
vn 0.000000 -0.480535 0.876976
vn 0.000000 -0.480535 0.876976
vn 0.000000 -0.480535 0.876976
vn 0.000000 -0.480535 0.876976
vn 0.000000 -0.480535 0.876976
vn 0.000000 0.480535 -0.876976
vn 0.000000 0.480535 -0.876976
vn 0.000000 0.480535 -0.876976
vn 0.000000 0.480535 -0.876976
vn 0.000000 0.480535 -0.876976
vn 0.000000 0.480535 -0.876976
vn 0.000000 0.480535 -0.876976
vn 0.000000 0.480535 -0.876976
vn 0.000000 0.480535 -0.876976
vn 0.000000 0.480535 -0.876976
vn 0.000000 0.480535 -0.876976
vn 0.000000 0.480535 -0.876976
vn 0.000000 0.480535 -0.876976
vn 0.000000 0.480535 -0.876976
vn 0.000000 0.480535 -0.876976
vn 0.000000 0.480535 -0.876976
vn 0.000000 0.480535 -0.876976
vn 0.000000 0.480535 -0.876976
vn 0.000000 0.480535 -0.876976
vn 0.000000 0.480535 -0.876976
vn 0.000000 0.480535 -0.876976
vn 0.000000 0.480535 -0.876976
vn 0.000000 0.480535 -0.876976
vn 0.000000 0.480535 -0.876976
f 1226/1516/1465 1282/1517/1466 1225/1518/1467
f 1225/1518/1467 1282/1517/1466 1299/1519/1468
f 1225/1518/1467 1299/1519/1468 1248/1520/1469
f 1248/1520/1469 1299/1519/1468 1480/1521/1470
f 1248/1520/1469 1480/1521/1470 1247/1522/1471
f 1247/1522/1471 1480/1521/1470 1471/1523/1472
f 1247/1522/1471 1471/1523/1472 1246/1524/1473
f 1246/1524/1473 1471/1523/1472 1462/1525/1474
f 1246/1524/1473 1462/1525/1474 1245/1526/1475
f 1245/1526/1475 1462/1525/1474 1453/1527/1476
f 1245/1526/1475 1453/1527/1476 1244/1528/1477
f 1244/1528/1477 1453/1527/1476 1444/1529/1478
f 1244/1528/1477 1444/1529/1478 1243/1530/1479
f 1243/1530/1479 1444/1529/1478 1435/1531/1480
f 1243/1530/1479 1435/1531/1480 1242/1532/1481
f 1242/1532/1481 1435/1531/1480 1426/1533/1482
f 1242/1532/1481 1426/1533/1482 1241/1534/1483
f 1241/1534/1483 1426/1533/1482 1417/1535/1484
f 1241/1534/1483 1417/1535/1484 1240/1536/1485
f 1240/1536/1485 1417/1535/1484 1408/1537/1486
f 1240/1536/1485 1408/1537/1486 1239/1538/1487
f 1239/1538/1487 1408/1537/1486 1399/1539/1488
f 1239/1538/1487 1399/1539/1488 1238/1540/1489
f 1238/1540/1489 1399/1539/1488 1390/1541/1490
f 1238/1540/1489 1390/1541/1490 1237/1542/1491
f 1237/1542/1491 1390/1541/1490 1273/1543/1492
f 1237/1544/1491 1273/1545/1492 1236/1546/1493
f 1236/1546/1493 1273/1545/1492 1381/1547/1494
f 1236/1546/1493 1381/1547/1494 1235/1548/1495
f 1235/1548/1495 1381/1547/1494 1372/1549/1496
f 1235/1548/1495 1372/1549/1496 1234/1550/1497
f 1234/1550/1497 1372/1549/1496 1363/1551/1498
f 1234/1550/1497 1363/1551/1498 1233/1552/1499
f 1233/1552/1499 1363/1551/1498 1354/1553/1500
f 1233/1552/1499 1354/1553/1500 1232/1554/1501
f 1232/1554/1501 1354/1553/1500 1345/1555/1502
f 1232/1554/1501 1345/1555/1502 1231/1556/1503
f 1231/1556/1503 1345/1555/1502 1336/1557/1504
f 1231/1556/1503 1336/1557/1504 1230/1558/1505
f 1230/1558/1505 1336/1557/1504 1327/1559/1506
f 1230/1558/1505 1327/1559/1506 1229/1560/1507
f 1229/1560/1507 1327/1559/1506 1318/1561/1508
f 1229/1560/1507 1318/1561/1508 1228/1562/1509
f 1228/1562/1509 1318/1561/1508 1309/1563/1510
f 1228/1562/1509 1309/1563/1510 1227/1564/1511
f 1227/1564/1511 1309/1563/1510 1300/1565/1512
f 1227/1564/1511 1300/1565/1512 1226/1516/1465
f 1226/1516/1465 1300/1565/1512 1282/1517/1466
f 1250/1566/1513 1488/1567/1514 1249/1568/1515
f 1249/1568/1515 1488/1567/1514 1291/1569/1516
f 1249/1568/1515 1291/1569/1516 1272/1570/1517
f 1272/1570/1517 1291/1569/1516 1290/1571/1518
f 1272/1570/1517 1290/1571/1518 1271/1572/1519
f 1271/1572/1519 1290/1571/1518 1308/1573/1520
f 1271/1572/1519 1308/1573/1520 1270/1574/1521
f 1270/1574/1521 1308/1573/1520 1317/1575/1522
f 1270/1574/1521 1317/1575/1522 1269/1576/1523
f 1269/1576/1523 1317/1575/1522 1326/1577/1524
f 1269/1576/1523 1326/1577/1524 1268/1578/1525
f 1268/1578/1525 1326/1577/1524 1335/1579/1526
f 1268/1578/1525 1335/1579/1526 1267/1580/1527
f 1267/1580/1527 1335/1579/1526 1344/1581/1528
f 1267/1580/1527 1344/1581/1528 1266/1582/1529
f 1266/1582/1529 1344/1581/1528 1353/1583/1530
f 1266/1582/1529 1353/1583/1530 1265/1584/1531
f 1265/1584/1531 1353/1583/1530 1362/1585/1532
f 1265/1584/1531 1362/1585/1532 1264/1586/1533
f 1264/1586/1533 1362/1585/1532 1371/1587/1534
f 1264/1586/1533 1371/1587/1534 1263/1588/1535
f 1263/1588/1535 1371/1587/1534 1380/1589/1536
f 1263/1588/1535 1380/1589/1536 1262/1590/1537
f 1262/1590/1537 1380/1589/1536 1389/1591/1538
f 1262/1590/1537 1389/1591/1538 1261/1592/1539
f 1261/1592/1539 1389/1591/1538 1281/1593/1540
f 1261/1594/1539 1281/1595/1540 1260/1596/1541
f 1260/1596/1541 1281/1595/1540 1398/1597/1542
f 1260/1596/1541 1398/1597/1542 1259/1598/1543
f 1259/1598/1543 1398/1597/1542 1407/1599/1544
f 1259/1598/1543 1407/1599/1544 1258/1600/1545
f 1258/1600/1545 1407/1599/1544 1416/1601/1546
f 1258/1600/1545 1416/1601/1546 1257/1602/1547
f 1257/1602/1547 1416/1601/1546 1425/1603/1548
f 1257/1602/1547 1425/1603/1548 1256/1604/1549
f 1256/1604/1549 1425/1603/1548 1434/1605/1550
f 1256/1604/1549 1434/1605/1550 1255/1606/1551
f 1255/1606/1551 1434/1605/1550 1443/1607/1552
f 1255/1606/1551 1443/1607/1552 1254/1608/1553
f 1254/1608/1553 1443/1607/1552 1452/1609/1554
f 1254/1608/1553 1452/1609/1554 1253/1610/1555
f 1253/1610/1555 1452/1609/1554 1461/1611/1556
f 1253/1610/1555 1461/1611/1556 1252/1612/1557
f 1252/1612/1557 1461/1611/1556 1470/1613/1558
f 1252/1612/1557 1470/1613/1558 1251/1614/1559
f 1251/1614/1559 1470/1613/1558 1479/1615/1560
f 1251/1614/1559 1479/1615/1560 1250/1566/1513
f 1250/1566/1513 1479/1615/1560 1488/1567/1514
f 1273/1545/1492 1274/1616/1561 1381/1547/1494
f 1381/1547/1494 1274/1616/1561 1382/1617/1562
f 1381/1547/1494 1382/1617/1562 1372/1549/1496
f 1372/1549/1496 1382/1617/1562 1373/1618/1563
f 1372/1549/1496 1373/1618/1563 1363/1551/1498
f 1363/1551/1498 1373/1618/1563 1364/1619/1564
f 1363/1551/1498 1364/1619/1564 1354/1553/1500
f 1354/1553/1500 1364/1619/1564 1355/1620/1565
f 1354/1553/1500 1355/1620/1565 1345/1555/1502
f 1345/1555/1502 1355/1620/1565 1346/1621/1566
f 1345/1555/1502 1346/1621/1566 1336/1557/1504
f 1336/1557/1504 1346/1621/1566 1337/1622/1567
f 1336/1557/1504 1337/1622/1567 1327/1559/1506
f 1327/1559/1506 1337/1622/1567 1328/1623/1568
f 1327/1559/1506 1328/1623/1568 1318/1561/1508
f 1318/1561/1508 1328/1623/1568 1319/1624/1569
f 1318/1561/1508 1319/1624/1569 1309/1563/1510
f 1309/1563/1510 1319/1624/1569 1310/1625/1570
f 1309/1563/1510 1310/1625/1570 1300/1565/1512
f 1300/1565/1512 1310/1625/1570 1301/1626/1571
f 1300/1565/1512 1301/1626/1571 1282/1517/1466
f 1282/1517/1466 1301/1626/1571 1283/1627/1572
f 1282/1517/1466 1283/1627/1572 1299/1519/1468
f 1299/1519/1468 1283/1627/1572 1298/1628/1573
f 1299/1519/1468 1298/1628/1573 1480/1521/1470
f 1480/1521/1470 1298/1628/1573 1481/1629/1574
f 1480/1521/1470 1481/1629/1574 1471/1523/1472
f 1471/1523/1472 1481/1629/1574 1472/1630/1575
f 1471/1523/1472 1472/1630/1575 1462/1525/1474
f 1462/1525/1474 1472/1630/1575 1463/1631/1576
f 1462/1525/1474 1463/1631/1576 1453/1527/1476
f 1453/1527/1476 1463/1631/1576 1454/1632/1577
f 1453/1527/1476 1454/1632/1577 1444/1529/1478
f 1444/1529/1478 1454/1632/1577 1445/1633/1578
f 1444/1529/1478 1445/1633/1578 1435/1531/1480
f 1435/1531/1480 1445/1633/1578 1436/1634/1579
f 1435/1531/1480 1436/1634/1579 1426/1533/1482
f 1426/1533/1482 1436/1634/1579 1427/1635/1580
f 1426/1533/1482 1427/1635/1580 1417/1535/1484
f 1417/1535/1484 1427/1635/1580 1418/1636/1581
f 1417/1535/1484 1418/1636/1581 1408/1537/1486
f 1408/1537/1486 1418/1636/1581 1409/1637/1582
f 1408/1537/1486 1409/1637/1582 1399/1539/1488
f 1399/1539/1488 1409/1637/1582 1400/1638/1583
f 1399/1539/1488 1400/1638/1583 1390/1541/1490
f 1390/1541/1490 1400/1638/1583 1391/1639/1584
f 1390/1541/1490 1391/1639/1584 1273/1543/1492
f 1273/1543/1492 1391/1639/1584 1274/1640/1561
f 1274/1616/1561 1275/1641/1585 1382/1617/1562
f 1382/1617/1562 1275/1641/1585 1383/1642/1586
f 1382/1617/1562 1383/1642/1586 1373/1618/1563
f 1373/1618/1563 1383/1642/1586 1374/1643/1587
f 1373/1618/1563 1374/1643/1587 1364/1619/1564
f 1364/1619/1564 1374/1643/1587 1365/1644/1588
f 1364/1619/1564 1365/1644/1588 1355/1620/1565
f 1355/1620/1565 1365/1644/1588 1356/1645/1589
f 1355/1620/1565 1356/1645/1589 1346/1621/1566
f 1346/1621/1566 1356/1645/1589 1347/1646/1590
f 1346/1621/1566 1347/1646/1590 1337/1622/1567
f 1337/1622/1567 1347/1646/1590 1338/1647/1591
f 1337/1622/1567 1338/1647/1591 1328/1623/1568
f 1328/1623/1568 1338/1647/1591 1329/1648/1592
f 1328/1623/1568 1329/1648/1592 1319/1624/1569
f 1319/1624/1569 1329/1648/1592 1320/1649/1593
f 1319/1624/1569 1320/1649/1593 1310/1625/1570
f 1310/1625/1570 1320/1649/1593 1311/1650/1594
f 1310/1625/1570 1311/1650/1594 1301/1626/1571
f 1301/1626/1571 1311/1650/1594 1302/1651/1595
f 1301/1626/1571 1302/1651/1595 1283/1627/1572
f 1283/1627/1572 1302/1651/1595 1284/1652/1596
f 1283/1627/1572 1284/1652/1596 1298/1628/1573
f 1298/1628/1573 1284/1652/1596 1297/1653/1597
f 1298/1628/1573 1297/1653/1597 1481/1629/1574
f 1481/1629/1574 1297/1653/1597 1482/1654/1598
f 1481/1629/1574 1482/1654/1598 1472/1630/1575
f 1472/1630/1575 1482/1654/1598 1473/1655/1599
f 1472/1630/1575 1473/1655/1599 1463/1631/1576
f 1463/1631/1576 1473/1655/1599 1464/1656/1600
f 1463/1631/1576 1464/1656/1600 1454/1632/1577
f 1454/1632/1577 1464/1656/1600 1455/1657/1601
f 1454/1632/1577 1455/1657/1601 1445/1633/1578
f 1445/1633/1578 1455/1657/1601 1446/1658/1602
f 1445/1633/1578 1446/1658/1602 1436/1634/1579
f 1436/1634/1579 1446/1658/1602 1437/1659/1603
f 1436/1634/1579 1437/1659/1603 1427/1635/1580
f 1427/1635/1580 1437/1659/1603 1428/1660/1604
f 1427/1635/1580 1428/1660/1604 1418/1636/1581
f 1418/1636/1581 1428/1660/1604 1419/1661/1605
f 1418/1636/1581 1419/1661/1605 1409/1637/1582
f 1409/1637/1582 1419/1661/1605 1410/1662/1606
f 1409/1637/1582 1410/1662/1606 1400/1638/1583
f 1400/1638/1583 1410/1662/1606 1401/1663/1607
f 1400/1638/1583 1401/1663/1607 1391/1639/1584
f 1391/1639/1584 1401/1663/1607 1392/1664/1608
f 1391/1639/1584 1392/1664/1608 1274/1640/1561
f 1274/1640/1561 1392/1664/1608 1275/1665/1585
f 1275/1641/1585 1276/1666/1609 1383/1642/1586
f 1383/1642/1586 1276/1666/1609 1384/1667/1610
f 1383/1642/1586 1384/1667/1610 1374/1643/1587
f 1374/1643/1587 1384/1667/1610 1375/1668/1611
f 1374/1643/1587 1375/1668/1611 1365/1644/1588
f 1365/1644/1588 1375/1668/1611 1366/1669/1612
f 1365/1644/1588 1366/1669/1612 1356/1645/1589
f 1356/1645/1589 1366/1669/1612 1357/1670/1613
f 1356/1645/1589 1357/1670/1613 1347/1646/1590
f 1347/1646/1590 1357/1670/1613 1348/1671/1614
f 1347/1646/1590 1348/1671/1614 1338/1647/1591
f 1338/1647/1591 1348/1671/1614 1339/1672/1615
f 1338/1647/1591 1339/1672/1615 1329/1648/1592
f 1329/1648/1592 1339/1672/1615 1330/1673/1616
f 1329/1648/1592 1330/1673/1616 1320/1649/1593
f 1320/1649/1593 1330/1673/1616 1321/1674/1617
f 1320/1649/1593 1321/1674/1617 1311/1650/1594
f 1311/1650/1594 1321/1674/1617 1312/1675/1618
f 1311/1650/1594 1312/1675/1618 1302/1651/1595
f 1302/1651/1595 1312/1675/1618 1303/1676/1619
f 1302/1651/1595 1303/1676/1619 1284/1652/1596
f 1284/1652/1596 1303/1676/1619 1285/1677/1620
f 1284/1652/1596 1285/1677/1620 1297/1653/1597
f 1297/1653/1597 1285/1677/1620 1296/1678/1621
f 1297/1653/1597 1296/1678/1621 1482/1654/1598
f 1482/1654/1598 1296/1678/1621 1483/1679/1622
f 1482/1654/1598 1483/1679/1622 1473/1655/1599
f 1473/1655/1599 1483/1679/1622 1474/1680/1623
f 1473/1655/1599 1474/1680/1623 1464/1656/1600
f 1464/1656/1600 1474/1680/1623 1465/1681/1624
f 1464/1656/1600 1465/1681/1624 1455/1657/1601
f 1455/1657/1601 1465/1681/1624 1456/1682/1625
f 1455/1657/1601 1456/1682/1625 1446/1658/1602
f 1446/1658/1602 1456/1682/1625 1447/1683/1626
f 1446/1658/1602 1447/1683/1626 1437/1659/1603
f 1437/1659/1603 1447/1683/1626 1438/1684/1627
f 1437/1659/1603 1438/1684/1627 1428/1660/1604
f 1428/1660/1604 1438/1684/1627 1429/1685/1628
f 1428/1660/1604 1429/1685/1628 1419/1661/1605
f 1419/1661/1605 1429/1685/1628 1420/1686/1629
f 1419/1661/1605 1420/1686/1629 1410/1662/1606
f 1410/1662/1606 1420/1686/1629 1411/1687/1630
f 1410/1662/1606 1411/1687/1630 1401/1663/1607
f 1401/1663/1607 1411/1687/1630 1402/1688/1631
f 1401/1663/1607 1402/1688/1631 1392/1664/1608
f 1392/1664/1608 1402/1688/1631 1393/1689/1632
f 1392/1664/1608 1393/1689/1632 1275/1665/1585
f 1275/1665/1585 1393/1689/1632 1276/1690/1609
f 1276/1666/1609 1277/1691/1633 1384/1667/1610
f 1384/1667/1610 1277/1691/1633 1385/1692/1634
f 1384/1667/1610 1385/1692/1634 1375/1668/1611
f 1375/1668/1611 1385/1692/1634 1376/1693/1635
f 1375/1668/1611 1376/1693/1635 1366/1669/1612
f 1366/1669/1612 1376/1693/1635 1367/1694/1636
f 1366/1669/1612 1367/1694/1636 1357/1670/1613
f 1357/1670/1613 1367/1694/1636 1358/1695/1637
f 1357/1670/1613 1358/1695/1637 1348/1671/1614
f 1348/1671/1614 1358/1695/1637 1349/1696/1638
f 1348/1671/1614 1349/1696/1638 1339/1672/1615
f 1339/1672/1615 1349/1696/1638 1340/1697/1639
f 1339/1672/1615 1340/1697/1639 1330/1673/1616
f 1330/1673/1616 1340/1697/1639 1331/1698/1640
f 1330/1673/1616 1331/1698/1640 1321/1674/1617
f 1321/1674/1617 1331/1698/1640 1322/1699/1641
f 1321/1674/1617 1322/1699/1641 1312/1675/1618
f 1312/1675/1618 1322/1699/1641 1313/1700/1642
f 1312/1675/1618 1313/1700/1642 1303/1676/1619
f 1303/1676/1619 1313/1700/1642 1304/1701/1643
f 1303/1676/1619 1304/1701/1643 1285/1677/1620
f 1285/1677/1620 1304/1701/1643 1286/1702/1644
f 1285/1677/1620 1286/1702/1644 1296/1678/1621
f 1296/1678/1621 1286/1702/1644 1295/1703/1645
f 1296/1678/1621 1295/1703/1645 1483/1679/1622
f 1483/1679/1622 1295/1703/1645 1484/1704/1646
f 1483/1679/1622 1484/1704/1646 1474/1680/1623
f 1474/1680/1623 1484/1704/1646 1475/1705/1647
f 1474/1680/1623 1475/1705/1647 1465/1681/1624
f 1465/1681/1624 1475/1705/1647 1466/1706/1648
f 1465/1681/1624 1466/1706/1648 1456/1682/1625
f 1456/1682/1625 1466/1706/1648 1457/1707/1649
f 1456/1682/1625 1457/1707/1649 1447/1683/1626
f 1447/1683/1626 1457/1707/1649 1448/1708/1650
f 1447/1683/1626 1448/1708/1650 1438/1684/1627
f 1438/1684/1627 1448/1708/1650 1439/1709/1651
f 1438/1684/1627 1439/1709/1651 1429/1685/1628
f 1429/1685/1628 1439/1709/1651 1430/1710/1652
f 1429/1685/1628 1430/1710/1652 1420/1686/1629
f 1420/1686/1629 1430/1710/1652 1421/1711/1653
f 1420/1686/1629 1421/1711/1653 1411/1687/1630
f 1411/1687/1630 1421/1711/1653 1412/1712/1654
f 1411/1687/1630 1412/1712/1654 1402/1688/1631
f 1402/1688/1631 1412/1712/1654 1403/1713/1655
f 1402/1688/1631 1403/1713/1655 1393/1689/1632
f 1393/1689/1632 1403/1713/1655 1394/1714/1656
f 1393/1689/1632 1394/1714/1656 1276/1690/1609
f 1276/1690/1609 1394/1714/1656 1277/1715/1633
f 1277/1691/1633 1278/1716/1657 1385/1692/1634
f 1385/1692/1634 1278/1716/1657 1386/1717/1658
f 1385/1692/1634 1386/1717/1658 1376/1693/1635
f 1376/1693/1635 1386/1717/1658 1377/1718/1659
f 1376/1693/1635 1377/1718/1659 1367/1694/1636
f 1367/1694/1636 1377/1718/1659 1368/1719/1660
f 1367/1694/1636 1368/1719/1660 1358/1695/1637
f 1358/1695/1637 1368/1719/1660 1359/1720/1661
f 1358/1695/1637 1359/1720/1661 1349/1696/1638
f 1349/1696/1638 1359/1720/1661 1350/1721/1662
f 1349/1696/1638 1350/1721/1662 1340/1697/1639
f 1340/1697/1639 1350/1721/1662 1341/1722/1663
f 1340/1697/1639 1341/1722/1663 1331/1698/1640
f 1331/1698/1640 1341/1722/1663 1332/1723/1664
f 1331/1698/1640 1332/1723/1664 1322/1699/1641
f 1322/1699/1641 1332/1723/1664 1323/1724/1665
f 1322/1699/1641 1323/1724/1665 1313/1700/1642
f 1313/1700/1642 1323/1724/1665 1314/1725/1666
f 1313/1700/1642 1314/1725/1666 1304/1701/1643
f 1304/1701/1643 1314/1725/1666 1305/1726/1667
f 1304/1701/1643 1305/1726/1667 1286/1702/1644
f 1286/1702/1644 1305/1726/1667 1287/1727/1668
f 1286/1702/1644 1287/1727/1668 1295/1703/1645
f 1295/1703/1645 1287/1727/1668 1294/1728/1669
f 1295/1703/1645 1294/1728/1669 1484/1704/1646
f 1484/1704/1646 1294/1728/1669 1485/1729/1670
f 1484/1704/1646 1485/1729/1670 1475/1705/1647
f 1475/1705/1647 1485/1729/1670 1476/1730/1671
f 1475/1705/1647 1476/1730/1671 1466/1706/1648
f 1466/1706/1648 1476/1730/1671 1467/1731/1672
f 1466/1706/1648 1467/1731/1672 1457/1707/1649
f 1457/1707/1649 1467/1731/1672 1458/1732/1673
f 1457/1707/1649 1458/1732/1673 1448/1708/1650
f 1448/1708/1650 1458/1732/1673 1449/1733/1674
f 1448/1708/1650 1449/1733/1674 1439/1709/1651
f 1439/1709/1651 1449/1733/1674 1440/1734/1675
f 1439/1709/1651 1440/1734/1675 1430/1710/1652
f 1430/1710/1652 1440/1734/1675 1431/1735/1676
f 1430/1710/1652 1431/1735/1676 1421/1711/1653
f 1421/1711/1653 1431/1735/1676 1422/1736/1677
f 1421/1711/1653 1422/1736/1677 1412/1712/1654
f 1412/1712/1654 1422/1736/1677 1413/1737/1678
f 1412/1712/1654 1413/1737/1678 1403/1713/1655
f 1403/1713/1655 1413/1737/1678 1404/1738/1679
f 1403/1713/1655 1404/1738/1679 1394/1714/1656
f 1394/1714/1656 1404/1738/1679 1395/1739/1680
f 1394/1714/1656 1395/1739/1680 1277/1715/1633
f 1277/1715/1633 1395/1739/1680 1278/1740/1657
f 1278/1716/1657 1279/1741/1681 1386/1717/1658
f 1386/1717/1658 1279/1741/1681 1387/1742/1682
f 1386/1717/1658 1387/1742/1682 1377/1718/1659
f 1377/1718/1659 1387/1742/1682 1378/1743/1683
f 1377/1718/1659 1378/1743/1683 1368/1719/1660
f 1368/1719/1660 1378/1743/1683 1369/1744/1684
f 1368/1719/1660 1369/1744/1684 1359/1720/1661
f 1359/1720/1661 1369/1744/1684 1360/1745/1685
f 1359/1720/1661 1360/1745/1685 1350/1721/1662
f 1350/1721/1662 1360/1745/1685 1351/1746/1686
f 1350/1721/1662 1351/1746/1686 1341/1722/1663
f 1341/1722/1663 1351/1746/1686 1342/1747/1687
f 1341/1722/1663 1342/1747/1687 1332/1723/1664
f 1332/1723/1664 1342/1747/1687 1333/1748/1688
f 1332/1723/1664 1333/1748/1688 1323/1724/1665
f 1323/1724/1665 1333/1748/1688 1324/1749/1689
f 1323/1724/1665 1324/1749/1689 1314/1725/1666
f 1314/1725/1666 1324/1749/1689 1315/1750/1690
f 1314/1725/1666 1315/1750/1690 1305/1726/1667
f 1305/1726/1667 1315/1750/1690 1306/1751/1691
f 1305/1726/1667 1306/1751/1691 1287/1727/1668
f 1287/1727/1668 1306/1751/1691 1288/1752/1692
f 1287/1727/1668 1288/1752/1692 1294/1728/1669
f 1294/1728/1669 1288/1752/1692 1293/1753/1693
f 1294/1728/1669 1293/1753/1693 1485/1729/1670
f 1485/1729/1670 1293/1753/1693 1486/1754/1694
f 1485/1729/1670 1486/1754/1694 1476/1730/1671
f 1476/1730/1671 1486/1754/1694 1477/1755/1695
f 1476/1730/1671 1477/1755/1695 1467/1731/1672
f 1467/1731/1672 1477/1755/1695 1468/1756/1696
f 1467/1731/1672 1468/1756/1696 1458/1732/1673
f 1458/1732/1673 1468/1756/1696 1459/1757/1697
f 1458/1732/1673 1459/1757/1697 1449/1733/1674
f 1449/1733/1674 1459/1757/1697 1450/1758/1698
f 1449/1733/1674 1450/1758/1698 1440/1734/1675
f 1440/1734/1675 1450/1758/1698 1441/1759/1699
f 1440/1734/1675 1441/1759/1699 1431/1735/1676
f 1431/1735/1676 1441/1759/1699 1432/1760/1700
f 1431/1735/1676 1432/1760/1700 1422/1736/1677
f 1422/1736/1677 1432/1760/1700 1423/1761/1701
f 1422/1736/1677 1423/1761/1701 1413/1737/1678
f 1413/1737/1678 1423/1761/1701 1414/1762/1702
f 1413/1737/1678 1414/1762/1702 1404/1738/1679
f 1404/1738/1679 1414/1762/1702 1405/1763/1703
f 1404/1738/1679 1405/1763/1703 1395/1739/1680
f 1395/1739/1680 1405/1763/1703 1396/1764/1704
f 1395/1739/1680 1396/1764/1704 1278/1740/1657
f 1278/1740/1657 1396/1764/1704 1279/1765/1681
f 1279/1741/1681 1280/1766/1705 1387/1742/1682
f 1387/1742/1682 1280/1766/1705 1388/1767/1706
f 1387/1742/1682 1388/1767/1706 1378/1743/1683
f 1378/1743/1683 1388/1767/1706 1379/1768/1707
f 1378/1743/1683 1379/1768/1707 1369/1744/1684
f 1369/1744/1684 1379/1768/1707 1370/1769/1708
f 1369/1744/1684 1370/1769/1708 1360/1745/1685
f 1360/1745/1685 1370/1769/1708 1361/1770/1709
f 1360/1745/1685 1361/1770/1709 1351/1746/1686
f 1351/1746/1686 1361/1770/1709 1352/1771/1710
f 1351/1746/1686 1352/1771/1710 1342/1747/1687
f 1342/1747/1687 1352/1771/1710 1343/1772/1711
f 1342/1747/1687 1343/1772/1711 1333/1748/1688
f 1333/1748/1688 1343/1772/1711 1334/1773/1712
f 1333/1748/1688 1334/1773/1712 1324/1749/1689
f 1324/1749/1689 1334/1773/1712 1325/1774/1713
f 1324/1749/1689 1325/1774/1713 1315/1750/1690
f 1315/1750/1690 1325/1774/1713 1316/1775/1714
f 1315/1750/1690 1316/1775/1714 1306/1751/1691
f 1306/1751/1691 1316/1775/1714 1307/1776/1715
f 1306/1751/1691 1307/1776/1715 1288/1752/1692
f 1288/1752/1692 1307/1776/1715 1289/1777/1716
f 1288/1752/1692 1289/1777/1716 1293/1753/1693
f 1293/1753/1693 1289/1777/1716 1292/1778/1717
f 1293/1753/1693 1292/1778/1717 1486/1754/1694
f 1486/1754/1694 1292/1778/1717 1487/1779/1718
f 1486/1754/1694 1487/1779/1718 1477/1755/1695
f 1477/1755/1695 1487/1779/1718 1478/1780/1719
f 1477/1755/1695 1478/1780/1719 1468/1756/1696
f 1468/1756/1696 1478/1780/1719 1469/1781/1720
f 1468/1756/1696 1469/1781/1720 1459/1757/1697
f 1459/1757/1697 1469/1781/1720 1460/1782/1721
f 1459/1757/1697 1460/1782/1721 1450/1758/1698
f 1450/1758/1698 1460/1782/1721 1451/1783/1722
f 1450/1758/1698 1451/1783/1722 1441/1759/1699
f 1441/1759/1699 1451/1783/1722 1442/1784/1723
f 1441/1759/1699 1442/1784/1723 1432/1760/1700
f 1432/1760/1700 1442/1784/1723 1433/1785/1724
f 1432/1760/1700 1433/1785/1724 1423/1761/1701
f 1423/1761/1701 1433/1785/1724 1424/1786/1725
f 1423/1761/1701 1424/1786/1725 1414/1762/1702
f 1414/1762/1702 1424/1786/1725 1415/1787/1726
f 1414/1762/1702 1415/1787/1726 1405/1763/1703
f 1405/1763/1703 1415/1787/1726 1406/1788/1727
f 1405/1763/1703 1406/1788/1727 1396/1764/1704
f 1396/1764/1704 1406/1788/1727 1397/1789/1728
f 1396/1764/1704 1397/1789/1728 1279/1765/1681
f 1279/1765/1681 1397/1789/1728 1280/1790/1705
f 1280/1766/1705 1281/1593/1540 1388/1767/1706
f 1388/1767/1706 1281/1593/1540 1389/1591/1538
f 1388/1767/1706 1389/1591/1538 1379/1768/1707
f 1379/1768/1707 1389/1591/1538 1380/1589/1536
f 1379/1768/1707 1380/1589/1536 1370/1769/1708
f 1370/1769/1708 1380/1589/1536 1371/1587/1534
f 1370/1769/1708 1371/1587/1534 1361/1770/1709
f 1361/1770/1709 1371/1587/1534 1362/1585/1532
f 1361/1770/1709 1362/1585/1532 1352/1771/1710
f 1352/1771/1710 1362/1585/1532 1353/1583/1530
f 1352/1771/1710 1353/1583/1530 1343/1772/1711
f 1343/1772/1711 1353/1583/1530 1344/1581/1528
f 1343/1772/1711 1344/1581/1528 1334/1773/1712
f 1334/1773/1712 1344/1581/1528 1335/1579/1526
f 1334/1773/1712 1335/1579/1526 1325/1774/1713
f 1325/1774/1713 1335/1579/1526 1326/1577/1524
f 1325/1774/1713 1326/1577/1524 1316/1775/1714
f 1316/1775/1714 1326/1577/1524 1317/1575/1522
f 1316/1775/1714 1317/1575/1522 1307/1776/1715
f 1307/1776/1715 1317/1575/1522 1308/1573/1520
f 1307/1776/1715 1308/1573/1520 1289/1777/1716
f 1289/1777/1716 1308/1573/1520 1290/1571/1518
f 1289/1777/1716 1290/1571/1518 1292/1778/1717
f 1292/1778/1717 1290/1571/1518 1291/1569/1516
f 1292/1778/1717 1291/1569/1516 1487/1779/1718
f 1487/1779/1718 1291/1569/1516 1488/1567/1514
f 1487/1779/1718 1488/1567/1514 1478/1780/1719
f 1478/1780/1719 1488/1567/1514 1479/1615/1560
f 1478/1780/1719 1479/1615/1560 1469/1781/1720
f 1469/1781/1720 1479/1615/1560 1470/1613/1558
f 1469/1781/1720 1470/1613/1558 1460/1782/1721
f 1460/1782/1721 1470/1613/1558 1461/1611/1556
f 1460/1782/1721 1461/1611/1556 1451/1783/1722
f 1451/1783/1722 1461/1611/1556 1452/1609/1554
f 1451/1783/1722 1452/1609/1554 1442/1784/1723
f 1442/1784/1723 1452/1609/1554 1443/1607/1552
f 1442/1784/1723 1443/1607/1552 1433/1785/1724
f 1433/1785/1724 1443/1607/1552 1434/1605/1550
f 1433/1785/1724 1434/1605/1550 1424/1786/1725
f 1424/1786/1725 1434/1605/1550 1425/1603/1548
f 1424/1786/1725 1425/1603/1548 1415/1787/1726
f 1415/1787/1726 1425/1603/1548 1416/1601/1546
f 1415/1787/1726 1416/1601/1546 1406/1788/1727
f 1406/1788/1727 1416/1601/1546 1407/1599/1544
f 1406/1788/1727 1407/1599/1544 1397/1789/1728
f 1397/1789/1728 1407/1599/1544 1398/1597/1542
f 1397/1789/1728 1398/1597/1542 1280/1790/1705
f 1280/1790/1705 1398/1597/1542 1281/1595/1540
f 1248/1791/1729 1238/1792/1730 1225/1793/1731
f 1225/1793/1731 1238/1792/1730 1237/1794/1732
f 1225/1793/1731 1237/1794/1732 1226/1795/1733
f 1226/1795/1733 1237/1794/1732 1236/1796/1734
f 1226/1795/1733 1236/1796/1734 1227/1797/1735
f 1227/1797/1735 1236/1796/1734 1235/1798/1736
f 1227/1797/1735 1235/1798/1736 1228/1799/1737
f 1228/1799/1737 1235/1798/1736 1234/1800/1738
f 1228/1799/1737 1234/1800/1738 1229/1801/1739
f 1229/1801/1739 1234/1800/1738 1233/1802/1740
f 1229/1801/1739 1233/1802/1740 1230/1803/1741
f 1230/1803/1741 1233/1802/1740 1232/1804/1742
f 1230/1803/1741 1232/1804/1742 1231/1805/1743
f 1238/1792/1730 1248/1791/1729 1239/1806/1744
f 1239/1806/1744 1248/1791/1729 1247/1807/1745
f 1239/1806/1744 1247/1807/1745 1240/1808/1746
f 1240/1808/1746 1247/1807/1745 1246/1809/1747
f 1240/1808/1746 1246/1809/1747 1241/1810/1748
f 1241/1810/1748 1246/1809/1747 1245/1811/1749
f 1241/1810/1748 1245/1811/1749 1242/1812/1750
f 1242/1812/1750 1245/1811/1749 1244/1813/1751
f 1242/1812/1750 1244/1813/1751 1243/1814/1752
f 1272/1815/1753 1262/1816/1754 1249/1817/1755
f 1249/1817/1755 1262/1816/1754 1261/1818/1756
f 1249/1817/1755 1261/1818/1756 1250/1819/1757
f 1250/1819/1757 1261/1818/1756 1260/1820/1758
f 1250/1819/1757 1260/1820/1758 1251/1821/1759
f 1251/1821/1759 1260/1820/1758 1259/1822/1760
f 1251/1821/1759 1259/1822/1760 1252/1823/1761
f 1252/1823/1761 1259/1822/1760 1258/1824/1762
f 1252/1823/1761 1258/1824/1762 1253/1825/1763
f 1253/1825/1763 1258/1824/1762 1257/1826/1764
f 1253/1825/1763 1257/1826/1764 1254/1827/1765
f 1254/1827/1765 1257/1826/1764 1256/1828/1766
f 1254/1827/1765 1256/1828/1766 1255/1829/1767
f 1262/1816/1754 1272/1815/1753 1263/1830/1768
f 1263/1830/1768 1272/1815/1753 1271/1831/1769
f 1263/1830/1768 1271/1831/1769 1264/1832/1770
f 1264/1832/1770 1271/1831/1769 1270/1833/1771
f 1264/1832/1770 1270/1833/1771 1265/1834/1772
f 1265/1834/1772 1270/1833/1771 1269/1835/1773
f 1265/1834/1772 1269/1835/1773 1266/1836/1774
f 1266/1836/1774 1269/1835/1773 1268/1837/1775
f 1266/1836/1774 1268/1837/1775 1267/1838/1776
g CrossBar_Top

v -23.000000 -3.200000 106.800000
v -23.000000 -2.889417 106.840889
v -23.000000 -2.600000 106.960770
v -23.000000 -2.351472 107.151472
v -23.000000 -2.160770 107.400000
v -23.000000 -2.040889 107.689417
v -23.000000 -2.000000 108.000000
v -23.000000 -2.040889 108.310583
v -23.000000 -2.160770 108.600000
v -23.000000 -2.351472 108.848528
v -23.000000 -2.600000 109.039230
v -23.000000 -2.889417 109.159111
v -23.000000 -3.200000 109.200000
v -23.000000 -3.510583 109.159111
v -23.000000 -3.800000 109.039230
v -23.000000 -4.048528 108.848528
v -23.000000 -4.239230 108.600000
v -23.000000 -4.359111 108.310583
v -23.000000 -4.400000 108.000000
v -23.000000 -4.359111 107.689417
v -23.000000 -4.239230 107.400000
v -23.000000 -4.048528 107.151472
v -23.000000 -3.800000 106.960770
v -23.000000 -3.510583 106.840889
v 23.000000 -3.200000 106.800000
v 23.000000 -3.510583 106.840889
v 23.000000 -3.800000 106.960770
v 23.000000 -4.048528 107.151472
v 23.000000 -4.239230 107.400000
v 23.000000 -4.359111 107.689417
v 23.000000 -4.400000 108.000000
v 23.000000 -4.359111 108.310583
v 23.000000 -4.239230 108.600000
v 23.000000 -4.048528 108.848528
v 23.000000 -3.800000 109.039230
v 23.000000 -3.510583 109.159111
v 23.000000 -3.200000 109.200000
v 23.000000 -2.889417 109.159111
v 23.000000 -2.600000 109.039230
v 23.000000 -2.351472 108.848528
v 23.000000 -2.160770 108.600000
v 23.000000 -2.040889 108.310583
v 23.000000 -2.000000 108.000000
v 23.000000 -2.040889 107.689417
v 23.000000 -2.160770 107.400000
v 23.000000 -2.351472 107.151472
v 23.000000 -2.600000 106.960770
v 23.000000 -2.889417 106.840889
v -16.428571 -3.200000 109.200000
v -9.857143 -3.200000 109.200000
v -3.285714 -3.200000 109.200000
v 3.285714 -3.200000 109.200000
v 9.857143 -3.200000 109.200000
v 16.428571 -3.200000 109.200000
v -16.428571 -2.889417 106.840889
v -9.857143 -2.889417 106.840889
v -3.285714 -2.889417 106.840889
v 3.285714 -2.889417 106.840889
v 9.857143 -2.889417 106.840889
v 16.428571 -2.889417 106.840889
v 16.428571 -3.200000 106.800000
v 9.857143 -3.200000 106.800000
v 3.285714 -3.200000 106.800000
v -3.285714 -3.200000 106.800000
v -9.857143 -3.200000 106.800000
v -16.428571 -3.200000 106.800000
v -16.428571 -2.600000 106.960770
v -9.857143 -2.600000 106.960770
v -3.285714 -2.600000 106.960770
v 3.285714 -2.600000 106.960770
v 9.857143 -2.600000 106.960770
v 16.428571 -2.600000 106.960770
v -16.428571 -2.351472 107.151472
v -9.857143 -2.351472 107.151472
v -3.285714 -2.351472 107.151472
v 3.285714 -2.351472 107.151472
v 9.857143 -2.351472 107.151472
v 16.428571 -2.351472 107.151472
v -16.428571 -2.160770 107.400000
v -9.857143 -2.160770 107.400000
v -3.285714 -2.160770 107.400000
v 3.285714 -2.160770 107.400000
v 9.857143 -2.160770 107.400000
v 16.428571 -2.160770 107.400000
v -16.428571 -2.040889 107.689417
v -9.857143 -2.040889 107.689417
v -3.285714 -2.040889 107.689417
v 3.285714 -2.040889 107.689417
v 9.857143 -2.040889 107.689417
v 16.428571 -2.040889 107.689417
v -16.428571 -2.000000 108.000000
v -9.857143 -2.000000 108.000000
v -3.285714 -2.000000 108.000000
v 3.285714 -2.000000 108.000000
v 9.857143 -2.000000 108.000000
v 16.428571 -2.000000 108.000000
v -16.428571 -2.040889 108.310583
v -9.857143 -2.040889 108.310583
v -3.285714 -2.040889 108.310583
v 3.285714 -2.040889 108.310583
v 9.857143 -2.040889 108.310583
v 16.428571 -2.040889 108.310583
v -16.428571 -2.160770 108.600000
v -9.857143 -2.160770 108.600000
v -3.285714 -2.160770 108.600000
v 3.285714 -2.160770 108.600000
v 9.857143 -2.160770 108.600000
v 16.428571 -2.160770 108.600000
v -16.428571 -2.351472 108.848528
v -9.857143 -2.351472 108.848528
v -3.285714 -2.351472 108.848528
v 3.285714 -2.351472 108.848528
v 9.857143 -2.351472 108.848528
v 16.428571 -2.351472 108.848528
v -16.428571 -2.600000 109.039230
v -9.857143 -2.600000 109.039230
v -3.285714 -2.600000 109.039230
v 3.285714 -2.600000 109.039230
v 9.857143 -2.600000 109.039230
v 16.428571 -2.600000 109.039230
v -16.428571 -2.889417 109.159111
v -9.857143 -2.889417 109.159111
v -3.285714 -2.889417 109.159111
v 3.285714 -2.889417 109.159111
v 9.857143 -2.889417 109.159111
v 16.428571 -2.889417 109.159111
v -16.428571 -3.510583 109.159111
v -9.857143 -3.510583 109.159111
v -3.285714 -3.510583 109.159111
v 3.285714 -3.510583 109.159111
v 9.857143 -3.510583 109.159111
v 16.428571 -3.510583 109.159111
v -16.428571 -3.800000 109.039230
v -9.857143 -3.800000 109.039230
v -3.285714 -3.800000 109.039230
v 3.285714 -3.800000 109.039230
v 9.857143 -3.800000 109.039230
v 16.428571 -3.800000 109.039230
v -16.428571 -4.048528 108.848528
v -9.857143 -4.048528 108.848528
v -3.285714 -4.048528 108.848528
v 3.285714 -4.048528 108.848528
v 9.857143 -4.048528 108.848528
v 16.428571 -4.048528 108.848528
v -16.428571 -4.239230 108.600000
v -9.857143 -4.239230 108.600000
v -3.285714 -4.239230 108.600000
v 3.285714 -4.239230 108.600000
v 9.857143 -4.239230 108.600000
v 16.428571 -4.239230 108.600000
v -16.428571 -4.359111 108.310583
v -9.857143 -4.359111 108.310583
v -3.285714 -4.359111 108.310583
v 3.285714 -4.359111 108.310583
v 9.857143 -4.359111 108.310583
v 16.428571 -4.359111 108.310583
v -16.428571 -4.400000 108.000000
v -9.857143 -4.400000 108.000000
v -3.285714 -4.400000 108.000000
v 3.285714 -4.400000 108.000000
v 9.857143 -4.400000 108.000000
v 16.428571 -4.400000 108.000000
v -16.428571 -4.359111 107.689417
v -9.857143 -4.359111 107.689417
v -3.285714 -4.359111 107.689417
v 3.285714 -4.359111 107.689417
v 9.857143 -4.359111 107.689417
v 16.428571 -4.359111 107.689417
v -16.428571 -4.239230 107.400000
v -9.857143 -4.239230 107.400000
v -3.285714 -4.239230 107.400000
v 3.285714 -4.239230 107.400000
v 9.857143 -4.239230 107.400000
v 16.428571 -4.239230 107.400000
v -16.428571 -4.048528 107.151472
v -9.857143 -4.048528 107.151472
v -3.285714 -4.048528 107.151472
v 3.285714 -4.048528 107.151472
v 9.857143 -4.048528 107.151472
v 16.428571 -4.048528 107.151472
v -16.428571 -3.800000 106.960770
v -9.857143 -3.800000 106.960770
v -3.285714 -3.800000 106.960770
v 3.285714 -3.800000 106.960770
v 9.857143 -3.800000 106.960770
v 16.428571 -3.800000 106.960770
v -16.428571 -3.510583 106.840889
v -9.857143 -3.510583 106.840889
v -3.285714 -3.510583 106.840889
v 3.285714 -3.510583 106.840889
v 9.857143 -3.510583 106.840889
v 16.428571 -3.510583 106.840889
vt 23.000000 0.314159 0.000000
vt 16.428571 0.314159 0.000000
vt 23.000000 0.000000 0.000000
vt 16.428571 0.000000 0.000000
vt 23.000000 -0.314159 0.000000
vt 16.428571 -0.314159 0.000000
vt 23.000000 -0.628319 0.000000
vt 16.428571 -0.628319 0.000000
vt 23.000000 -0.942478 0.000000
vt 16.428571 -0.942478 0.000000
vt 23.000000 -1.256637 0.000000
vt 16.428571 -1.256637 0.000000
vt 23.000000 -1.570796 0.000000
vt 16.428571 -1.570796 0.000000
vt 23.000000 -1.884956 0.000000
vt 16.428571 -1.884956 0.000000
vt 23.000000 -2.199115 0.000000
vt 16.428571 -2.199115 0.000000
vt 23.000000 -2.513274 0.000000
vt 16.428571 -2.513274 0.000000
vt 23.000000 -2.827433 0.000000
vt 16.428571 -2.827433 0.000000
vt 23.000000 -3.141593 0.000000
vt 16.428571 -3.141593 0.000000
vt 23.000000 -3.455752 0.000000
vt 16.428571 -3.455752 0.000000
vt 23.000000 -3.769911 0.000000
vt 16.428571 -3.769911 0.000000
vt 23.000000 3.769911 0.000000
vt 16.428571 3.769911 0.000000
vt 23.000000 3.455752 0.000000
vt 16.428571 3.455752 0.000000
vt 23.000000 3.141593 0.000000
vt 16.428571 3.141593 0.000000
vt 23.000000 2.827433 0.000000
vt 16.428571 2.827433 0.000000
vt 23.000000 2.513274 0.000000
vt 16.428571 2.513274 0.000000
vt 23.000000 2.199115 0.000000
vt 16.428571 2.199115 0.000000
vt 23.000000 1.884956 0.000000
vt 16.428571 1.884956 0.000000
vt 23.000000 1.570796 0.000000
vt 16.428571 1.570796 0.000000
vt 23.000000 1.256637 0.000000
vt 16.428571 1.256637 0.000000
vt 23.000000 0.942478 0.000000
vt 16.428571 0.942478 0.000000
vt 23.000000 0.628319 0.000000
vt 16.428571 0.628319 0.000000
vt -23.000000 -0.314159 0.000000
vt -16.428571 -0.314159 0.000000
vt -23.000000 0.000000 0.000000
vt -16.428571 0.000000 0.000000
vt -23.000000 0.314159 0.000000
vt -16.428571 0.314159 0.000000
vt -23.000000 0.628319 0.000000
vt -16.428571 0.628319 0.000000
vt -23.000000 0.942478 0.000000
vt -16.428571 0.942478 0.000000
vt -23.000000 1.256637 0.000000
vt -16.428571 1.256637 0.000000
vt -23.000000 1.570796 0.000000
vt -16.428571 1.570796 0.000000
vt -23.000000 1.884956 0.000000
vt -16.428571 1.884956 0.000000
vt -23.000000 2.199115 0.000000
vt -16.428571 2.199115 0.000000
vt -23.000000 2.513274 0.000000
vt -16.428571 2.513274 0.000000
vt -23.000000 2.827433 0.000000
vt -16.428571 2.827433 0.000000
vt -23.000000 3.141593 0.000000
vt -16.428571 3.141593 0.000000
vt -23.000000 3.455752 0.000000
vt -16.428571 3.455752 0.000000
vt -23.000000 3.769911 0.000000
vt -16.428571 3.769911 0.000000
vt -23.000000 -3.769911 0.000000
vt -16.428571 -3.769911 0.000000
vt -23.000000 -3.455752 0.000000
vt -16.428571 -3.455752 0.000000
vt -23.000000 -3.141593 0.000000
vt -16.428571 -3.141593 0.000000
vt -23.000000 -2.827433 0.000000
vt -16.428571 -2.827433 0.000000
vt -23.000000 -2.513274 0.000000
vt -16.428571 -2.513274 0.000000
vt -23.000000 -2.199115 0.000000
vt -16.428571 -2.199115 0.000000
vt -23.000000 -1.884956 0.000000
vt -16.428571 -1.884956 0.000000
vt -23.000000 -1.570796 0.000000
vt -16.428571 -1.570796 0.000000
vt -23.000000 -1.256637 0.000000
vt -16.428571 -1.256637 0.000000
vt -23.000000 -0.942478 0.000000
vt -16.428571 -0.942478 0.000000
vt -23.000000 -0.628319 0.000000
vt -16.428571 -0.628319 0.000000
vt 9.857143 3.769911 0.000000
vt 9.857143 3.455752 0.000000
vt 9.857143 3.141593 0.000000
vt 9.857143 2.827433 0.000000
vt 9.857143 2.513274 0.000000
vt 9.857143 2.199115 0.000000
vt 9.857143 1.884956 0.000000
vt 9.857143 1.570796 0.000000
vt 9.857143 1.256637 0.000000
vt 9.857143 0.942478 0.000000
vt 9.857143 0.628319 0.000000
vt 9.857143 0.314159 0.000000
vt 9.857143 0.000000 0.000000
vt 9.857143 -0.314159 0.000000
vt 9.857143 -0.628319 0.000000
vt 9.857143 -0.942478 0.000000
vt 9.857143 -1.256637 0.000000
vt 9.857143 -1.570796 0.000000
vt 9.857143 -1.884956 0.000000
vt 9.857143 -2.199115 0.000000
vt 9.857143 -2.513274 0.000000
vt 9.857143 -2.827433 0.000000
vt 9.857143 -3.141593 0.000000
vt 9.857143 -3.455752 0.000000
vt 9.857143 -3.769911 0.000000
vt 3.285714 3.769911 0.000000
vt 3.285714 3.455752 0.000000
vt 3.285714 3.141593 0.000000
vt 3.285714 2.827433 0.000000
vt 3.285714 2.513274 0.000000
vt 3.285714 2.199115 0.000000
vt 3.285714 1.884956 0.000000
vt 3.285714 1.570796 0.000000
vt 3.285714 1.256637 0.000000
vt 3.285714 0.942478 0.000000
vt 3.285714 0.628319 0.000000
vt 3.285714 0.314159 0.000000
vt 3.285714 0.000000 0.000000
vt 3.285714 -0.314159 0.000000
vt 3.285714 -0.628319 0.000000
vt 3.285714 -0.942478 0.000000
vt 3.285714 -1.256637 0.000000
vt 3.285714 -1.570796 0.000000
vt 3.285714 -1.884956 0.000000
vt 3.285714 -2.199115 0.000000
vt 3.285714 -2.513274 0.000000
vt 3.285714 -2.827433 0.000000
vt 3.285714 -3.141593 0.000000
vt 3.285714 -3.455752 0.000000
vt 3.285714 -3.769911 0.000000
vt -3.285714 3.769911 0.000000
vt -3.285714 3.455752 0.000000
vt -3.285714 3.141593 0.000000
vt -3.285714 2.827433 0.000000
vt -3.285714 2.513274 0.000000
vt -3.285714 2.199115 0.000000
vt -3.285714 1.884956 0.000000
vt -3.285714 1.570796 0.000000
vt -3.285714 1.256637 0.000000
vt -3.285714 0.942478 0.000000
vt -3.285714 0.628319 0.000000
vt -3.285714 0.314159 0.000000
vt -3.285714 0.000000 0.000000
vt -3.285714 -0.314159 0.000000
vt -3.285714 -0.628319 0.000000
vt -3.285714 -0.942478 0.000000
vt -3.285714 -1.256637 0.000000
vt -3.285714 -1.570796 0.000000
vt -3.285714 -1.884956 0.000000
vt -3.285714 -2.199115 0.000000
vt -3.285714 -2.513274 0.000000
vt -3.285714 -2.827433 0.000000
vt -3.285714 -3.141593 0.000000
vt -3.285714 -3.455752 0.000000
vt -3.285714 -3.769911 0.000000
vt -9.857143 3.769911 0.000000
vt -9.857143 3.455752 0.000000
vt -9.857143 3.141593 0.000000
vt -9.857143 2.827433 0.000000
vt -9.857143 2.513274 0.000000
vt -9.857143 2.199115 0.000000
vt -9.857143 1.884956 0.000000
vt -9.857143 1.570796 0.000000
vt -9.857143 1.256637 0.000000
vt -9.857143 0.942478 0.000000
vt -9.857143 0.628319 0.000000
vt -9.857143 0.314159 0.000000
vt -9.857143 0.000000 0.000000
vt -9.857143 -0.314159 0.000000
vt -9.857143 -0.628319 0.000000
vt -9.857143 -0.942478 0.000000
vt -9.857143 -1.256637 0.000000
vt -9.857143 -1.570796 0.000000
vt -9.857143 -1.884956 0.000000
vt -9.857143 -2.199115 0.000000
vt -9.857143 -2.513274 0.000000
vt -9.857143 -2.827433 0.000000
vt -9.857143 -3.141593 0.000000
vt -9.857143 -3.455752 0.000000
vt -9.857143 -3.769911 0.000000
vt -1.159111 -0.310583 0.000000
vt 1.159111 -0.310583 0.000000
vt -1.200000 0.000000 0.000000
vt 1.200000 0.000000 0.000000
vt -1.159111 0.310583 0.000000
vt 1.159111 0.310583 0.000000
vt -1.039230 0.600000 0.000000
vt 1.039230 0.600000 0.000000
vt -0.848528 0.848528 0.000000
vt 0.848528 0.848528 0.000000
vt -0.600000 1.039230 0.000000
vt 0.600000 1.039230 0.000000
vt -0.310583 1.159111 0.000000
vt 0.310583 1.159111 0.000000
vt 0.000000 1.200000 0.000000
vt 1.039230 -0.600000 0.000000
vt -1.039230 -0.600000 0.000000
vt 0.848528 -0.848528 0.000000
vt -0.848528 -0.848528 0.000000
vt 0.600000 -1.039230 0.000000
vt -0.600000 -1.039230 0.000000
vt 0.310583 -1.159111 0.000000
vt -0.310583 -1.159111 0.000000
vt 0.000000 -1.200000 0.000000
vt 1.159111 0.310583 0.000000
vt -1.159111 0.310583 0.000000
vt 1.200000 0.000000 0.000000
vt -1.200000 0.000000 0.000000
vt 1.159111 -0.310583 0.000000
vt -1.159111 -0.310583 0.000000
vt 1.039230 -0.600000 0.000000
vt -1.039230 -0.600000 0.000000
vt 0.848528 -0.848528 0.000000
vt -0.848528 -0.848528 0.000000
vt 0.600000 -1.039230 0.000000
vt -0.600000 -1.039230 0.000000
vt 0.310583 -1.159111 0.000000
vt -0.310583 -1.159111 0.000000
vt 0.000000 -1.200000 0.000000
vt -1.039230 0.600000 0.000000
vt 1.039230 0.600000 0.000000
vt -0.848528 0.848528 0.000000
vt 0.848528 0.848528 0.000000
vt -0.600000 1.039230 0.000000
vt 0.600000 1.039230 0.000000
vt -0.310583 1.159111 0.000000
vt 0.310583 1.159111 0.000000
vt 0.000000 1.200000 0.000000
vn -0.000000 0.258819 -0.965926
vn -0.000000 0.258819 -0.965926
vn -0.000000 0.000000 -1.000000
vn -0.000000 0.000000 -1.000000
vn 0.000000 -0.258819 -0.965926
vn 0.000000 -0.258819 -0.965926
vn 0.000000 -0.500000 -0.866025
vn 0.000000 -0.500000 -0.866025
vn 0.000000 -0.707107 -0.707107
vn 0.000000 -0.707107 -0.707107
vn 0.000000 -0.866025 -0.500000
vn 0.000000 -0.866025 -0.500000
vn 0.000000 -0.965926 -0.258819
vn 0.000000 -0.965926 -0.258819
vn 0.000000 -1.000000 -0.000000
vn 0.000000 -1.000000 -0.000000
vn -0.000000 -0.965926 0.258819
vn -0.000000 -0.965926 0.258819
vn -0.000000 -0.866025 0.500000
vn -0.000000 -0.866025 0.500000
vn -0.000000 -0.707107 0.707107
vn -0.000000 -0.707107 0.707107
vn -0.000000 -0.500000 0.866025
vn -0.000000 -0.500000 0.866025
vn -0.000000 -0.258819 0.965926
vn -0.000000 -0.258819 0.965926
vn -0.000000 -0.000000 1.000000
vn -0.000000 -0.000000 1.000000
vn -0.000000 0.258819 0.965926
vn -0.000000 0.258819 0.965926
vn -0.000000 0.500000 0.866025
vn -0.000000 0.500000 0.866025
vn -0.000000 0.707107 0.707107
vn -0.000000 0.707107 0.707107
vn -0.000000 0.866025 0.500000
vn -0.000000 0.866025 0.500000
vn -0.000000 0.965926 0.258819
vn -0.000000 0.965926 0.258819
vn -0.000000 1.000000 -0.000000
vn -0.000000 1.000000 -0.000000
vn -0.000000 0.965926 -0.258819
vn -0.000000 0.965926 -0.258819
vn -0.000000 0.866025 -0.500000
vn -0.000000 0.866025 -0.500000
vn -0.000000 0.707107 -0.707107
vn -0.000000 0.707107 -0.707107
vn -0.000000 0.500000 -0.866025
vn -0.000000 0.500000 -0.866025
vn 0.000000 -0.258819 -0.965926
vn 0.000000 -0.258819 -0.965926
vn -0.000000 0.000000 -1.000000
vn -0.000000 0.000000 -1.000000
vn -0.000000 0.258819 -0.965926
vn -0.000000 0.258819 -0.965926
vn -0.000000 0.500000 -0.866025
vn -0.000000 0.500000 -0.866025
vn -0.000000 0.707107 -0.707107
vn -0.000000 0.707107 -0.707107
vn -0.000000 0.866025 -0.500000
vn -0.000000 0.866025 -0.500000
vn -0.000000 0.965926 -0.258819
vn -0.000000 0.965926 -0.258819
vn -0.000000 1.000000 -0.000000
vn -0.000000 1.000000 -0.000000
vn -0.000000 0.965926 0.258819
vn -0.000000 0.965926 0.258819
vn -0.000000 0.866025 0.500000
vn -0.000000 0.866025 0.500000
vn -0.000000 0.707107 0.707107
vn -0.000000 0.707107 0.707107
vn -0.000000 0.500000 0.866025
vn -0.000000 0.500000 0.866025
vn -0.000000 0.258819 0.965926
vn -0.000000 0.258819 0.965926
vn -0.000000 0.000000 1.000000
vn -0.000000 0.000000 1.000000
vn -0.000000 -0.258819 0.965926
vn -0.000000 -0.258819 0.965926
vn -0.000000 -0.500000 0.866025
vn -0.000000 -0.500000 0.866025
vn -0.000000 -0.707107 0.707107
vn -0.000000 -0.707107 0.707107
vn -0.000000 -0.866025 0.500000
vn -0.000000 -0.866025 0.500000
vn -0.000000 -0.965926 0.258819
vn -0.000000 -0.965926 0.258819
vn 0.000000 -1.000000 -0.000000
vn 0.000000 -1.000000 -0.000000
vn 0.000000 -0.965926 -0.258819
vn 0.000000 -0.965926 -0.258819
vn 0.000000 -0.866025 -0.500000
vn 0.000000 -0.866025 -0.500000
vn 0.000000 -0.707107 -0.707107
vn 0.000000 -0.707107 -0.707107
vn 0.000000 -0.500000 -0.866025
vn 0.000000 -0.500000 -0.866025
vn -0.000000 0.000000 1.000000
vn -0.000000 0.258819 0.965926
vn -0.000000 0.500000 0.866025
vn -0.000000 0.707107 0.707107
vn -0.000000 0.866025 0.500000
vn -0.000000 0.965926 0.258819
vn -0.000000 1.000000 -0.000000
vn -0.000000 0.965926 -0.258819
vn -0.000000 0.866025 -0.500000
vn -0.000000 0.707107 -0.707107
vn -0.000000 0.500000 -0.866025
vn -0.000000 0.258819 -0.965926
vn -0.000000 0.000000 -1.000000
vn 0.000000 -0.258819 -0.965926
vn 0.000000 -0.500000 -0.866025
vn 0.000000 -0.707107 -0.707107
vn 0.000000 -0.866025 -0.500000
vn 0.000000 -0.965926 -0.258819
vn 0.000000 -1.000000 -0.000000
vn -0.000000 -0.965926 0.258819
vn -0.000000 -0.866025 0.500000
vn -0.000000 -0.707107 0.707107
vn -0.000000 -0.500000 0.866025
vn -0.000000 -0.258819 0.965926
vn -0.000000 0.000000 1.000000
vn -0.000000 0.258819 0.965926
vn -0.000000 0.500000 0.866025
vn -0.000000 0.707107 0.707107
vn -0.000000 0.866025 0.500000
vn -0.000000 0.965926 0.258819
vn -0.000000 1.000000 -0.000000
vn -0.000000 0.965926 -0.258819
vn -0.000000 0.866025 -0.500000
vn -0.000000 0.707107 -0.707107
vn -0.000000 0.500000 -0.866025
vn -0.000000 0.258819 -0.965926
vn -0.000000 0.000000 -1.000000
vn 0.000000 -0.258819 -0.965926
vn 0.000000 -0.500000 -0.866025
vn 0.000000 -0.707107 -0.707107
vn 0.000000 -0.866025 -0.500000
vn 0.000000 -0.965926 -0.258819
vn 0.000000 -1.000000 -0.000000
vn -0.000000 -0.965926 0.258819
vn -0.000000 -0.866025 0.500000
vn -0.000000 -0.707107 0.707107
vn -0.000000 -0.500000 0.866025
vn -0.000000 -0.258819 0.965926
vn -0.000000 0.000000 1.000000
vn -0.000000 0.258819 0.965926
vn -0.000000 0.500000 0.866025
vn -0.000000 0.707107 0.707107
vn -0.000000 0.866025 0.500000
vn -0.000000 0.965926 0.258819
vn -0.000000 1.000000 -0.000000
vn -0.000000 0.965926 -0.258819
vn -0.000000 0.866025 -0.500000
vn -0.000000 0.707107 -0.707107
vn -0.000000 0.500000 -0.866025
vn -0.000000 0.258819 -0.965926
vn -0.000000 0.000000 -1.000000
vn 0.000000 -0.258819 -0.965926
vn 0.000000 -0.500000 -0.866025
vn 0.000000 -0.707107 -0.707107
vn 0.000000 -0.866025 -0.500000
vn 0.000000 -0.965926 -0.258819
vn 0.000000 -1.000000 -0.000000
vn -0.000000 -0.965926 0.258819
vn -0.000000 -0.866025 0.500000
vn -0.000000 -0.707107 0.707107
vn -0.000000 -0.500000 0.866025
vn -0.000000 -0.258819 0.965926
vn -0.000000 0.000000 1.000000
vn -0.000000 0.258819 0.965926
vn -0.000000 0.500000 0.866025
vn -0.000000 0.707107 0.707107
vn -0.000000 0.866025 0.500000
vn -0.000000 0.965926 0.258819
vn -0.000000 1.000000 -0.000000
vn -0.000000 0.965926 -0.258819
vn -0.000000 0.866025 -0.500000
vn -0.000000 0.707107 -0.707107
vn -0.000000 0.500000 -0.866025
vn -0.000000 0.258819 -0.965926
vn -0.000000 0.000000 -1.000000
vn 0.000000 -0.258819 -0.965926
vn 0.000000 -0.500000 -0.866025
vn 0.000000 -0.707107 -0.707107
vn 0.000000 -0.866025 -0.500000
vn 0.000000 -0.965926 -0.258819
vn 0.000000 -1.000000 -0.000000
vn -0.000000 -0.965926 0.258819
vn -0.000000 -0.866025 0.500000
vn -0.000000 -0.707107 0.707107
vn -0.000000 -0.500000 0.866025
vn -0.000000 -0.258819 0.965926
vn -1.000000 0.000000 0.000000
vn -1.000000 0.000000 0.000000
vn -1.000000 0.000000 0.000000
vn -1.000000 0.000000 0.000000
vn -1.000000 0.000000 0.000000
vn -1.000000 0.000000 0.000000
vn -1.000000 0.000000 0.000000
vn -1.000000 0.000000 0.000000
vn -1.000000 0.000000 0.000000
vn -1.000000 0.000000 0.000000
vn -1.000000 0.000000 0.000000
vn -1.000000 0.000000 0.000000
vn -1.000000 0.000000 0.000000
vn -1.000000 0.000000 0.000000
vn -1.000000 0.000000 0.000000
vn -1.000000 0.000000 0.000000
vn -1.000000 0.000000 0.000000
vn -1.000000 0.000000 0.000000
vn -1.000000 0.000000 0.000000
vn -1.000000 0.000000 0.000000
vn -1.000000 0.000000 0.000000
vn -1.000000 0.000000 0.000000
vn -1.000000 0.000000 0.000000
vn -1.000000 0.000000 0.000000
vn 1.000000 0.000000 0.000000
vn 1.000000 0.000000 0.000000
vn 1.000000 0.000000 0.000000
vn 1.000000 0.000000 0.000000
vn 1.000000 0.000000 0.000000
vn 1.000000 0.000000 0.000000
vn 1.000000 0.000000 0.000000
vn 1.000000 0.000000 0.000000
vn 1.000000 0.000000 0.000000
vn 1.000000 0.000000 0.000000
vn 1.000000 0.000000 0.000000
vn 1.000000 0.000000 0.000000
vn 1.000000 0.000000 0.000000
vn 1.000000 0.000000 0.000000
vn 1.000000 0.000000 0.000000
vn 1.000000 0.000000 0.000000
vn 1.000000 0.000000 0.000000
vn 1.000000 0.000000 0.000000
vn 1.000000 0.000000 0.000000
vn 1.000000 0.000000 0.000000
vn 1.000000 0.000000 0.000000
vn 1.000000 0.000000 0.000000
vn 1.000000 0.000000 0.000000
vn 1.000000 0.000000 0.000000
f 1490/1839/1777 1543/1840/1778 1489/1841/1779
f 1489/1841/1779 1543/1840/1778 1554/1842/1780
f 1489/1841/1779 1554/1842/1780 1512/1843/1781
f 1512/1843/1781 1554/1842/1780 1675/1844/1782
f 1512/1843/1781 1675/1844/1782 1511/1845/1783
f 1511/1845/1783 1675/1844/1782 1669/1846/1784
f 1511/1845/1783 1669/1846/1784 1510/1847/1785
f 1510/1847/1785 1669/1846/1784 1663/1848/1786
f 1510/1847/1785 1663/1848/1786 1509/1849/1787
f 1509/1849/1787 1663/1848/1786 1657/1850/1788
f 1509/1849/1787 1657/1850/1788 1508/1851/1789
f 1508/1851/1789 1657/1850/1788 1651/1852/1790
f 1508/1851/1789 1651/1852/1790 1507/1853/1791
f 1507/1853/1791 1651/1852/1790 1645/1854/1792
f 1507/1853/1791 1645/1854/1792 1506/1855/1793
f 1506/1855/1793 1645/1854/1792 1639/1856/1794
f 1506/1855/1793 1639/1856/1794 1505/1857/1795
f 1505/1857/1795 1639/1856/1794 1633/1858/1796
f 1505/1857/1795 1633/1858/1796 1504/1859/1797
f 1504/1859/1797 1633/1858/1796 1627/1860/1798
f 1504/1859/1797 1627/1860/1798 1503/1861/1799
f 1503/1861/1799 1627/1860/1798 1621/1862/1800
f 1503/1861/1799 1621/1862/1800 1502/1863/1801
f 1502/1863/1801 1621/1862/1800 1615/1864/1802
f 1502/1863/1801 1615/1864/1802 1501/1865/1803
f 1501/1865/1803 1615/1864/1802 1537/1866/1804
f 1501/1867/1803 1537/1868/1804 1500/1869/1805
f 1500/1869/1805 1537/1868/1804 1609/1870/1806
f 1500/1869/1805 1609/1870/1806 1499/1871/1807
f 1499/1871/1807 1609/1870/1806 1603/1872/1808
f 1499/1871/1807 1603/1872/1808 1498/1873/1809
f 1498/1873/1809 1603/1872/1808 1597/1874/1810
f 1498/1873/1809 1597/1874/1810 1497/1875/1811
f 1497/1875/1811 1597/1874/1810 1591/1876/1812
f 1497/1875/1811 1591/1876/1812 1496/1877/1813
f 1496/1877/1813 1591/1876/1812 1585/1878/1814
f 1496/1877/1813 1585/1878/1814 1495/1879/1815
f 1495/1879/1815 1585/1878/1814 1579/1880/1816
f 1495/1879/1815 1579/1880/1816 1494/1881/1817
f 1494/1881/1817 1579/1880/1816 1573/1882/1818
f 1494/1881/1817 1573/1882/1818 1493/1883/1819
f 1493/1883/1819 1573/1882/1818 1567/1884/1820
f 1493/1883/1819 1567/1884/1820 1492/1885/1821
f 1492/1885/1821 1567/1884/1820 1561/1886/1822
f 1492/1885/1821 1561/1886/1822 1491/1887/1823
f 1491/1887/1823 1561/1886/1822 1555/1888/1824
f 1491/1887/1823 1555/1888/1824 1490/1839/1777
f 1490/1839/1777 1555/1888/1824 1543/1840/1778
f 1514/1889/1825 1680/1890/1826 1513/1891/1827
f 1513/1891/1827 1680/1890/1826 1549/1892/1828
f 1513/1891/1827 1549/1892/1828 1536/1893/1829
f 1536/1893/1829 1549/1892/1828 1548/1894/1830
f 1536/1893/1829 1548/1894/1830 1535/1895/1831
f 1535/1895/1831 1548/1894/1830 1560/1896/1832
f 1535/1895/1831 1560/1896/1832 1534/1897/1833
f 1534/1897/1833 1560/1896/1832 1566/1898/1834
f 1534/1897/1833 1566/1898/1834 1533/1899/1835
f 1533/1899/1835 1566/1898/1834 1572/1900/1836
f 1533/1899/1835 1572/1900/1836 1532/1901/1837
f 1532/1901/1837 1572/1900/1836 1578/1902/1838
f 1532/1901/1837 1578/1902/1838 1531/1903/1839
f 1531/1903/1839 1578/1902/1838 1584/1904/1840
f 1531/1903/1839 1584/1904/1840 1530/1905/1841
f 1530/1905/1841 1584/1904/1840 1590/1906/1842
f 1530/1905/1841 1590/1906/1842 1529/1907/1843
f 1529/1907/1843 1590/1906/1842 1596/1908/1844
f 1529/1907/1843 1596/1908/1844 1528/1909/1845
f 1528/1909/1845 1596/1908/1844 1602/1910/1846
f 1528/1909/1845 1602/1910/1846 1527/1911/1847
f 1527/1911/1847 1602/1910/1846 1608/1912/1848
f 1527/1911/1847 1608/1912/1848 1526/1913/1849
f 1526/1913/1849 1608/1912/1848 1614/1914/1850
f 1526/1913/1849 1614/1914/1850 1525/1915/1851
f 1525/1915/1851 1614/1914/1850 1542/1916/1852
f 1525/1917/1851 1542/1918/1852 1524/1919/1853
f 1524/1919/1853 1542/1918/1852 1620/1920/1854
f 1524/1919/1853 1620/1920/1854 1523/1921/1855
f 1523/1921/1855 1620/1920/1854 1626/1922/1856
f 1523/1921/1855 1626/1922/1856 1522/1923/1857
f 1522/1923/1857 1626/1922/1856 1632/1924/1858
f 1522/1923/1857 1632/1924/1858 1521/1925/1859
f 1521/1925/1859 1632/1924/1858 1638/1926/1860
f 1521/1925/1859 1638/1926/1860 1520/1927/1861
f 1520/1927/1861 1638/1926/1860 1644/1928/1862
f 1520/1927/1861 1644/1928/1862 1519/1929/1863
f 1519/1929/1863 1644/1928/1862 1650/1930/1864
f 1519/1929/1863 1650/1930/1864 1518/1931/1865
f 1518/1931/1865 1650/1930/1864 1656/1932/1866
f 1518/1931/1865 1656/1932/1866 1517/1933/1867
f 1517/1933/1867 1656/1932/1866 1662/1934/1868
f 1517/1933/1867 1662/1934/1868 1516/1935/1869
f 1516/1935/1869 1662/1934/1868 1668/1936/1870
f 1516/1935/1869 1668/1936/1870 1515/1937/1871
f 1515/1937/1871 1668/1936/1870 1674/1938/1872
f 1515/1937/1871 1674/1938/1872 1514/1889/1825
f 1514/1889/1825 1674/1938/1872 1680/1890/1826
f 1537/1868/1804 1538/1939/1873 1609/1870/1806
f 1609/1870/1806 1538/1939/1873 1610/1940/1874
f 1609/1870/1806 1610/1940/1874 1603/1872/1808
f 1603/1872/1808 1610/1940/1874 1604/1941/1875
f 1603/1872/1808 1604/1941/1875 1597/1874/1810
f 1597/1874/1810 1604/1941/1875 1598/1942/1876
f 1597/1874/1810 1598/1942/1876 1591/1876/1812
f 1591/1876/1812 1598/1942/1876 1592/1943/1877
f 1591/1876/1812 1592/1943/1877 1585/1878/1814
f 1585/1878/1814 1592/1943/1877 1586/1944/1878
f 1585/1878/1814 1586/1944/1878 1579/1880/1816
f 1579/1880/1816 1586/1944/1878 1580/1945/1879
f 1579/1880/1816 1580/1945/1879 1573/1882/1818
f 1573/1882/1818 1580/1945/1879 1574/1946/1880
f 1573/1882/1818 1574/1946/1880 1567/1884/1820
f 1567/1884/1820 1574/1946/1880 1568/1947/1881
f 1567/1884/1820 1568/1947/1881 1561/1886/1822
f 1561/1886/1822 1568/1947/1881 1562/1948/1882
f 1561/1886/1822 1562/1948/1882 1555/1888/1824
f 1555/1888/1824 1562/1948/1882 1556/1949/1883
f 1555/1888/1824 1556/1949/1883 1543/1840/1778
f 1543/1840/1778 1556/1949/1883 1544/1950/1884
f 1543/1840/1778 1544/1950/1884 1554/1842/1780
f 1554/1842/1780 1544/1950/1884 1553/1951/1885
f 1554/1842/1780 1553/1951/1885 1675/1844/1782
f 1675/1844/1782 1553/1951/1885 1676/1952/1886
f 1675/1844/1782 1676/1952/1886 1669/1846/1784
f 1669/1846/1784 1676/1952/1886 1670/1953/1887
f 1669/1846/1784 1670/1953/1887 1663/1848/1786
f 1663/1848/1786 1670/1953/1887 1664/1954/1888
f 1663/1848/1786 1664/1954/1888 1657/1850/1788
f 1657/1850/1788 1664/1954/1888 1658/1955/1889
f 1657/1850/1788 1658/1955/1889 1651/1852/1790
f 1651/1852/1790 1658/1955/1889 1652/1956/1890
f 1651/1852/1790 1652/1956/1890 1645/1854/1792
f 1645/1854/1792 1652/1956/1890 1646/1957/1891
f 1645/1854/1792 1646/1957/1891 1639/1856/1794
f 1639/1856/1794 1646/1957/1891 1640/1958/1892
f 1639/1856/1794 1640/1958/1892 1633/1858/1796
f 1633/1858/1796 1640/1958/1892 1634/1959/1893
f 1633/1858/1796 1634/1959/1893 1627/1860/1798
f 1627/1860/1798 1634/1959/1893 1628/1960/1894
f 1627/1860/1798 1628/1960/1894 1621/1862/1800
f 1621/1862/1800 1628/1960/1894 1622/1961/1895
f 1621/1862/1800 1622/1961/1895 1615/1864/1802
f 1615/1864/1802 1622/1961/1895 1616/1962/1896
f 1615/1864/1802 1616/1962/1896 1537/1866/1804
f 1537/1866/1804 1616/1962/1896 1538/1963/1873
f 1538/1939/1873 1539/1964/1897 1610/1940/1874
f 1610/1940/1874 1539/1964/1897 1611/1965/1898
f 1610/1940/1874 1611/1965/1898 1604/1941/1875
f 1604/1941/1875 1611/1965/1898 1605/1966/1899
f 1604/1941/1875 1605/1966/1899 1598/1942/1876
f 1598/1942/1876 1605/1966/1899 1599/1967/1900
f 1598/1942/1876 1599/1967/1900 1592/1943/1877
f 1592/1943/1877 1599/1967/1900 1593/1968/1901
f 1592/1943/1877 1593/1968/1901 1586/1944/1878
f 1586/1944/1878 1593/1968/1901 1587/1969/1902
f 1586/1944/1878 1587/1969/1902 1580/1945/1879
f 1580/1945/1879 1587/1969/1902 1581/1970/1903
f 1580/1945/1879 1581/1970/1903 1574/1946/1880
f 1574/1946/1880 1581/1970/1903 1575/1971/1904
f 1574/1946/1880 1575/1971/1904 1568/1947/1881
f 1568/1947/1881 1575/1971/1904 1569/1972/1905
f 1568/1947/1881 1569/1972/1905 1562/1948/1882
f 1562/1948/1882 1569/1972/1905 1563/1973/1906
f 1562/1948/1882 1563/1973/1906 1556/1949/1883
f 1556/1949/1883 1563/1973/1906 1557/1974/1907
f 1556/1949/1883 1557/1974/1907 1544/1950/1884
f 1544/1950/1884 1557/1974/1907 1545/1975/1908
f 1544/1950/1884 1545/1975/1908 1553/1951/1885
f 1553/1951/1885 1545/1975/1908 1552/1976/1909
f 1553/1951/1885 1552/1976/1909 1676/1952/1886
f 1676/1952/1886 1552/1976/1909 1677/1977/1910
f 1676/1952/1886 1677/1977/1910 1670/1953/1887
f 1670/1953/1887 1677/1977/1910 1671/1978/1911
f 1670/1953/1887 1671/1978/1911 1664/1954/1888
f 1664/1954/1888 1671/1978/1911 1665/1979/1912
f 1664/1954/1888 1665/1979/1912 1658/1955/1889
f 1658/1955/1889 1665/1979/1912 1659/1980/1913
f 1658/1955/1889 1659/1980/1913 1652/1956/1890
f 1652/1956/1890 1659/1980/1913 1653/1981/1914
f 1652/1956/1890 1653/1981/1914 1646/1957/1891
f 1646/1957/1891 1653/1981/1914 1647/1982/1915
f 1646/1957/1891 1647/1982/1915 1640/1958/1892
f 1640/1958/1892 1647/1982/1915 1641/1983/1916
f 1640/1958/1892 1641/1983/1916 1634/1959/1893
f 1634/1959/1893 1641/1983/1916 1635/1984/1917
f 1634/1959/1893 1635/1984/1917 1628/1960/1894
f 1628/1960/1894 1635/1984/1917 1629/1985/1918
f 1628/1960/1894 1629/1985/1918 1622/1961/1895
f 1622/1961/1895 1629/1985/1918 1623/1986/1919
f 1622/1961/1895 1623/1986/1919 1616/1962/1896
f 1616/1962/1896 1623/1986/1919 1617/1987/1920
f 1616/1962/1896 1617/1987/1920 1538/1963/1873
f 1538/1963/1873 1617/1987/1920 1539/1988/1897
f 1539/1964/1897 1540/1989/1921 1611/1965/1898
f 1611/1965/1898 1540/1989/1921 1612/1990/1922
f 1611/1965/1898 1612/1990/1922 1605/1966/1899
f 1605/1966/1899 1612/1990/1922 1606/1991/1923
f 1605/1966/1899 1606/1991/1923 1599/1967/1900
f 1599/1967/1900 1606/1991/1923 1600/1992/1924
f 1599/1967/1900 1600/1992/1924 1593/1968/1901
f 1593/1968/1901 1600/1992/1924 1594/1993/1925
f 1593/1968/1901 1594/1993/1925 1587/1969/1902
f 1587/1969/1902 1594/1993/1925 1588/1994/1926
f 1587/1969/1902 1588/1994/1926 1581/1970/1903
f 1581/1970/1903 1588/1994/1926 1582/1995/1927
f 1581/1970/1903 1582/1995/1927 1575/1971/1904
f 1575/1971/1904 1582/1995/1927 1576/1996/1928
f 1575/1971/1904 1576/1996/1928 1569/1972/1905
f 1569/1972/1905 1576/1996/1928 1570/1997/1929
f 1569/1972/1905 1570/1997/1929 1563/1973/1906
f 1563/1973/1906 1570/1997/1929 1564/1998/1930
f 1563/1973/1906 1564/1998/1930 1557/1974/1907
f 1557/1974/1907 1564/1998/1930 1558/1999/1931
f 1557/1974/1907 1558/1999/1931 1545/1975/1908
f 1545/1975/1908 1558/1999/1931 1546/2000/1932
f 1545/1975/1908 1546/2000/1932 1552/1976/1909
f 1552/1976/1909 1546/2000/1932 1551/2001/1933
f 1552/1976/1909 1551/2001/1933 1677/1977/1910
f 1677/1977/1910 1551/2001/1933 1678/2002/1934
f 1677/1977/1910 1678/2002/1934 1671/1978/1911
f 1671/1978/1911 1678/2002/1934 1672/2003/1935
f 1671/1978/1911 1672/2003/1935 1665/1979/1912
f 1665/1979/1912 1672/2003/1935 1666/2004/1936
f 1665/1979/1912 1666/2004/1936 1659/1980/1913
f 1659/1980/1913 1666/2004/1936 1660/2005/1937
f 1659/1980/1913 1660/2005/1937 1653/1981/1914
f 1653/1981/1914 1660/2005/1937 1654/2006/1938
f 1653/1981/1914 1654/2006/1938 1647/1982/1915
f 1647/1982/1915 1654/2006/1938 1648/2007/1939
f 1647/1982/1915 1648/2007/1939 1641/1983/1916
f 1641/1983/1916 1648/2007/1939 1642/2008/1940
f 1641/1983/1916 1642/2008/1940 1635/1984/1917
f 1635/1984/1917 1642/2008/1940 1636/2009/1941
f 1635/1984/1917 1636/2009/1941 1629/1985/1918
f 1629/1985/1918 1636/2009/1941 1630/2010/1942
f 1629/1985/1918 1630/2010/1942 1623/1986/1919
f 1623/1986/1919 1630/2010/1942 1624/2011/1943
f 1623/1986/1919 1624/2011/1943 1617/1987/1920
f 1617/1987/1920 1624/2011/1943 1618/2012/1944
f 1617/1987/1920 1618/2012/1944 1539/1988/1897
f 1539/1988/1897 1618/2012/1944 1540/2013/1921
f 1540/1989/1921 1541/2014/1945 1612/1990/1922
f 1612/1990/1922 1541/2014/1945 1613/2015/1946
f 1612/1990/1922 1613/2015/1946 1606/1991/1923
f 1606/1991/1923 1613/2015/1946 1607/2016/1947
f 1606/1991/1923 1607/2016/1947 1600/1992/1924
f 1600/1992/1924 1607/2016/1947 1601/2017/1948
f 1600/1992/1924 1601/2017/1948 1594/1993/1925
f 1594/1993/1925 1601/2017/1948 1595/2018/1949
f 1594/1993/1925 1595/2018/1949 1588/1994/1926
f 1588/1994/1926 1595/2018/1949 1589/2019/1950
f 1588/1994/1926 1589/2019/1950 1582/1995/1927
f 1582/1995/1927 1589/2019/1950 1583/2020/1951
f 1582/1995/1927 1583/2020/1951 1576/1996/1928
f 1576/1996/1928 1583/2020/1951 1577/2021/1952
f 1576/1996/1928 1577/2021/1952 1570/1997/1929
f 1570/1997/1929 1577/2021/1952 1571/2022/1953
f 1570/1997/1929 1571/2022/1953 1564/1998/1930
f 1564/1998/1930 1571/2022/1953 1565/2023/1954
f 1564/1998/1930 1565/2023/1954 1558/1999/1931
f 1558/1999/1931 1565/2023/1954 1559/2024/1955
f 1558/1999/1931 1559/2024/1955 1546/2000/1932
f 1546/2000/1932 1559/2024/1955 1547/2025/1956
f 1546/2000/1932 1547/2025/1956 1551/2001/1933
f 1551/2001/1933 1547/2025/1956 1550/2026/1957
f 1551/2001/1933 1550/2026/1957 1678/2002/1934
f 1678/2002/1934 1550/2026/1957 1679/2027/1958
f 1678/2002/1934 1679/2027/1958 1672/2003/1935
f 1672/2003/1935 1679/2027/1958 1673/2028/1959
f 1672/2003/1935 1673/2028/1959 1666/2004/1936
f 1666/2004/1936 1673/2028/1959 1667/2029/1960
f 1666/2004/1936 1667/2029/1960 1660/2005/1937
f 1660/2005/1937 1667/2029/1960 1661/2030/1961
f 1660/2005/1937 1661/2030/1961 1654/2006/1938
f 1654/2006/1938 1661/2030/1961 1655/2031/1962
f 1654/2006/1938 1655/2031/1962 1648/2007/1939
f 1648/2007/1939 1655/2031/1962 1649/2032/1963
f 1648/2007/1939 1649/2032/1963 1642/2008/1940
f 1642/2008/1940 1649/2032/1963 1643/2033/1964
f 1642/2008/1940 1643/2033/1964 1636/2009/1941
f 1636/2009/1941 1643/2033/1964 1637/2034/1965
f 1636/2009/1941 1637/2034/1965 1630/2010/1942
f 1630/2010/1942 1637/2034/1965 1631/2035/1966
f 1630/2010/1942 1631/2035/1966 1624/2011/1943
f 1624/2011/1943 1631/2035/1966 1625/2036/1967
f 1624/2011/1943 1625/2036/1967 1618/2012/1944
f 1618/2012/1944 1625/2036/1967 1619/2037/1968
f 1618/2012/1944 1619/2037/1968 1540/2013/1921
f 1540/2013/1921 1619/2037/1968 1541/2038/1945
f 1541/2014/1945 1542/1916/1852 1613/2015/1946
f 1613/2015/1946 1542/1916/1852 1614/1914/1850
f 1613/2015/1946 1614/1914/1850 1607/2016/1947
f 1607/2016/1947 1614/1914/1850 1608/1912/1848
f 1607/2016/1947 1608/1912/1848 1601/2017/1948
f 1601/2017/1948 1608/1912/1848 1602/1910/1846
f 1601/2017/1948 1602/1910/1846 1595/2018/1949
f 1595/2018/1949 1602/1910/1846 1596/1908/1844
f 1595/2018/1949 1596/1908/1844 1589/2019/1950
f 1589/2019/1950 1596/1908/1844 1590/1906/1842
f 1589/2019/1950 1590/1906/1842 1583/2020/1951
f 1583/2020/1951 1590/1906/1842 1584/1904/1840
f 1583/2020/1951 1584/1904/1840 1577/2021/1952
f 1577/2021/1952 1584/1904/1840 1578/1902/1838
f 1577/2021/1952 1578/1902/1838 1571/2022/1953
f 1571/2022/1953 1578/1902/1838 1572/1900/1836
f 1571/2022/1953 1572/1900/1836 1565/2023/1954
f 1565/2023/1954 1572/1900/1836 1566/1898/1834
f 1565/2023/1954 1566/1898/1834 1559/2024/1955
f 1559/2024/1955 1566/1898/1834 1560/1896/1832
f 1559/2024/1955 1560/1896/1832 1547/2025/1956
f 1547/2025/1956 1560/1896/1832 1548/1894/1830
f 1547/2025/1956 1548/1894/1830 1550/2026/1957
f 1550/2026/1957 1548/1894/1830 1549/1892/1828
f 1550/2026/1957 1549/1892/1828 1679/2027/1958
f 1679/2027/1958 1549/1892/1828 1680/1890/1826
f 1679/2027/1958 1680/1890/1826 1673/2028/1959
f 1673/2028/1959 1680/1890/1826 1674/1938/1872
f 1673/2028/1959 1674/1938/1872 1667/2029/1960
f 1667/2029/1960 1674/1938/1872 1668/1936/1870
f 1667/2029/1960 1668/1936/1870 1661/2030/1961
f 1661/2030/1961 1668/1936/1870 1662/1934/1868
f 1661/2030/1961 1662/1934/1868 1655/2031/1962
f 1655/2031/1962 1662/1934/1868 1656/1932/1866
f 1655/2031/1962 1656/1932/1866 1649/2032/1963
f 1649/2032/1963 1656/1932/1866 1650/1930/1864
f 1649/2032/1963 1650/1930/1864 1643/2033/1964
f 1643/2033/1964 1650/1930/1864 1644/1928/1862
f 1643/2033/1964 1644/1928/1862 1637/2034/1965
f 1637/2034/1965 1644/1928/1862 1638/1926/1860
f 1637/2034/1965 1638/1926/1860 1631/2035/1966
f 1631/2035/1966 1638/1926/1860 1632/1924/1858
f 1631/2035/1966 1632/1924/1858 1625/2036/1967
f 1625/2036/1967 1632/1924/1858 1626/1922/1856
f 1625/2036/1967 1626/1922/1856 1619/2037/1968
f 1619/2037/1968 1626/1922/1856 1620/1920/1854
f 1619/2037/1968 1620/1920/1854 1541/2038/1945
f 1541/2038/1945 1620/1920/1854 1542/1918/1852
f 1512/2039/1969 1502/2040/1970 1489/2041/1971
f 1489/2041/1971 1502/2040/1970 1501/2042/1972
f 1489/2041/1971 1501/2042/1972 1490/2043/1973
f 1490/2043/1973 1501/2042/1972 1500/2044/1974
f 1490/2043/1973 1500/2044/1974 1491/2045/1975
f 1491/2045/1975 1500/2044/1974 1499/2046/1976
f 1491/2045/1975 1499/2046/1976 1492/2047/1977
f 1492/2047/1977 1499/2046/1976 1498/2048/1978
f 1492/2047/1977 1498/2048/1978 1493/2049/1979
f 1493/2049/1979 1498/2048/1978 1497/2050/1980
f 1493/2049/1979 1497/2050/1980 1494/2051/1981
f 1494/2051/1981 1497/2050/1980 1496/2052/1982
f 1494/2051/1981 1496/2052/1982 1495/2053/1983
f 1502/2040/1970 1512/2039/1969 1503/2054/1984
f 1503/2054/1984 1512/2039/1969 1511/2055/1985
f 1503/2054/1984 1511/2055/1985 1504/2056/1986
f 1504/2056/1986 1511/2055/1985 1510/2057/1987
f 1504/2056/1986 1510/2057/1987 1505/2058/1988
f 1505/2058/1988 1510/2057/1987 1509/2059/1989
f 1505/2058/1988 1509/2059/1989 1506/2060/1990
f 1506/2060/1990 1509/2059/1989 1508/2061/1991
f 1506/2060/1990 1508/2061/1991 1507/2062/1992
f 1536/2063/1993 1526/2064/1994 1513/2065/1995
f 1513/2065/1995 1526/2064/1994 1525/2066/1996
f 1513/2065/1995 1525/2066/1996 1514/2067/1997
f 1514/2067/1997 1525/2066/1996 1524/2068/1998
f 1514/2067/1997 1524/2068/1998 1515/2069/1999
f 1515/2069/1999 1524/2068/1998 1523/2070/2000
f 1515/2069/1999 1523/2070/2000 1516/2071/2001
f 1516/2071/2001 1523/2070/2000 1522/2072/2002
f 1516/2071/2001 1522/2072/2002 1517/2073/2003
f 1517/2073/2003 1522/2072/2002 1521/2074/2004
f 1517/2073/2003 1521/2074/2004 1518/2075/2005
f 1518/2075/2005 1521/2074/2004 1520/2076/2006
f 1518/2075/2005 1520/2076/2006 1519/2077/2007
f 1526/2064/1994 1536/2063/1993 1527/2078/2008
f 1527/2078/2008 1536/2063/1993 1535/2079/2009
f 1527/2078/2008 1535/2079/2009 1528/2080/2010
f 1528/2080/2010 1535/2079/2009 1534/2081/2011
f 1528/2080/2010 1534/2081/2011 1529/2082/2012
f 1529/2082/2012 1534/2081/2011 1533/2083/2013
f 1529/2082/2012 1533/2083/2013 1530/2084/2014
f 1530/2084/2014 1533/2083/2013 1532/2085/2015
f 1530/2084/2014 1532/2085/2015 1531/2086/2016
g CrossBar_Mid

v -23.000000 -3.200000 92.800000
v -23.000000 -2.889417 92.840889
v -23.000000 -2.600000 92.960770
v -23.000000 -2.351472 93.151472
v -23.000000 -2.160770 93.400000
v -23.000000 -2.040889 93.689417
v -23.000000 -2.000000 94.000000
v -23.000000 -2.040889 94.310583
v -23.000000 -2.160770 94.600000
v -23.000000 -2.351472 94.848528
v -23.000000 -2.600000 95.039230
v -23.000000 -2.889417 95.159111
v -23.000000 -3.200000 95.200000
v -23.000000 -3.510583 95.159111
v -23.000000 -3.800000 95.039230
v -23.000000 -4.048528 94.848528
v -23.000000 -4.239230 94.600000
v -23.000000 -4.359111 94.310583
v -23.000000 -4.400000 94.000000
v -23.000000 -4.359111 93.689417
v -23.000000 -4.239230 93.400000
v -23.000000 -4.048528 93.151472
v -23.000000 -3.800000 92.960770
v -23.000000 -3.510583 92.840889
v 23.000000 -3.200000 92.800000
v 23.000000 -3.510583 92.840889
v 23.000000 -3.800000 92.960770
v 23.000000 -4.048528 93.151472
v 23.000000 -4.239230 93.400000
v 23.000000 -4.359111 93.689417
v 23.000000 -4.400000 94.000000
v 23.000000 -4.359111 94.310583
v 23.000000 -4.239230 94.600000
v 23.000000 -4.048528 94.848528
v 23.000000 -3.800000 95.039230
v 23.000000 -3.510583 95.159111
v 23.000000 -3.200000 95.200000
v 23.000000 -2.889417 95.159111
v 23.000000 -2.600000 95.039230
v 23.000000 -2.351472 94.848528
v 23.000000 -2.160770 94.600000
v 23.000000 -2.040889 94.310583
v 23.000000 -2.000000 94.000000
v 23.000000 -2.040889 93.689417
v 23.000000 -2.160770 93.400000
v 23.000000 -2.351472 93.151472
v 23.000000 -2.600000 92.960770
v 23.000000 -2.889417 92.840889
v -16.428571 -3.200000 95.200000
v -9.857143 -3.200000 95.200000
v -3.285714 -3.200000 95.200000
v 3.285714 -3.200000 95.200000
v 9.857143 -3.200000 95.200000
v 16.428571 -3.200000 95.200000
v -16.428571 -2.889417 92.840889
v -9.857143 -2.889417 92.840889
v -3.285714 -2.889417 92.840889
v 3.285714 -2.889417 92.840889
v 9.857143 -2.889417 92.840889
v 16.428571 -2.889417 92.840889
v 16.428571 -3.200000 92.800000
v 9.857143 -3.200000 92.800000
v 3.285714 -3.200000 92.800000
v -3.285714 -3.200000 92.800000
v -9.857143 -3.200000 92.800000
v -16.428571 -3.200000 92.800000
v -16.428571 -2.600000 92.960770
v -9.857143 -2.600000 92.960770
v -3.285714 -2.600000 92.960770
v 3.285714 -2.600000 92.960770
v 9.857143 -2.600000 92.960770
v 16.428571 -2.600000 92.960770
v -16.428571 -2.351472 93.151472
v -9.857143 -2.351472 93.151472
v -3.285714 -2.351472 93.151472
v 3.285714 -2.351472 93.151472
v 9.857143 -2.351472 93.151472
v 16.428571 -2.351472 93.151472
v -16.428571 -2.160770 93.400000
v -9.857143 -2.160770 93.400000
v -3.285714 -2.160770 93.400000
v 3.285714 -2.160770 93.400000
v 9.857143 -2.160770 93.400000
v 16.428571 -2.160770 93.400000
v -16.428571 -2.040889 93.689417
v -9.857143 -2.040889 93.689417
v -3.285714 -2.040889 93.689417
v 3.285714 -2.040889 93.689417
v 9.857143 -2.040889 93.689417
v 16.428571 -2.040889 93.689417
v -16.428571 -2.000000 94.000000
v -9.857143 -2.000000 94.000000
v -3.285714 -2.000000 94.000000
v 3.285714 -2.000000 94.000000
v 9.857143 -2.000000 94.000000
v 16.428571 -2.000000 94.000000
v -16.428571 -2.040889 94.310583
v -9.857143 -2.040889 94.310583
v -3.285714 -2.040889 94.310583
v 3.285714 -2.040889 94.310583
v 9.857143 -2.040889 94.310583
v 16.428571 -2.040889 94.310583
v -16.428571 -2.160770 94.600000
v -9.857143 -2.160770 94.600000
v -3.285714 -2.160770 94.600000
v 3.285714 -2.160770 94.600000
v 9.857143 -2.160770 94.600000
v 16.428571 -2.160770 94.600000
v -16.428571 -2.351472 94.848528
v -9.857143 -2.351472 94.848528
v -3.285714 -2.351472 94.848528
v 3.285714 -2.351472 94.848528
v 9.857143 -2.351472 94.848528
v 16.428571 -2.351472 94.848528
v -16.428571 -2.600000 95.039230
v -9.857143 -2.600000 95.039230
v -3.285714 -2.600000 95.039230
v 3.285714 -2.600000 95.039230
v 9.857143 -2.600000 95.039230
v 16.428571 -2.600000 95.039230
v -16.428571 -2.889417 95.159111
v -9.857143 -2.889417 95.159111
v -3.285714 -2.889417 95.159111
v 3.285714 -2.889417 95.159111
v 9.857143 -2.889417 95.159111
v 16.428571 -2.889417 95.159111
v -16.428571 -3.510583 95.159111
v -9.857143 -3.510583 95.159111
v -3.285714 -3.510583 95.159111
v 3.285714 -3.510583 95.159111
v 9.857143 -3.510583 95.159111
v 16.428571 -3.510583 95.159111
v -16.428571 -3.800000 95.039230
v -9.857143 -3.800000 95.039230
v -3.285714 -3.800000 95.039230
v 3.285714 -3.800000 95.039230
v 9.857143 -3.800000 95.039230
v 16.428571 -3.800000 95.039230
v -16.428571 -4.048528 94.848528
v -9.857143 -4.048528 94.848528
v -3.285714 -4.048528 94.848528
v 3.285714 -4.048528 94.848528
v 9.857143 -4.048528 94.848528
v 16.428571 -4.048528 94.848528
v -16.428571 -4.239230 94.600000
v -9.857143 -4.239230 94.600000
v -3.285714 -4.239230 94.600000
v 3.285714 -4.239230 94.600000
v 9.857143 -4.239230 94.600000
v 16.428571 -4.239230 94.600000
v -16.428571 -4.359111 94.310583
v -9.857143 -4.359111 94.310583
v -3.285714 -4.359111 94.310583
v 3.285714 -4.359111 94.310583
v 9.857143 -4.359111 94.310583
v 16.428571 -4.359111 94.310583
v -16.428571 -4.400000 94.000000
v -9.857143 -4.400000 94.000000
v -3.285714 -4.400000 94.000000
v 3.285714 -4.400000 94.000000
v 9.857143 -4.400000 94.000000
v 16.428571 -4.400000 94.000000
v -16.428571 -4.359111 93.689417
v -9.857143 -4.359111 93.689417
v -3.285714 -4.359111 93.689417
v 3.285714 -4.359111 93.689417
v 9.857143 -4.359111 93.689417
v 16.428571 -4.359111 93.689417
v -16.428571 -4.239230 93.400000
v -9.857143 -4.239230 93.400000
v -3.285714 -4.239230 93.400000
v 3.285714 -4.239230 93.400000
v 9.857143 -4.239230 93.400000
v 16.428571 -4.239230 93.400000
v -16.428571 -4.048528 93.151472
v -9.857143 -4.048528 93.151472
v -3.285714 -4.048528 93.151472
v 3.285714 -4.048528 93.151472
v 9.857143 -4.048528 93.151472
v 16.428571 -4.048528 93.151472
v -16.428571 -3.800000 92.960770
v -9.857143 -3.800000 92.960770
v -3.285714 -3.800000 92.960770
v 3.285714 -3.800000 92.960770
v 9.857143 -3.800000 92.960770
v 16.428571 -3.800000 92.960770
v -16.428571 -3.510583 92.840889
v -9.857143 -3.510583 92.840889
v -3.285714 -3.510583 92.840889
v 3.285714 -3.510583 92.840889
v 9.857143 -3.510583 92.840889
v 16.428571 -3.510583 92.840889
vt 23.000000 0.314159 0.000000
vt 16.428571 0.314159 0.000000
vt 23.000000 0.000000 0.000000
vt 16.428571 0.000000 0.000000
vt 23.000000 -0.314159 0.000000
vt 16.428571 -0.314159 0.000000
vt 23.000000 -0.628319 0.000000
vt 16.428571 -0.628319 0.000000
vt 23.000000 -0.942478 0.000000
vt 16.428571 -0.942478 0.000000
vt 23.000000 -1.256637 0.000000
vt 16.428571 -1.256637 0.000000
vt 23.000000 -1.570796 0.000000
vt 16.428571 -1.570796 0.000000
vt 23.000000 -1.884956 0.000000
vt 16.428571 -1.884956 0.000000
vt 23.000000 -2.199115 0.000000
vt 16.428571 -2.199115 0.000000
vt 23.000000 -2.513274 0.000000
vt 16.428571 -2.513274 0.000000
vt 23.000000 -2.827433 0.000000
vt 16.428571 -2.827433 0.000000
vt 23.000000 -3.141593 0.000000
vt 16.428571 -3.141593 0.000000
vt 23.000000 -3.455752 0.000000
vt 16.428571 -3.455752 0.000000
vt 23.000000 -3.769911 0.000000
vt 16.428571 -3.769911 0.000000
vt 23.000000 3.769911 0.000000
vt 16.428571 3.769911 0.000000
vt 23.000000 3.455752 0.000000
vt 16.428571 3.455752 0.000000
vt 23.000000 3.141593 0.000000
vt 16.428571 3.141593 0.000000
vt 23.000000 2.827433 0.000000
vt 16.428571 2.827433 0.000000
vt 23.000000 2.513274 0.000000
vt 16.428571 2.513274 0.000000
vt 23.000000 2.199115 0.000000
vt 16.428571 2.199115 0.000000
vt 23.000000 1.884956 0.000000
vt 16.428571 1.884956 0.000000
vt 23.000000 1.570796 0.000000
vt 16.428571 1.570796 0.000000
vt 23.000000 1.256637 0.000000
vt 16.428571 1.256637 0.000000
vt 23.000000 0.942478 0.000000
vt 16.428571 0.942478 0.000000
vt 23.000000 0.628319 0.000000
vt 16.428571 0.628319 0.000000
vt -23.000000 -0.314159 0.000000
vt -16.428571 -0.314159 0.000000
vt -23.000000 0.000000 0.000000
vt -16.428571 0.000000 0.000000
vt -23.000000 0.314159 0.000000
vt -16.428571 0.314159 0.000000
vt -23.000000 0.628319 0.000000
vt -16.428571 0.628319 0.000000
vt -23.000000 0.942478 0.000000
vt -16.428571 0.942478 0.000000
vt -23.000000 1.256637 0.000000
vt -16.428571 1.256637 0.000000
vt -23.000000 1.570796 0.000000
vt -16.428571 1.570796 0.000000
vt -23.000000 1.884956 0.000000
vt -16.428571 1.884956 0.000000
vt -23.000000 2.199115 0.000000
vt -16.428571 2.199115 0.000000
vt -23.000000 2.513274 0.000000
vt -16.428571 2.513274 0.000000
vt -23.000000 2.827433 0.000000
vt -16.428571 2.827433 0.000000
vt -23.000000 3.141593 0.000000
vt -16.428571 3.141593 0.000000
vt -23.000000 3.455752 0.000000
vt -16.428571 3.455752 0.000000
vt -23.000000 3.769911 0.000000
vt -16.428571 3.769911 0.000000
vt -23.000000 -3.769911 0.000000
vt -16.428571 -3.769911 0.000000
vt -23.000000 -3.455752 0.000000
vt -16.428571 -3.455752 0.000000
vt -23.000000 -3.141593 0.000000
vt -16.428571 -3.141593 0.000000
vt -23.000000 -2.827433 0.000000
vt -16.428571 -2.827433 0.000000
vt -23.000000 -2.513274 0.000000
vt -16.428571 -2.513274 0.000000
vt -23.000000 -2.199115 0.000000
vt -16.428571 -2.199115 0.000000
vt -23.000000 -1.884956 0.000000
vt -16.428571 -1.884956 0.000000
vt -23.000000 -1.570796 0.000000
vt -16.428571 -1.570796 0.000000
vt -23.000000 -1.256637 0.000000
vt -16.428571 -1.256637 0.000000
vt -23.000000 -0.942478 0.000000
vt -16.428571 -0.942478 0.000000
vt -23.000000 -0.628319 0.000000
vt -16.428571 -0.628319 0.000000
vt 9.857143 3.769911 0.000000
vt 9.857143 3.455752 0.000000
vt 9.857143 3.141593 0.000000
vt 9.857143 2.827433 0.000000
vt 9.857143 2.513274 0.000000
vt 9.857143 2.199115 0.000000
vt 9.857143 1.884956 0.000000
vt 9.857143 1.570796 0.000000
vt 9.857143 1.256637 0.000000
vt 9.857143 0.942478 0.000000
vt 9.857143 0.628319 0.000000
vt 9.857143 0.314159 0.000000
vt 9.857143 0.000000 0.000000
vt 9.857143 -0.314159 0.000000
vt 9.857143 -0.628319 0.000000
vt 9.857143 -0.942478 0.000000
vt 9.857143 -1.256637 0.000000
vt 9.857143 -1.570796 0.000000
vt 9.857143 -1.884956 0.000000
vt 9.857143 -2.199115 0.000000
vt 9.857143 -2.513274 0.000000
vt 9.857143 -2.827433 0.000000
vt 9.857143 -3.141593 0.000000
vt 9.857143 -3.455752 0.000000
vt 9.857143 -3.769911 0.000000
vt 3.285714 3.769911 0.000000
vt 3.285714 3.455752 0.000000
vt 3.285714 3.141593 0.000000
vt 3.285714 2.827433 0.000000
vt 3.285714 2.513274 0.000000
vt 3.285714 2.199115 0.000000
vt 3.285714 1.884956 0.000000
vt 3.285714 1.570796 0.000000
vt 3.285714 1.256637 0.000000
vt 3.285714 0.942478 0.000000
vt 3.285714 0.628319 0.000000
vt 3.285714 0.314159 0.000000
vt 3.285714 0.000000 0.000000
vt 3.285714 -0.314159 0.000000
vt 3.285714 -0.628319 0.000000
vt 3.285714 -0.942478 0.000000
vt 3.285714 -1.256637 0.000000
vt 3.285714 -1.570796 0.000000
vt 3.285714 -1.884956 0.000000
vt 3.285714 -2.199115 0.000000
vt 3.285714 -2.513274 0.000000
vt 3.285714 -2.827433 0.000000
vt 3.285714 -3.141593 0.000000
vt 3.285714 -3.455752 0.000000
vt 3.285714 -3.769911 0.000000
vt -3.285714 3.769911 0.000000
vt -3.285714 3.455752 0.000000
vt -3.285714 3.141593 0.000000
vt -3.285714 2.827433 0.000000
vt -3.285714 2.513274 0.000000
vt -3.285714 2.199115 0.000000
vt -3.285714 1.884956 0.000000
vt -3.285714 1.570796 0.000000
vt -3.285714 1.256637 0.000000
vt -3.285714 0.942478 0.000000
vt -3.285714 0.628319 0.000000
vt -3.285714 0.314159 0.000000
vt -3.285714 0.000000 0.000000
vt -3.285714 -0.314159 0.000000
vt -3.285714 -0.628319 0.000000
vt -3.285714 -0.942478 0.000000
vt -3.285714 -1.256637 0.000000
vt -3.285714 -1.570796 0.000000
vt -3.285714 -1.884956 0.000000
vt -3.285714 -2.199115 0.000000
vt -3.285714 -2.513274 0.000000
vt -3.285714 -2.827433 0.000000
vt -3.285714 -3.141593 0.000000
vt -3.285714 -3.455752 0.000000
vt -3.285714 -3.769911 0.000000
vt -9.857143 3.769911 0.000000
vt -9.857143 3.455752 0.000000
vt -9.857143 3.141593 0.000000
vt -9.857143 2.827433 0.000000
vt -9.857143 2.513274 0.000000
vt -9.857143 2.199115 0.000000
vt -9.857143 1.884956 0.000000
vt -9.857143 1.570796 0.000000
vt -9.857143 1.256637 0.000000
vt -9.857143 0.942478 0.000000
vt -9.857143 0.628319 0.000000
vt -9.857143 0.314159 0.000000
vt -9.857143 0.000000 0.000000
vt -9.857143 -0.314159 0.000000
vt -9.857143 -0.628319 0.000000
vt -9.857143 -0.942478 0.000000
vt -9.857143 -1.256637 0.000000
vt -9.857143 -1.570796 0.000000
vt -9.857143 -1.884956 0.000000
vt -9.857143 -2.199115 0.000000
vt -9.857143 -2.513274 0.000000
vt -9.857143 -2.827433 0.000000
vt -9.857143 -3.141593 0.000000
vt -9.857143 -3.455752 0.000000
vt -9.857143 -3.769911 0.000000
vt -1.159111 -0.310583 0.000000
vt 1.159111 -0.310583 0.000000
vt -1.200000 0.000000 0.000000
vt 1.200000 0.000000 0.000000
vt -1.159111 0.310583 0.000000
vt 1.159111 0.310583 0.000000
vt -1.039230 0.600000 0.000000
vt 1.039230 0.600000 0.000000
vt -0.848528 0.848528 0.000000
vt 0.848528 0.848528 0.000000
vt -0.600000 1.039230 0.000000
vt 0.600000 1.039230 0.000000
vt -0.310583 1.159111 0.000000
vt 0.310583 1.159111 0.000000
vt 0.000000 1.200000 0.000000
vt 1.039230 -0.600000 0.000000
vt -1.039230 -0.600000 0.000000
vt 0.848528 -0.848528 0.000000
vt -0.848528 -0.848528 0.000000
vt 0.600000 -1.039230 0.000000
vt -0.600000 -1.039230 0.000000
vt 0.310583 -1.159111 0.000000
vt -0.310583 -1.159111 0.000000
vt 0.000000 -1.200000 0.000000
vt 1.159111 0.310583 0.000000
vt -1.159111 0.310583 0.000000
vt 1.200000 0.000000 0.000000
vt -1.200000 0.000000 0.000000
vt 1.159111 -0.310583 0.000000
vt -1.159111 -0.310583 0.000000
vt 1.039230 -0.600000 0.000000
vt -1.039230 -0.600000 0.000000
vt 0.848528 -0.848528 0.000000
vt -0.848528 -0.848528 0.000000
vt 0.600000 -1.039230 0.000000
vt -0.600000 -1.039230 0.000000
vt 0.310583 -1.159111 0.000000
vt -0.310583 -1.159111 0.000000
vt 0.000000 -1.200000 0.000000
vt -1.039230 0.600000 0.000000
vt 1.039230 0.600000 0.000000
vt -0.848528 0.848528 0.000000
vt 0.848528 0.848528 0.000000
vt -0.600000 1.039230 0.000000
vt 0.600000 1.039230 0.000000
vt -0.310583 1.159111 0.000000
vt 0.310583 1.159111 0.000000
vt 0.000000 1.200000 0.000000
vn -0.000000 0.258819 -0.965926
vn -0.000000 0.258819 -0.965926
vn -0.000000 0.000000 -1.000000
vn -0.000000 0.000000 -1.000000
vn 0.000000 -0.258819 -0.965926
vn 0.000000 -0.258819 -0.965926
vn 0.000000 -0.500000 -0.866025
vn 0.000000 -0.500000 -0.866025
vn 0.000000 -0.707107 -0.707107
vn 0.000000 -0.707107 -0.707107
vn 0.000000 -0.866025 -0.500000
vn 0.000000 -0.866025 -0.500000
vn 0.000000 -0.965926 -0.258819
vn 0.000000 -0.965926 -0.258819
vn 0.000000 -1.000000 -0.000000
vn 0.000000 -1.000000 -0.000000
vn -0.000000 -0.965926 0.258819
vn -0.000000 -0.965926 0.258819
vn -0.000000 -0.866025 0.500000
vn -0.000000 -0.866025 0.500000
vn -0.000000 -0.707107 0.707107
vn -0.000000 -0.707107 0.707107
vn -0.000000 -0.500000 0.866025
vn -0.000000 -0.500000 0.866025
vn -0.000000 -0.258819 0.965926
vn -0.000000 -0.258819 0.965926
vn -0.000000 -0.000000 1.000000
vn -0.000000 -0.000000 1.000000
vn -0.000000 0.258819 0.965926
vn -0.000000 0.258819 0.965926
vn -0.000000 0.500000 0.866025
vn -0.000000 0.500000 0.866025
vn -0.000000 0.707107 0.707107
vn -0.000000 0.707107 0.707107
vn -0.000000 0.866025 0.500000
vn -0.000000 0.866025 0.500000
vn -0.000000 0.965926 0.258819
vn -0.000000 0.965926 0.258819
vn -0.000000 1.000000 -0.000000
vn -0.000000 1.000000 -0.000000
vn -0.000000 0.965926 -0.258819
vn -0.000000 0.965926 -0.258819
vn -0.000000 0.866025 -0.500000
vn -0.000000 0.866025 -0.500000
vn -0.000000 0.707107 -0.707107
vn -0.000000 0.707107 -0.707107
vn -0.000000 0.500000 -0.866025
vn -0.000000 0.500000 -0.866025
vn 0.000000 -0.258819 -0.965926
vn 0.000000 -0.258819 -0.965926
vn -0.000000 0.000000 -1.000000
vn -0.000000 0.000000 -1.000000
vn -0.000000 0.258819 -0.965926
vn -0.000000 0.258819 -0.965926
vn -0.000000 0.500000 -0.866025
vn -0.000000 0.500000 -0.866025
vn -0.000000 0.707107 -0.707107
vn -0.000000 0.707107 -0.707107
vn -0.000000 0.866025 -0.500000
vn -0.000000 0.866025 -0.500000
vn -0.000000 0.965926 -0.258819
vn -0.000000 0.965926 -0.258819
vn -0.000000 1.000000 -0.000000
vn -0.000000 1.000000 -0.000000
vn -0.000000 0.965926 0.258819
vn -0.000000 0.965926 0.258819
vn -0.000000 0.866025 0.500000
vn -0.000000 0.866025 0.500000
vn -0.000000 0.707107 0.707107
vn -0.000000 0.707107 0.707107
vn -0.000000 0.500000 0.866025
vn -0.000000 0.500000 0.866025
vn -0.000000 0.258819 0.965926
vn -0.000000 0.258819 0.965926
vn -0.000000 0.000000 1.000000
vn -0.000000 0.000000 1.000000
vn -0.000000 -0.258819 0.965926
vn -0.000000 -0.258819 0.965926
vn -0.000000 -0.500000 0.866025
vn -0.000000 -0.500000 0.866025
vn -0.000000 -0.707107 0.707107
vn -0.000000 -0.707107 0.707107
vn -0.000000 -0.866025 0.500000
vn -0.000000 -0.866025 0.500000
vn -0.000000 -0.965926 0.258819
vn -0.000000 -0.965926 0.258819
vn 0.000000 -1.000000 -0.000000
vn 0.000000 -1.000000 -0.000000
vn 0.000000 -0.965926 -0.258819
vn 0.000000 -0.965926 -0.258819
vn 0.000000 -0.866025 -0.500000
vn 0.000000 -0.866025 -0.500000
vn 0.000000 -0.707107 -0.707107
vn 0.000000 -0.707107 -0.707107
vn 0.000000 -0.500000 -0.866025
vn 0.000000 -0.500000 -0.866025
vn -0.000000 0.000000 1.000000
vn -0.000000 0.258819 0.965926
vn -0.000000 0.500000 0.866025
vn -0.000000 0.707107 0.707107
vn -0.000000 0.866025 0.500000
vn -0.000000 0.965926 0.258819
vn -0.000000 1.000000 -0.000000
vn -0.000000 0.965926 -0.258819
vn -0.000000 0.866025 -0.500000
vn -0.000000 0.707107 -0.707107
vn -0.000000 0.500000 -0.866025
vn -0.000000 0.258819 -0.965926
vn -0.000000 0.000000 -1.000000
vn 0.000000 -0.258819 -0.965926
vn 0.000000 -0.500000 -0.866025
vn 0.000000 -0.707107 -0.707107
vn 0.000000 -0.866025 -0.500000
vn 0.000000 -0.965926 -0.258819
vn 0.000000 -1.000000 -0.000000
vn -0.000000 -0.965926 0.258819
vn -0.000000 -0.866025 0.500000
vn -0.000000 -0.707107 0.707107
vn -0.000000 -0.500000 0.866025
vn -0.000000 -0.258819 0.965926
vn -0.000000 0.000000 1.000000
vn -0.000000 0.258819 0.965926
vn -0.000000 0.500000 0.866025
vn -0.000000 0.707107 0.707107
vn -0.000000 0.866025 0.500000
vn -0.000000 0.965926 0.258819
vn -0.000000 1.000000 -0.000000
vn -0.000000 0.965926 -0.258819
vn -0.000000 0.866025 -0.500000
vn -0.000000 0.707107 -0.707107
vn -0.000000 0.500000 -0.866025
vn -0.000000 0.258819 -0.965926
vn -0.000000 0.000000 -1.000000
vn 0.000000 -0.258819 -0.965926
vn 0.000000 -0.500000 -0.866025
vn 0.000000 -0.707107 -0.707107
vn 0.000000 -0.866025 -0.500000
vn 0.000000 -0.965926 -0.258819
vn 0.000000 -1.000000 -0.000000
vn -0.000000 -0.965926 0.258819
vn -0.000000 -0.866025 0.500000
vn -0.000000 -0.707107 0.707107
vn -0.000000 -0.500000 0.866025
vn -0.000000 -0.258819 0.965926
vn -0.000000 0.000000 1.000000
vn -0.000000 0.258819 0.965926
vn -0.000000 0.500000 0.866025
vn -0.000000 0.707107 0.707107
vn -0.000000 0.866025 0.500000
vn -0.000000 0.965926 0.258819
vn -0.000000 1.000000 -0.000000
vn -0.000000 0.965926 -0.258819
vn -0.000000 0.866025 -0.500000
vn -0.000000 0.707107 -0.707107
vn -0.000000 0.500000 -0.866025
vn -0.000000 0.258819 -0.965926
vn -0.000000 0.000000 -1.000000
vn 0.000000 -0.258819 -0.965926
vn 0.000000 -0.500000 -0.866025
vn 0.000000 -0.707107 -0.707107
vn 0.000000 -0.866025 -0.500000
vn 0.000000 -0.965926 -0.258819
vn 0.000000 -1.000000 -0.000000
vn -0.000000 -0.965926 0.258819
vn -0.000000 -0.866025 0.500000
vn -0.000000 -0.707107 0.707107
vn -0.000000 -0.500000 0.866025
vn -0.000000 -0.258819 0.965926
vn -0.000000 0.000000 1.000000
vn -0.000000 0.258819 0.965926
vn -0.000000 0.500000 0.866025
vn -0.000000 0.707107 0.707107
vn -0.000000 0.866025 0.500000
vn -0.000000 0.965926 0.258819
vn -0.000000 1.000000 -0.000000
vn -0.000000 0.965926 -0.258819
vn -0.000000 0.866025 -0.500000
vn -0.000000 0.707107 -0.707107
vn -0.000000 0.500000 -0.866025
vn -0.000000 0.258819 -0.965926
vn -0.000000 0.000000 -1.000000
vn 0.000000 -0.258819 -0.965926
vn 0.000000 -0.500000 -0.866025
vn 0.000000 -0.707107 -0.707107
vn 0.000000 -0.866025 -0.500000
vn 0.000000 -0.965926 -0.258819
vn 0.000000 -1.000000 -0.000000
vn -0.000000 -0.965926 0.258819
vn -0.000000 -0.866025 0.500000
vn -0.000000 -0.707107 0.707107
vn -0.000000 -0.500000 0.866025
vn -0.000000 -0.258819 0.965926
vn -1.000000 0.000000 0.000000
vn -1.000000 0.000000 0.000000
vn -1.000000 0.000000 0.000000
vn -1.000000 0.000000 0.000000
vn -1.000000 0.000000 0.000000
vn -1.000000 0.000000 0.000000
vn -1.000000 0.000000 0.000000
vn -1.000000 0.000000 0.000000
vn -1.000000 0.000000 0.000000
vn -1.000000 0.000000 0.000000
vn -1.000000 0.000000 0.000000
vn -1.000000 0.000000 0.000000
vn -1.000000 0.000000 0.000000
vn -1.000000 0.000000 0.000000
vn -1.000000 0.000000 0.000000
vn -1.000000 0.000000 0.000000
vn -1.000000 0.000000 0.000000
vn -1.000000 0.000000 0.000000
vn -1.000000 0.000000 0.000000
vn -1.000000 0.000000 0.000000
vn -1.000000 0.000000 0.000000
vn -1.000000 0.000000 0.000000
vn -1.000000 0.000000 0.000000
vn -1.000000 0.000000 0.000000
vn 1.000000 0.000000 0.000000
vn 1.000000 0.000000 0.000000
vn 1.000000 0.000000 0.000000
vn 1.000000 0.000000 0.000000
vn 1.000000 0.000000 0.000000
vn 1.000000 0.000000 0.000000
vn 1.000000 0.000000 0.000000
vn 1.000000 0.000000 0.000000
vn 1.000000 0.000000 0.000000
vn 1.000000 0.000000 0.000000
vn 1.000000 0.000000 0.000000
vn 1.000000 0.000000 0.000000
vn 1.000000 0.000000 0.000000
vn 1.000000 0.000000 0.000000
vn 1.000000 0.000000 0.000000
vn 1.000000 0.000000 0.000000
vn 1.000000 0.000000 0.000000
vn 1.000000 0.000000 0.000000
vn 1.000000 0.000000 0.000000
vn 1.000000 0.000000 0.000000
vn 1.000000 0.000000 0.000000
vn 1.000000 0.000000 0.000000
vn 1.000000 0.000000 0.000000
vn 1.000000 0.000000 0.000000
f 1682/2087/2017 1735/2088/2018 1681/2089/2019
f 1681/2089/2019 1735/2088/2018 1746/2090/2020
f 1681/2089/2019 1746/2090/2020 1704/2091/2021
f 1704/2091/2021 1746/2090/2020 1867/2092/2022
f 1704/2091/2021 1867/2092/2022 1703/2093/2023
f 1703/2093/2023 1867/2092/2022 1861/2094/2024
f 1703/2093/2023 1861/2094/2024 1702/2095/2025
f 1702/2095/2025 1861/2094/2024 1855/2096/2026
f 1702/2095/2025 1855/2096/2026 1701/2097/2027
f 1701/2097/2027 1855/2096/2026 1849/2098/2028
f 1701/2097/2027 1849/2098/2028 1700/2099/2029
f 1700/2099/2029 1849/2098/2028 1843/2100/2030
f 1700/2099/2029 1843/2100/2030 1699/2101/2031
f 1699/2101/2031 1843/2100/2030 1837/2102/2032
f 1699/2101/2031 1837/2102/2032 1698/2103/2033
f 1698/2103/2033 1837/2102/2032 1831/2104/2034
f 1698/2103/2033 1831/2104/2034 1697/2105/2035
f 1697/2105/2035 1831/2104/2034 1825/2106/2036
f 1697/2105/2035 1825/2106/2036 1696/2107/2037
f 1696/2107/2037 1825/2106/2036 1819/2108/2038
f 1696/2107/2037 1819/2108/2038 1695/2109/2039
f 1695/2109/2039 1819/2108/2038 1813/2110/2040
f 1695/2109/2039 1813/2110/2040 1694/2111/2041
f 1694/2111/2041 1813/2110/2040 1807/2112/2042
f 1694/2111/2041 1807/2112/2042 1693/2113/2043
f 1693/2113/2043 1807/2112/2042 1729/2114/2044
f 1693/2115/2043 1729/2116/2044 1692/2117/2045
f 1692/2117/2045 1729/2116/2044 1801/2118/2046
f 1692/2117/2045 1801/2118/2046 1691/2119/2047
f 1691/2119/2047 1801/2118/2046 1795/2120/2048
f 1691/2119/2047 1795/2120/2048 1690/2121/2049
f 1690/2121/2049 1795/2120/2048 1789/2122/2050
f 1690/2121/2049 1789/2122/2050 1689/2123/2051
f 1689/2123/2051 1789/2122/2050 1783/2124/2052
f 1689/2123/2051 1783/2124/2052 1688/2125/2053
f 1688/2125/2053 1783/2124/2052 1777/2126/2054
f 1688/2125/2053 1777/2126/2054 1687/2127/2055
f 1687/2127/2055 1777/2126/2054 1771/2128/2056
f 1687/2127/2055 1771/2128/2056 1686/2129/2057
f 1686/2129/2057 1771/2128/2056 1765/2130/2058
f 1686/2129/2057 1765/2130/2058 1685/2131/2059
f 1685/2131/2059 1765/2130/2058 1759/2132/2060
f 1685/2131/2059 1759/2132/2060 1684/2133/2061
f 1684/2133/2061 1759/2132/2060 1753/2134/2062
f 1684/2133/2061 1753/2134/2062 1683/2135/2063
f 1683/2135/2063 1753/2134/2062 1747/2136/2064
f 1683/2135/2063 1747/2136/2064 1682/2087/2017
f 1682/2087/2017 1747/2136/2064 1735/2088/2018
f 1706/2137/2065 1872/2138/2066 1705/2139/2067
f 1705/2139/2067 1872/2138/2066 1741/2140/2068
f 1705/2139/2067 1741/2140/2068 1728/2141/2069
f 1728/2141/2069 1741/2140/2068 1740/2142/2070
f 1728/2141/2069 1740/2142/2070 1727/2143/2071
f 1727/2143/2071 1740/2142/2070 1752/2144/2072
f 1727/2143/2071 1752/2144/2072 1726/2145/2073
f 1726/2145/2073 1752/2144/2072 1758/2146/2074
f 1726/2145/2073 1758/2146/2074 1725/2147/2075
f 1725/2147/2075 1758/2146/2074 1764/2148/2076
f 1725/2147/2075 1764/2148/2076 1724/2149/2077
f 1724/2149/2077 1764/2148/2076 1770/2150/2078
f 1724/2149/2077 1770/2150/2078 1723/2151/2079
f 1723/2151/2079 1770/2150/2078 1776/2152/2080
f 1723/2151/2079 1776/2152/2080 1722/2153/2081
f 1722/2153/2081 1776/2152/2080 1782/2154/2082
f 1722/2153/2081 1782/2154/2082 1721/2155/2083
f 1721/2155/2083 1782/2154/2082 1788/2156/2084
f 1721/2155/2083 1788/2156/2084 1720/2157/2085
f 1720/2157/2085 1788/2156/2084 1794/2158/2086
f 1720/2157/2085 1794/2158/2086 1719/2159/2087
f 1719/2159/2087 1794/2158/2086 1800/2160/2088
f 1719/2159/2087 1800/2160/2088 1718/2161/2089
f 1718/2161/2089 1800/2160/2088 1806/2162/2090
f 1718/2161/2089 1806/2162/2090 1717/2163/2091
f 1717/2163/2091 1806/2162/2090 1734/2164/2092
f 1717/2165/2091 1734/2166/2092 1716/2167/2093
f 1716/2167/2093 1734/2166/2092 1812/2168/2094
f 1716/2167/2093 1812/2168/2094 1715/2169/2095
f 1715/2169/2095 1812/2168/2094 1818/2170/2096
f 1715/2169/2095 1818/2170/2096 1714/2171/2097
f 1714/2171/2097 1818/2170/2096 1824/2172/2098
f 1714/2171/2097 1824/2172/2098 1713/2173/2099
f 1713/2173/2099 1824/2172/2098 1830/2174/2100
f 1713/2173/2099 1830/2174/2100 1712/2175/2101
f 1712/2175/2101 1830/2174/2100 1836/2176/2102
f 1712/2175/2101 1836/2176/2102 1711/2177/2103
f 1711/2177/2103 1836/2176/2102 1842/2178/2104
f 1711/2177/2103 1842/2178/2104 1710/2179/2105
f 1710/2179/2105 1842/2178/2104 1848/2180/2106
f 1710/2179/2105 1848/2180/2106 1709/2181/2107
f 1709/2181/2107 1848/2180/2106 1854/2182/2108
f 1709/2181/2107 1854/2182/2108 1708/2183/2109
f 1708/2183/2109 1854/2182/2108 1860/2184/2110
f 1708/2183/2109 1860/2184/2110 1707/2185/2111
f 1707/2185/2111 1860/2184/2110 1866/2186/2112
f 1707/2185/2111 1866/2186/2112 1706/2137/2065
f 1706/2137/2065 1866/2186/2112 1872/2138/2066
f 1729/2116/2044 1730/2187/2113 1801/2118/2046
f 1801/2118/2046 1730/2187/2113 1802/2188/2114
f 1801/2118/2046 1802/2188/2114 1795/2120/2048
f 1795/2120/2048 1802/2188/2114 1796/2189/2115
f 1795/2120/2048 1796/2189/2115 1789/2122/2050
f 1789/2122/2050 1796/2189/2115 1790/2190/2116
f 1789/2122/2050 1790/2190/2116 1783/2124/2052
f 1783/2124/2052 1790/2190/2116 1784/2191/2117
f 1783/2124/2052 1784/2191/2117 1777/2126/2054
f 1777/2126/2054 1784/2191/2117 1778/2192/2118
f 1777/2126/2054 1778/2192/2118 1771/2128/2056
f 1771/2128/2056 1778/2192/2118 1772/2193/2119
f 1771/2128/2056 1772/2193/2119 1765/2130/2058
f 1765/2130/2058 1772/2193/2119 1766/2194/2120
f 1765/2130/2058 1766/2194/2120 1759/2132/2060
f 1759/2132/2060 1766/2194/2120 1760/2195/2121
f 1759/2132/2060 1760/2195/2121 1753/2134/2062
f 1753/2134/2062 1760/2195/2121 1754/2196/2122
f 1753/2134/2062 1754/2196/2122 1747/2136/2064
f 1747/2136/2064 1754/2196/2122 1748/2197/2123
f 1747/2136/2064 1748/2197/2123 1735/2088/2018
f 1735/2088/2018 1748/2197/2123 1736/2198/2124
f 1735/2088/2018 1736/2198/2124 1746/2090/2020
f 1746/2090/2020 1736/2198/2124 1745/2199/2125
f 1746/2090/2020 1745/2199/2125 1867/2092/2022
f 1867/2092/2022 1745/2199/2125 1868/2200/2126
f 1867/2092/2022 1868/2200/2126 1861/2094/2024
f 1861/2094/2024 1868/2200/2126 1862/2201/2127
f 1861/2094/2024 1862/2201/2127 1855/2096/2026
f 1855/2096/2026 1862/2201/2127 1856/2202/2128
f 1855/2096/2026 1856/2202/2128 1849/2098/2028
f 1849/2098/2028 1856/2202/2128 1850/2203/2129
f 1849/2098/2028 1850/2203/2129 1843/2100/2030
f 1843/2100/2030 1850/2203/2129 1844/2204/2130
f 1843/2100/2030 1844/2204/2130 1837/2102/2032
f 1837/2102/2032 1844/2204/2130 1838/2205/2131
f 1837/2102/2032 1838/2205/2131 1831/2104/2034
f 1831/2104/2034 1838/2205/2131 1832/2206/2132
f 1831/2104/2034 1832/2206/2132 1825/2106/2036
f 1825/2106/2036 1832/2206/2132 1826/2207/2133
f 1825/2106/2036 1826/2207/2133 1819/2108/2038
f 1819/2108/2038 1826/2207/2133 1820/2208/2134
f 1819/2108/2038 1820/2208/2134 1813/2110/2040
f 1813/2110/2040 1820/2208/2134 1814/2209/2135
f 1813/2110/2040 1814/2209/2135 1807/2112/2042
f 1807/2112/2042 1814/2209/2135 1808/2210/2136
f 1807/2112/2042 1808/2210/2136 1729/2114/2044
f 1729/2114/2044 1808/2210/2136 1730/2211/2113
f 1730/2187/2113 1731/2212/2137 1802/2188/2114
f 1802/2188/2114 1731/2212/2137 1803/2213/2138
f 1802/2188/2114 1803/2213/2138 1796/2189/2115
f 1796/2189/2115 1803/2213/2138 1797/2214/2139
f 1796/2189/2115 1797/2214/2139 1790/2190/2116
f 1790/2190/2116 1797/2214/2139 1791/2215/2140
f 1790/2190/2116 1791/2215/2140 1784/2191/2117
f 1784/2191/2117 1791/2215/2140 1785/2216/2141
f 1784/2191/2117 1785/2216/2141 1778/2192/2118
f 1778/2192/2118 1785/2216/2141 1779/2217/2142
f 1778/2192/2118 1779/2217/2142 1772/2193/2119
f 1772/2193/2119 1779/2217/2142 1773/2218/2143
f 1772/2193/2119 1773/2218/2143 1766/2194/2120
f 1766/2194/2120 1773/2218/2143 1767/2219/2144
f 1766/2194/2120 1767/2219/2144 1760/2195/2121
f 1760/2195/2121 1767/2219/2144 1761/2220/2145
f 1760/2195/2121 1761/2220/2145 1754/2196/2122
f 1754/2196/2122 1761/2220/2145 1755/2221/2146
f 1754/2196/2122 1755/2221/2146 1748/2197/2123
f 1748/2197/2123 1755/2221/2146 1749/2222/2147
f 1748/2197/2123 1749/2222/2147 1736/2198/2124
f 1736/2198/2124 1749/2222/2147 1737/2223/2148
f 1736/2198/2124 1737/2223/2148 1745/2199/2125
f 1745/2199/2125 1737/2223/2148 1744/2224/2149
f 1745/2199/2125 1744/2224/2149 1868/2200/2126
f 1868/2200/2126 1744/2224/2149 1869/2225/2150
f 1868/2200/2126 1869/2225/2150 1862/2201/2127
f 1862/2201/2127 1869/2225/2150 1863/2226/2151
f 1862/2201/2127 1863/2226/2151 1856/2202/2128
f 1856/2202/2128 1863/2226/2151 1857/2227/2152
f 1856/2202/2128 1857/2227/2152 1850/2203/2129
f 1850/2203/2129 1857/2227/2152 1851/2228/2153
f 1850/2203/2129 1851/2228/2153 1844/2204/2130
f 1844/2204/2130 1851/2228/2153 1845/2229/2154
f 1844/2204/2130 1845/2229/2154 1838/2205/2131
f 1838/2205/2131 1845/2229/2154 1839/2230/2155
f 1838/2205/2131 1839/2230/2155 1832/2206/2132
f 1832/2206/2132 1839/2230/2155 1833/2231/2156
f 1832/2206/2132 1833/2231/2156 1826/2207/2133
f 1826/2207/2133 1833/2231/2156 1827/2232/2157
f 1826/2207/2133 1827/2232/2157 1820/2208/2134
f 1820/2208/2134 1827/2232/2157 1821/2233/2158
f 1820/2208/2134 1821/2233/2158 1814/2209/2135
f 1814/2209/2135 1821/2233/2158 1815/2234/2159
f 1814/2209/2135 1815/2234/2159 1808/2210/2136
f 1808/2210/2136 1815/2234/2159 1809/2235/2160
f 1808/2210/2136 1809/2235/2160 1730/2211/2113
f 1730/2211/2113 1809/2235/2160 1731/2236/2137
f 1731/2212/2137 1732/2237/2161 1803/2213/2138
f 1803/2213/2138 1732/2237/2161 1804/2238/2162
f 1803/2213/2138 1804/2238/2162 1797/2214/2139
f 1797/2214/2139 1804/2238/2162 1798/2239/2163
f 1797/2214/2139 1798/2239/2163 1791/2215/2140
f 1791/2215/2140 1798/2239/2163 1792/2240/2164
f 1791/2215/2140 1792/2240/2164 1785/2216/2141
f 1785/2216/2141 1792/2240/2164 1786/2241/2165
f 1785/2216/2141 1786/2241/2165 1779/2217/2142
f 1779/2217/2142 1786/2241/2165 1780/2242/2166
f 1779/2217/2142 1780/2242/2166 1773/2218/2143
f 1773/2218/2143 1780/2242/2166 1774/2243/2167
f 1773/2218/2143 1774/2243/2167 1767/2219/2144
f 1767/2219/2144 1774/2243/2167 1768/2244/2168
f 1767/2219/2144 1768/2244/2168 1761/2220/2145
f 1761/2220/2145 1768/2244/2168 1762/2245/2169
f 1761/2220/2145 1762/2245/2169 1755/2221/2146
f 1755/2221/2146 1762/2245/2169 1756/2246/2170
f 1755/2221/2146 1756/2246/2170 1749/2222/2147
f 1749/2222/2147 1756/2246/2170 1750/2247/2171
f 1749/2222/2147 1750/2247/2171 1737/2223/2148
f 1737/2223/2148 1750/2247/2171 1738/2248/2172
f 1737/2223/2148 1738/2248/2172 1744/2224/2149
f 1744/2224/2149 1738/2248/2172 1743/2249/2173
f 1744/2224/2149 1743/2249/2173 1869/2225/2150
f 1869/2225/2150 1743/2249/2173 1870/2250/2174
f 1869/2225/2150 1870/2250/2174 1863/2226/2151
f 1863/2226/2151 1870/2250/2174 1864/2251/2175
f 1863/2226/2151 1864/2251/2175 1857/2227/2152
f 1857/2227/2152 1864/2251/2175 1858/2252/2176
f 1857/2227/2152 1858/2252/2176 1851/2228/2153
f 1851/2228/2153 1858/2252/2176 1852/2253/2177
f 1851/2228/2153 1852/2253/2177 1845/2229/2154
f 1845/2229/2154 1852/2253/2177 1846/2254/2178
f 1845/2229/2154 1846/2254/2178 1839/2230/2155
f 1839/2230/2155 1846/2254/2178 1840/2255/2179
f 1839/2230/2155 1840/2255/2179 1833/2231/2156
f 1833/2231/2156 1840/2255/2179 1834/2256/2180
f 1833/2231/2156 1834/2256/2180 1827/2232/2157
f 1827/2232/2157 1834/2256/2180 1828/2257/2181
f 1827/2232/2157 1828/2257/2181 1821/2233/2158
f 1821/2233/2158 1828/2257/2181 1822/2258/2182
f 1821/2233/2158 1822/2258/2182 1815/2234/2159
f 1815/2234/2159 1822/2258/2182 1816/2259/2183
f 1815/2234/2159 1816/2259/2183 1809/2235/2160
f 1809/2235/2160 1816/2259/2183 1810/2260/2184
f 1809/2235/2160 1810/2260/2184 1731/2236/2137
f 1731/2236/2137 1810/2260/2184 1732/2261/2161
f 1732/2237/2161 1733/2262/2185 1804/2238/2162
f 1804/2238/2162 1733/2262/2185 1805/2263/2186
f 1804/2238/2162 1805/2263/2186 1798/2239/2163
f 1798/2239/2163 1805/2263/2186 1799/2264/2187
f 1798/2239/2163 1799/2264/2187 1792/2240/2164
f 1792/2240/2164 1799/2264/2187 1793/2265/2188
f 1792/2240/2164 1793/2265/2188 1786/2241/2165
f 1786/2241/2165 1793/2265/2188 1787/2266/2189
f 1786/2241/2165 1787/2266/2189 1780/2242/2166
f 1780/2242/2166 1787/2266/2189 1781/2267/2190
f 1780/2242/2166 1781/2267/2190 1774/2243/2167
f 1774/2243/2167 1781/2267/2190 1775/2268/2191
f 1774/2243/2167 1775/2268/2191 1768/2244/2168
f 1768/2244/2168 1775/2268/2191 1769/2269/2192
f 1768/2244/2168 1769/2269/2192 1762/2245/2169
f 1762/2245/2169 1769/2269/2192 1763/2270/2193
f 1762/2245/2169 1763/2270/2193 1756/2246/2170
f 1756/2246/2170 1763/2270/2193 1757/2271/2194
f 1756/2246/2170 1757/2271/2194 1750/2247/2171
f 1750/2247/2171 1757/2271/2194 1751/2272/2195
f 1750/2247/2171 1751/2272/2195 1738/2248/2172
f 1738/2248/2172 1751/2272/2195 1739/2273/2196
f 1738/2248/2172 1739/2273/2196 1743/2249/2173
f 1743/2249/2173 1739/2273/2196 1742/2274/2197
f 1743/2249/2173 1742/2274/2197 1870/2250/2174
f 1870/2250/2174 1742/2274/2197 1871/2275/2198
f 1870/2250/2174 1871/2275/2198 1864/2251/2175
f 1864/2251/2175 1871/2275/2198 1865/2276/2199
f 1864/2251/2175 1865/2276/2199 1858/2252/2176
f 1858/2252/2176 1865/2276/2199 1859/2277/2200
f 1858/2252/2176 1859/2277/2200 1852/2253/2177
f 1852/2253/2177 1859/2277/2200 1853/2278/2201
f 1852/2253/2177 1853/2278/2201 1846/2254/2178
f 1846/2254/2178 1853/2278/2201 1847/2279/2202
f 1846/2254/2178 1847/2279/2202 1840/2255/2179
f 1840/2255/2179 1847/2279/2202 1841/2280/2203
f 1840/2255/2179 1841/2280/2203 1834/2256/2180
f 1834/2256/2180 1841/2280/2203 1835/2281/2204
f 1834/2256/2180 1835/2281/2204 1828/2257/2181
f 1828/2257/2181 1835/2281/2204 1829/2282/2205
f 1828/2257/2181 1829/2282/2205 1822/2258/2182
f 1822/2258/2182 1829/2282/2205 1823/2283/2206
f 1822/2258/2182 1823/2283/2206 1816/2259/2183
f 1816/2259/2183 1823/2283/2206 1817/2284/2207
f 1816/2259/2183 1817/2284/2207 1810/2260/2184
f 1810/2260/2184 1817/2284/2207 1811/2285/2208
f 1810/2260/2184 1811/2285/2208 1732/2261/2161
f 1732/2261/2161 1811/2285/2208 1733/2286/2185
f 1733/2262/2185 1734/2164/2092 1805/2263/2186
f 1805/2263/2186 1734/2164/2092 1806/2162/2090
f 1805/2263/2186 1806/2162/2090 1799/2264/2187
f 1799/2264/2187 1806/2162/2090 1800/2160/2088
f 1799/2264/2187 1800/2160/2088 1793/2265/2188
f 1793/2265/2188 1800/2160/2088 1794/2158/2086
f 1793/2265/2188 1794/2158/2086 1787/2266/2189
f 1787/2266/2189 1794/2158/2086 1788/2156/2084
f 1787/2266/2189 1788/2156/2084 1781/2267/2190
f 1781/2267/2190 1788/2156/2084 1782/2154/2082
f 1781/2267/2190 1782/2154/2082 1775/2268/2191
f 1775/2268/2191 1782/2154/2082 1776/2152/2080
f 1775/2268/2191 1776/2152/2080 1769/2269/2192
f 1769/2269/2192 1776/2152/2080 1770/2150/2078
f 1769/2269/2192 1770/2150/2078 1763/2270/2193
f 1763/2270/2193 1770/2150/2078 1764/2148/2076
f 1763/2270/2193 1764/2148/2076 1757/2271/2194
f 1757/2271/2194 1764/2148/2076 1758/2146/2074
f 1757/2271/2194 1758/2146/2074 1751/2272/2195
f 1751/2272/2195 1758/2146/2074 1752/2144/2072
f 1751/2272/2195 1752/2144/2072 1739/2273/2196
f 1739/2273/2196 1752/2144/2072 1740/2142/2070
f 1739/2273/2196 1740/2142/2070 1742/2274/2197
f 1742/2274/2197 1740/2142/2070 1741/2140/2068
f 1742/2274/2197 1741/2140/2068 1871/2275/2198
f 1871/2275/2198 1741/2140/2068 1872/2138/2066
f 1871/2275/2198 1872/2138/2066 1865/2276/2199
f 1865/2276/2199 1872/2138/2066 1866/2186/2112
f 1865/2276/2199 1866/2186/2112 1859/2277/2200
f 1859/2277/2200 1866/2186/2112 1860/2184/2110
f 1859/2277/2200 1860/2184/2110 1853/2278/2201
f 1853/2278/2201 1860/2184/2110 1854/2182/2108
f 1853/2278/2201 1854/2182/2108 1847/2279/2202
f 1847/2279/2202 1854/2182/2108 1848/2180/2106
f 1847/2279/2202 1848/2180/2106 1841/2280/2203
f 1841/2280/2203 1848/2180/2106 1842/2178/2104
f 1841/2280/2203 1842/2178/2104 1835/2281/2204
f 1835/2281/2204 1842/2178/2104 1836/2176/2102
f 1835/2281/2204 1836/2176/2102 1829/2282/2205
f 1829/2282/2205 1836/2176/2102 1830/2174/2100
f 1829/2282/2205 1830/2174/2100 1823/2283/2206
f 1823/2283/2206 1830/2174/2100 1824/2172/2098
f 1823/2283/2206 1824/2172/2098 1817/2284/2207
f 1817/2284/2207 1824/2172/2098 1818/2170/2096
f 1817/2284/2207 1818/2170/2096 1811/2285/2208
f 1811/2285/2208 1818/2170/2096 1812/2168/2094
f 1811/2285/2208 1812/2168/2094 1733/2286/2185
f 1733/2286/2185 1812/2168/2094 1734/2166/2092
f 1704/2287/2209 1694/2288/2210 1681/2289/2211
f 1681/2289/2211 1694/2288/2210 1693/2290/2212
f 1681/2289/2211 1693/2290/2212 1682/2291/2213
f 1682/2291/2213 1693/2290/2212 1692/2292/2214
f 1682/2291/2213 1692/2292/2214 1683/2293/2215
f 1683/2293/2215 1692/2292/2214 1691/2294/2216
f 1683/2293/2215 1691/2294/2216 1684/2295/2217
f 1684/2295/2217 1691/2294/2216 1690/2296/2218
f 1684/2295/2217 1690/2296/2218 1685/2297/2219
f 1685/2297/2219 1690/2296/2218 1689/2298/2220
f 1685/2297/2219 1689/2298/2220 1686/2299/2221
f 1686/2299/2221 1689/2298/2220 1688/2300/2222
f 1686/2299/2221 1688/2300/2222 1687/2301/2223
f 1694/2288/2210 1704/2287/2209 1695/2302/2224
f 1695/2302/2224 1704/2287/2209 1703/2303/2225
f 1695/2302/2224 1703/2303/2225 1696/2304/2226
f 1696/2304/2226 1703/2303/2225 1702/2305/2227
f 1696/2304/2226 1702/2305/2227 1697/2306/2228
f 1697/2306/2228 1702/2305/2227 1701/2307/2229
f 1697/2306/2228 1701/2307/2229 1698/2308/2230
f 1698/2308/2230 1701/2307/2229 1700/2309/2231
f 1698/2308/2230 1700/2309/2231 1699/2310/2232
f 1728/2311/2233 1718/2312/2234 1705/2313/2235
f 1705/2313/2235 1718/2312/2234 1717/2314/2236
f 1705/2313/2235 1717/2314/2236 1706/2315/2237
f 1706/2315/2237 1717/2314/2236 1716/2316/2238
f 1706/2315/2237 1716/2316/2238 1707/2317/2239
f 1707/2317/2239 1716/2316/2238 1715/2318/2240
f 1707/2317/2239 1715/2318/2240 1708/2319/2241
f 1708/2319/2241 1715/2318/2240 1714/2320/2242
f 1708/2319/2241 1714/2320/2242 1709/2321/2243
f 1709/2321/2243 1714/2320/2242 1713/2322/2244
f 1709/2321/2243 1713/2322/2244 1710/2323/2245
f 1710/2323/2245 1713/2322/2244 1712/2324/2246
f 1710/2323/2245 1712/2324/2246 1711/2325/2247
f 1718/2312/2234 1728/2311/2233 1719/2326/2248
f 1719/2326/2248 1728/2311/2233 1727/2327/2249
f 1719/2326/2248 1727/2327/2249 1720/2328/2250
f 1720/2328/2250 1727/2327/2249 1726/2329/2251
f 1720/2328/2250 1726/2329/2251 1721/2330/2252
f 1721/2330/2252 1726/2329/2251 1725/2331/2253
f 1721/2330/2252 1725/2331/2253 1722/2332/2254
f 1722/2332/2254 1725/2331/2253 1724/2333/2255
f 1722/2332/2254 1724/2333/2255 1723/2334/2256
g CrossBar_Base

v -23.000000 -3.200000 0.000000
v -23.000000 -2.682362 0.068148
v -23.000000 -2.200000 0.267949
v -23.000000 -1.785786 0.585786
v -23.000000 -1.467949 1.000000
v -23.000000 -1.268148 1.482362
v -23.000000 -1.200000 2.000000
v -23.000000 -1.268148 2.517638
v -23.000000 -1.467949 3.000000
v -23.000000 -1.785786 3.414214
v -23.000000 -2.200000 3.732051
v -23.000000 -2.682362 3.931852
v -23.000000 -3.200000 4.000000
v -23.000000 -3.717638 3.931852
v -23.000000 -4.200000 3.732051
v -23.000000 -4.614214 3.414214
v -23.000000 -4.932051 3.000000
v -23.000000 -5.131852 2.517638
v -23.000000 -5.200000 2.000000
v -23.000000 -5.131852 1.482362
v -23.000000 -4.932051 1.000000
v -23.000000 -4.614214 0.585786
v -23.000000 -4.200000 0.267949
v -23.000000 -3.717638 0.068148
v 23.000000 -3.200000 0.000000
v 23.000000 -3.717638 0.068148
v 23.000000 -4.200000 0.267949
v 23.000000 -4.614214 0.585786
v 23.000000 -4.932051 1.000000
v 23.000000 -5.131852 1.482362
v 23.000000 -5.200000 2.000000
v 23.000000 -5.131852 2.517638
v 23.000000 -4.932051 3.000000
v 23.000000 -4.614214 3.414214
v 23.000000 -4.200000 3.732051
v 23.000000 -3.717638 3.931852
v 23.000000 -3.200000 4.000000
v 23.000000 -2.682362 3.931852
v 23.000000 -2.200000 3.732051
v 23.000000 -1.785786 3.414214
v 23.000000 -1.467949 3.000000
v 23.000000 -1.268148 2.517638
v 23.000000 -1.200000 2.000000
v 23.000000 -1.268148 1.482362
v 23.000000 -1.467949 1.000000
v 23.000000 -1.785786 0.585786
v 23.000000 -2.200000 0.267949
v 23.000000 -2.682362 0.068148
v -11.500000 -3.200000 4.000000
v 0.000000 -3.200000 4.000000
v 11.500000 -3.200000 4.000000
v -11.500000 -2.682362 0.068148
v 0.000000 -2.682362 0.068148
v 11.500000 -2.682362 0.068148
v 11.500000 -3.200000 0.000000
v 0.000000 -3.200000 0.000000
v -11.500000 -3.200000 0.000000
v -11.500000 -2.200000 0.267949
v 0.000000 -2.200000 0.267949
v 11.500000 -2.200000 0.267949
v -11.500000 -1.785786 0.585786
v 0.000000 -1.785786 0.585786
v 11.500000 -1.785786 0.585786
v -11.500000 -1.467949 1.000000
v 0.000000 -1.467949 1.000000
v 11.500000 -1.467949 1.000000
v -11.500000 -1.268148 1.482362
v 0.000000 -1.268148 1.482362
v 11.500000 -1.268148 1.482362
v -11.500000 -1.200000 2.000000
v 0.000000 -1.200000 2.000000
v 11.500000 -1.200000 2.000000
v -11.500000 -1.268148 2.517638
v 0.000000 -1.268148 2.517638
v 11.500000 -1.268148 2.517638
v -11.500000 -1.467949 3.000000
v 0.000000 -1.467949 3.000000
v 11.500000 -1.467949 3.000000
v -11.500000 -1.785786 3.414214
v 0.000000 -1.785786 3.414214
v 11.500000 -1.785786 3.414214
v -11.500000 -2.200000 3.732051
v 0.000000 -2.200000 3.732051
v 11.500000 -2.200000 3.732051
v -11.500000 -2.682362 3.931852
v 0.000000 -2.682362 3.931852
v 11.500000 -2.682362 3.931852
v -11.500000 -3.717638 3.931852
v 0.000000 -3.717638 3.931852
v 11.500000 -3.717638 3.931852
v -11.500000 -4.200000 3.732051
v 0.000000 -4.200000 3.732051
v 11.500000 -4.200000 3.732051
v -11.500000 -4.614214 3.414214
v 0.000000 -4.614214 3.414214
v 11.500000 -4.614214 3.414214
v -11.500000 -4.932051 3.000000
v 0.000000 -4.932051 3.000000
v 11.500000 -4.932051 3.000000
v -11.500000 -5.131852 2.517638
v 0.000000 -5.131852 2.517638
v 11.500000 -5.131852 2.517638
v -11.500000 -5.200000 2.000000
v 0.000000 -5.200000 2.000000
v 11.500000 -5.200000 2.000000
v -11.500000 -5.131852 1.482362
v 0.000000 -5.131852 1.482362
v 11.500000 -5.131852 1.482362
v -11.500000 -4.932051 1.000000
v 0.000000 -4.932051 1.000000
v 11.500000 -4.932051 1.000000
v -11.500000 -4.614214 0.585786
v 0.000000 -4.614214 0.585786
v 11.500000 -4.614214 0.585786
v -11.500000 -4.200000 0.267949
v 0.000000 -4.200000 0.267949
v 11.500000 -4.200000 0.267949
v -11.500000 -3.717638 0.068148
v 0.000000 -3.717638 0.068148
v 11.500000 -3.717638 0.068148
vt 23.000000 0.523599 0.000000
vt 11.500000 0.523599 0.000000
vt 23.000000 0.000000 0.000000
vt 11.500000 0.000000 0.000000
vt 23.000000 -0.523599 0.000000
vt 11.500000 -0.523599 0.000000
vt 23.000000 -1.047198 0.000000
vt 11.500000 -1.047198 0.000000
vt 23.000000 -1.570796 0.000000
vt 11.500000 -1.570796 0.000000
vt 23.000000 -2.094395 0.000000
vt 11.500000 -2.094395 0.000000
vt 23.000000 -2.617994 0.000000
vt 11.500000 -2.617994 0.000000
vt 23.000000 -3.141593 0.000000
vt 11.500000 -3.141593 0.000000
vt 23.000000 -3.665191 0.000000
vt 11.500000 -3.665191 0.000000
vt 23.000000 -4.188790 0.000000
vt 11.500000 -4.188790 0.000000
vt 23.000000 -4.712389 0.000000
vt 11.500000 -4.712389 0.000000
vt 23.000000 -5.235988 0.000000
vt 11.500000 -5.235988 0.000000
vt 23.000000 -5.759587 0.000000
vt 11.500000 -5.759587 0.000000
vt 23.000000 -6.283185 0.000000
vt 11.500000 -6.283185 0.000000
vt 23.000000 6.283185 0.000000
vt 11.500000 6.283185 0.000000
vt 23.000000 5.759587 0.000000
vt 11.500000 5.759587 0.000000
vt 23.000000 5.235988 0.000000
vt 11.500000 5.235988 0.000000
vt 23.000000 4.712389 0.000000
vt 11.500000 4.712389 0.000000
vt 23.000000 4.188790 0.000000
vt 11.500000 4.188790 0.000000
vt 23.000000 3.665191 0.000000
vt 11.500000 3.665191 0.000000
vt 23.000000 3.141593 0.000000
vt 11.500000 3.141593 0.000000
vt 23.000000 2.617994 0.000000
vt 11.500000 2.617994 0.000000
vt 23.000000 2.094395 0.000000
vt 11.500000 2.094395 0.000000
vt 23.000000 1.570796 0.000000
vt 11.500000 1.570796 0.000000
vt 23.000000 1.047198 0.000000
vt 11.500000 1.047198 0.000000
vt -23.000000 -0.523599 0.000000
vt -11.500000 -0.523599 0.000000
vt -23.000000 0.000000 0.000000
vt -11.500000 0.000000 0.000000
vt -23.000000 0.523599 0.000000
vt -11.500000 0.523599 0.000000
vt -23.000000 1.047198 0.000000
vt -11.500000 1.047198 0.000000
vt -23.000000 1.570796 0.000000
vt -11.500000 1.570796 0.000000
vt -23.000000 2.094395 0.000000
vt -11.500000 2.094395 0.000000
vt -23.000000 2.617994 0.000000
vt -11.500000 2.617994 0.000000
vt -23.000000 3.141593 0.000000
vt -11.500000 3.141593 0.000000
vt -23.000000 3.665191 0.000000
vt -11.500000 3.665191 0.000000
vt -23.000000 4.188790 0.000000
vt -11.500000 4.188790 0.000000
vt -23.000000 4.712389 0.000000
vt -11.500000 4.712389 0.000000
vt -23.000000 5.235988 0.000000
vt -11.500000 5.235988 0.000000
vt -23.000000 5.759587 0.000000
vt -11.500000 5.759587 0.000000
vt -23.000000 6.283185 0.000000
vt -11.500000 6.283185 0.000000
vt -23.000000 -6.283185 0.000000
vt -11.500000 -6.283185 0.000000
vt -23.000000 -5.759587 0.000000
vt -11.500000 -5.759587 0.000000
vt -23.000000 -5.235988 0.000000
vt -11.500000 -5.235988 0.000000
vt -23.000000 -4.712389 0.000000
vt -11.500000 -4.712389 0.000000
vt -23.000000 -4.188790 0.000000
vt -11.500000 -4.188790 0.000000
vt -23.000000 -3.665191 0.000000
vt -11.500000 -3.665191 0.000000
vt -23.000000 -3.141593 0.000000
vt -11.500000 -3.141593 0.000000
vt -23.000000 -2.617994 0.000000
vt -11.500000 -2.617994 0.000000
vt -23.000000 -2.094395 0.000000
vt -11.500000 -2.094395 0.000000
vt -23.000000 -1.570796 0.000000
vt -11.500000 -1.570796 0.000000
vt -23.000000 -1.047198 0.000000
vt -11.500000 -1.047198 0.000000
vt 0.000000 6.283185 0.000000
vt 0.000000 5.759587 0.000000
vt 0.000000 5.235988 0.000000
vt 0.000000 4.712389 0.000000
vt 0.000000 4.188790 0.000000
vt 0.000000 3.665191 0.000000
vt 0.000000 3.141593 0.000000
vt 0.000000 2.617994 0.000000
vt 0.000000 2.094395 0.000000
vt 0.000000 1.570796 0.000000
vt 0.000000 1.047198 0.000000
vt 0.000000 0.523599 0.000000
vt 0.000000 0.000000 0.000000
vt 0.000000 -0.523599 0.000000
vt 0.000000 -1.047198 0.000000
vt 0.000000 -1.570796 0.000000
vt 0.000000 -2.094395 0.000000
vt 0.000000 -2.617994 0.000000
vt 0.000000 -3.141593 0.000000
vt 0.000000 -3.665191 0.000000
vt 0.000000 -4.188790 0.000000
vt 0.000000 -4.712389 0.000000
vt 0.000000 -5.235988 0.000000
vt 0.000000 -5.759587 0.000000
vt 0.000000 -6.283185 0.000000
vt -1.931852 -0.517638 0.000000
vt 1.931852 -0.517638 0.000000
vt -2.000000 0.000000 0.000000
vt 2.000000 -0.000000 0.000000
vt -1.931852 0.517638 0.000000
vt 1.931852 0.517638 0.000000
vt -1.732051 1.000000 0.000000
vt 1.732051 1.000000 0.000000
vt -1.414214 1.414214 0.000000
vt 1.414214 1.414214 0.000000
vt -1.000000 1.732051 0.000000
vt 1.000000 1.732051 0.000000
vt -0.517638 1.931852 0.000000
vt 0.517638 1.931852 0.000000
vt 0.000000 2.000000 0.000000
vt 1.732051 -1.000000 0.000000
vt -1.732051 -1.000000 0.000000
vt 1.414214 -1.414214 0.000000
vt -1.414214 -1.414214 0.000000
vt 1.000000 -1.732051 0.000000
vt -1.000000 -1.732051 0.000000
vt 0.517638 -1.931852 0.000000
vt -0.517638 -1.931852 0.000000
vt -0.000000 -2.000000 0.000000
vt 1.931852 0.517638 0.000000
vt -1.931852 0.517638 0.000000
vt 2.000000 0.000000 0.000000
vt -2.000000 0.000000 0.000000
vt 1.931852 -0.517638 0.000000
vt -1.931852 -0.517638 0.000000
vt 1.732051 -1.000000 0.000000
vt -1.732051 -1.000000 0.000000
vt 1.414214 -1.414214 0.000000
vt -1.414214 -1.414214 0.000000
vt 1.000000 -1.732051 0.000000
vt -1.000000 -1.732051 0.000000
vt 0.517638 -1.931852 0.000000
vt -0.517638 -1.931852 0.000000
vt -0.000000 -2.000000 0.000000
vt -1.732051 1.000000 0.000000
vt 1.732051 1.000000 0.000000
vt -1.414214 1.414214 0.000000
vt 1.414214 1.414214 0.000000
vt -1.000000 1.732051 0.000000
vt 1.000000 1.732051 0.000000
vt -0.517638 1.931852 0.000000
vt 0.517638 1.931852 0.000000
vt 0.000000 2.000000 0.000000
vn -0.000000 0.258819 -0.965926
vn -0.000000 0.258819 -0.965926
vn -0.000000 0.000000 -1.000000
vn -0.000000 0.000000 -1.000000
vn 0.000000 -0.258819 -0.965926
vn 0.000000 -0.258819 -0.965926
vn 0.000000 -0.500000 -0.866025
vn 0.000000 -0.500000 -0.866025
vn 0.000000 -0.707107 -0.707107
vn 0.000000 -0.707107 -0.707107
vn 0.000000 -0.866025 -0.500000
vn 0.000000 -0.866025 -0.500000
vn 0.000000 -0.965926 -0.258819
vn 0.000000 -0.965926 -0.258819
vn 0.000000 -1.000000 -0.000000
vn 0.000000 -1.000000 -0.000000
vn -0.000000 -0.965926 0.258819
vn -0.000000 -0.965926 0.258819
vn -0.000000 -0.866025 0.500000
vn -0.000000 -0.866025 0.500000
vn -0.000000 -0.707107 0.707107
vn -0.000000 -0.707107 0.707107
vn -0.000000 -0.500000 0.866025
vn -0.000000 -0.500000 0.866025
vn -0.000000 -0.258819 0.965926
vn -0.000000 -0.258819 0.965926
vn -0.000000 -0.000000 1.000000
vn -0.000000 -0.000000 1.000000
vn -0.000000 0.258819 0.965926
vn -0.000000 0.258819 0.965926
vn -0.000000 0.500000 0.866025
vn -0.000000 0.500000 0.866025
vn -0.000000 0.707107 0.707107
vn -0.000000 0.707107 0.707107
vn -0.000000 0.866025 0.500000
vn -0.000000 0.866025 0.500000
vn -0.000000 0.965926 0.258819
vn -0.000000 0.965926 0.258819
vn -0.000000 1.000000 0.000000
vn -0.000000 1.000000 0.000000
vn -0.000000 0.965926 -0.258819
vn -0.000000 0.965926 -0.258819
vn -0.000000 0.866025 -0.500000
vn -0.000000 0.866025 -0.500000
vn -0.000000 0.707107 -0.707107
vn -0.000000 0.707107 -0.707107
vn -0.000000 0.500000 -0.866025
vn -0.000000 0.500000 -0.866025
vn 0.000000 -0.258819 -0.965926
vn 0.000000 -0.258819 -0.965926
vn -0.000000 0.000000 -1.000000
vn -0.000000 0.000000 -1.000000
vn -0.000000 0.258819 -0.965926
vn -0.000000 0.258819 -0.965926
vn -0.000000 0.500000 -0.866025
vn -0.000000 0.500000 -0.866025
vn -0.000000 0.707107 -0.707107
vn -0.000000 0.707107 -0.707107
vn -0.000000 0.866025 -0.500000
vn -0.000000 0.866025 -0.500000
vn -0.000000 0.965926 -0.258819
vn -0.000000 0.965926 -0.258819
vn -0.000000 1.000000 -0.000000
vn -0.000000 1.000000 -0.000000
vn -0.000000 0.965926 0.258819
vn -0.000000 0.965926 0.258819
vn -0.000000 0.866025 0.500000
vn -0.000000 0.866025 0.500000
vn -0.000000 0.707107 0.707107
vn -0.000000 0.707107 0.707107
vn -0.000000 0.500000 0.866025
vn -0.000000 0.500000 0.866025
vn -0.000000 0.258819 0.965926
vn -0.000000 0.258819 0.965926
vn -0.000000 0.000000 1.000000
vn -0.000000 0.000000 1.000000
vn -0.000000 -0.258819 0.965926
vn -0.000000 -0.258819 0.965926
vn -0.000000 -0.500000 0.866025
vn -0.000000 -0.500000 0.866025
vn -0.000000 -0.707107 0.707107
vn -0.000000 -0.707107 0.707107
vn -0.000000 -0.866025 0.500000
vn -0.000000 -0.866025 0.500000
vn -0.000000 -0.965926 0.258819
vn -0.000000 -0.965926 0.258819
vn -0.000000 -1.000000 0.000000
vn 0.000000 -1.000000 -0.000000
vn 0.000000 -0.965926 -0.258819
vn 0.000000 -0.965926 -0.258819
vn 0.000000 -0.866025 -0.500000
vn 0.000000 -0.866025 -0.500000
vn 0.000000 -0.707107 -0.707107
vn 0.000000 -0.707107 -0.707107
vn 0.000000 -0.500000 -0.866025
vn 0.000000 -0.500000 -0.866025
vn -0.000000 0.000000 1.000000
vn -0.000000 0.258819 0.965926
vn -0.000000 0.500000 0.866025
vn -0.000000 0.707107 0.707107
vn -0.000000 0.866025 0.500000
vn -0.000000 0.965926 0.258819
vn -0.000000 1.000000 0.000000
vn -0.000000 0.965926 -0.258819
vn -0.000000 0.866025 -0.500000
vn -0.000000 0.707107 -0.707107
vn -0.000000 0.500000 -0.866025
vn -0.000000 0.258819 -0.965926
vn -0.000000 0.000000 -1.000000
vn 0.000000 -0.258819 -0.965926
vn 0.000000 -0.500000 -0.866025
vn 0.000000 -0.707107 -0.707107
vn 0.000000 -0.866025 -0.500000
vn 0.000000 -0.965926 -0.258819
vn 0.000000 -1.000000 -0.000000
vn -0.000000 -0.965926 0.258819
vn -0.000000 -0.866025 0.500000
vn -0.000000 -0.707107 0.707107
vn -0.000000 -0.500000 0.866025
vn -0.000000 -0.258819 0.965926
vn -1.000000 0.000000 0.000000
vn -1.000000 0.000000 0.000000
vn -1.000000 0.000000 0.000000
vn -1.000000 0.000000 0.000000
vn -1.000000 0.000000 0.000000
vn -1.000000 0.000000 0.000000
vn -1.000000 0.000000 0.000000
vn -1.000000 0.000000 0.000000
vn -1.000000 0.000000 0.000000
vn -1.000000 0.000000 0.000000
vn -1.000000 0.000000 0.000000
vn -1.000000 0.000000 0.000000
vn -1.000000 0.000000 0.000000
vn -1.000000 0.000000 0.000000
vn -1.000000 0.000000 0.000000
vn -1.000000 0.000000 0.000000
vn -1.000000 0.000000 0.000000
vn -1.000000 0.000000 0.000000
vn -1.000000 0.000000 0.000000
vn -1.000000 0.000000 0.000000
vn -1.000000 0.000000 0.000000
vn -1.000000 0.000000 0.000000
vn -1.000000 0.000000 0.000000
vn -1.000000 0.000000 0.000000
vn 1.000000 0.000000 0.000000
vn 1.000000 0.000000 0.000000
vn 1.000000 0.000000 0.000000
vn 1.000000 0.000000 0.000000
vn 1.000000 0.000000 0.000000
vn 1.000000 0.000000 0.000000
vn 1.000000 0.000000 0.000000
vn 1.000000 0.000000 0.000000
vn 1.000000 0.000000 0.000000
vn 1.000000 0.000000 0.000000
vn 1.000000 0.000000 0.000000
vn 1.000000 0.000000 0.000000
vn 1.000000 0.000000 0.000000
vn 1.000000 0.000000 0.000000
vn 1.000000 0.000000 0.000000
vn 1.000000 0.000000 0.000000
vn 1.000000 0.000000 0.000000
vn 1.000000 0.000000 0.000000
vn 1.000000 0.000000 0.000000
vn 1.000000 0.000000 0.000000
vn 1.000000 0.000000 0.000000
vn 1.000000 0.000000 0.000000
vn 1.000000 0.000000 0.000000
vn 1.000000 0.000000 0.000000
f 1874/2335/2257 1924/2336/2258 1873/2337/2259
f 1873/2337/2259 1924/2336/2258 1929/2338/2260
f 1873/2337/2259 1929/2338/2260 1896/2339/2261
f 1896/2339/2261 1929/2338/2260 1990/2340/2262
f 1896/2339/2261 1990/2340/2262 1895/2341/2263
f 1895/2341/2263 1990/2340/2262 1987/2342/2264
f 1895/2341/2263 1987/2342/2264 1894/2343/2265
f 1894/2343/2265 1987/2342/2264 1984/2344/2266
f 1894/2343/2265 1984/2344/2266 1893/2345/2267
f 1893/2345/2267 1984/2344/2266 1981/2346/2268
f 1893/2345/2267 1981/2346/2268 1892/2347/2269
f 1892/2347/2269 1981/2346/2268 1978/2348/2270
f 1892/2347/2269 1978/2348/2270 1891/2349/2271
f 1891/2349/2271 1978/2348/2270 1975/2350/2272
f 1891/2349/2271 1975/2350/2272 1890/2351/2273
f 1890/2351/2273 1975/2350/2272 1972/2352/2274
f 1890/2351/2273 1972/2352/2274 1889/2353/2275
f 1889/2353/2275 1972/2352/2274 1969/2354/2276
f 1889/2353/2275 1969/2354/2276 1888/2355/2277
f 1888/2355/2277 1969/2354/2276 1966/2356/2278
f 1888/2355/2277 1966/2356/2278 1887/2357/2279
f 1887/2357/2279 1966/2356/2278 1963/2358/2280
f 1887/2357/2279 1963/2358/2280 1886/2359/2281
f 1886/2359/2281 1963/2358/2280 1960/2360/2282
f 1886/2359/2281 1960/2360/2282 1885/2361/2283
f 1885/2361/2283 1960/2360/2282 1921/2362/2284
f 1885/2363/2283 1921/2364/2284 1884/2365/2285
f 1884/2365/2285 1921/2364/2284 1957/2366/2286
f 1884/2365/2285 1957/2366/2286 1883/2367/2287
f 1883/2367/2287 1957/2366/2286 1954/2368/2288
f 1883/2367/2287 1954/2368/2288 1882/2369/2289
f 1882/2369/2289 1954/2368/2288 1951/2370/2290
f 1882/2369/2289 1951/2370/2290 1881/2371/2291
f 1881/2371/2291 1951/2370/2290 1948/2372/2292
f 1881/2371/2291 1948/2372/2292 1880/2373/2293
f 1880/2373/2293 1948/2372/2292 1945/2374/2294
f 1880/2373/2293 1945/2374/2294 1879/2375/2295
f 1879/2375/2295 1945/2374/2294 1942/2376/2296
f 1879/2375/2295 1942/2376/2296 1878/2377/2297
f 1878/2377/2297 1942/2376/2296 1939/2378/2298
f 1878/2377/2297 1939/2378/2298 1877/2379/2299
f 1877/2379/2299 1939/2378/2298 1936/2380/2300
f 1877/2379/2299 1936/2380/2300 1876/2381/2301
f 1876/2381/2301 1936/2380/2300 1933/2382/2302
f 1876/2381/2301 1933/2382/2302 1875/2383/2303
f 1875/2383/2303 1933/2382/2302 1930/2384/2304
f 1875/2383/2303 1930/2384/2304 1874/2335/2257
f 1874/2335/2257 1930/2384/2304 1924/2336/2258
f 1898/2385/2305 1992/2386/2306 1897/2387/2307
f 1897/2387/2307 1992/2386/2306 1927/2388/2308
f 1897/2387/2307 1927/2388/2308 1920/2389/2309
f 1920/2389/2309 1927/2388/2308 1926/2390/2310
f 1920/2389/2309 1926/2390/2310 1919/2391/2311
f 1919/2391/2311 1926/2390/2310 1932/2392/2312
f 1919/2391/2311 1932/2392/2312 1918/2393/2313
f 1918/2393/2313 1932/2392/2312 1935/2394/2314
f 1918/2393/2313 1935/2394/2314 1917/2395/2315
f 1917/2395/2315 1935/2394/2314 1938/2396/2316
f 1917/2395/2315 1938/2396/2316 1916/2397/2317
f 1916/2397/2317 1938/2396/2316 1941/2398/2318
f 1916/2397/2317 1941/2398/2318 1915/2399/2319
f 1915/2399/2319 1941/2398/2318 1944/2400/2320
f 1915/2399/2319 1944/2400/2320 1914/2401/2321
f 1914/2401/2321 1944/2400/2320 1947/2402/2322
f 1914/2401/2321 1947/2402/2322 1913/2403/2323
f 1913/2403/2323 1947/2402/2322 1950/2404/2324
f 1913/2403/2323 1950/2404/2324 1912/2405/2325
f 1912/2405/2325 1950/2404/2324 1953/2406/2326
f 1912/2405/2325 1953/2406/2326 1911/2407/2327
f 1911/2407/2327 1953/2406/2326 1956/2408/2328
f 1911/2407/2327 1956/2408/2328 1910/2409/2329
f 1910/2409/2329 1956/2408/2328 1959/2410/2330
f 1910/2409/2329 1959/2410/2330 1909/2411/2331
f 1909/2411/2331 1959/2410/2330 1923/2412/2332
f 1909/2413/2331 1923/2414/2332 1908/2415/2333
f 1908/2415/2333 1923/2414/2332 1962/2416/2334
f 1908/2415/2333 1962/2416/2334 1907/2417/2335
f 1907/2417/2335 1962/2416/2334 1965/2418/2336
f 1907/2417/2335 1965/2418/2336 1906/2419/2337
f 1906/2419/2337 1965/2418/2336 1968/2420/2338
f 1906/2419/2337 1968/2420/2338 1905/2421/2339
f 1905/2421/2339 1968/2420/2338 1971/2422/2340
f 1905/2421/2339 1971/2422/2340 1904/2423/2341
f 1904/2423/2341 1971/2422/2340 1974/2424/2342
f 1904/2423/2341 1974/2424/2342 1903/2425/2343
f 1903/2425/2343 1974/2424/2342 1977/2426/2344
f 1903/2425/2343 1977/2426/2344 1902/2427/2345
f 1902/2427/2345 1977/2426/2344 1980/2428/2346
f 1902/2427/2345 1980/2428/2346 1901/2429/2347
f 1901/2429/2347 1980/2428/2346 1983/2430/2348
f 1901/2429/2347 1983/2430/2348 1900/2431/2349
f 1900/2431/2349 1983/2430/2348 1986/2432/2350
f 1900/2431/2349 1986/2432/2350 1899/2433/2351
f 1899/2433/2351 1986/2432/2350 1989/2434/2352
f 1899/2433/2351 1989/2434/2352 1898/2385/2305
f 1898/2385/2305 1989/2434/2352 1992/2386/2306
f 1921/2364/2284 1922/2435/2353 1957/2366/2286
f 1957/2366/2286 1922/2435/2353 1958/2436/2354
f 1957/2366/2286 1958/2436/2354 1954/2368/2288
f 1954/2368/2288 1958/2436/2354 1955/2437/2355
f 1954/2368/2288 1955/2437/2355 1951/2370/2290
f 1951/2370/2290 1955/2437/2355 1952/2438/2356
f 1951/2370/2290 1952/2438/2356 1948/2372/2292
f 1948/2372/2292 1952/2438/2356 1949/2439/2357
f 1948/2372/2292 1949/2439/2357 1945/2374/2294
f 1945/2374/2294 1949/2439/2357 1946/2440/2358
f 1945/2374/2294 1946/2440/2358 1942/2376/2296
f 1942/2376/2296 1946/2440/2358 1943/2441/2359
f 1942/2376/2296 1943/2441/2359 1939/2378/2298
f 1939/2378/2298 1943/2441/2359 1940/2442/2360
f 1939/2378/2298 1940/2442/2360 1936/2380/2300
f 1936/2380/2300 1940/2442/2360 1937/2443/2361
f 1936/2380/2300 1937/2443/2361 1933/2382/2302
f 1933/2382/2302 1937/2443/2361 1934/2444/2362
f 1933/2382/2302 1934/2444/2362 1930/2384/2304
f 1930/2384/2304 1934/2444/2362 1931/2445/2363
f 1930/2384/2304 1931/2445/2363 1924/2336/2258
f 1924/2336/2258 1931/2445/2363 1925/2446/2364
f 1924/2336/2258 1925/2446/2364 1929/2338/2260
f 1929/2338/2260 1925/2446/2364 1928/2447/2365
f 1929/2338/2260 1928/2447/2365 1990/2340/2262
f 1990/2340/2262 1928/2447/2365 1991/2448/2366
f 1990/2340/2262 1991/2448/2366 1987/2342/2264
f 1987/2342/2264 1991/2448/2366 1988/2449/2367
f 1987/2342/2264 1988/2449/2367 1984/2344/2266
f 1984/2344/2266 1988/2449/2367 1985/2450/2368
f 1984/2344/2266 1985/2450/2368 1981/2346/2268
f 1981/2346/2268 1985/2450/2368 1982/2451/2369
f 1981/2346/2268 1982/2451/2369 1978/2348/2270
f 1978/2348/2270 1982/2451/2369 1979/2452/2370
f 1978/2348/2270 1979/2452/2370 1975/2350/2272
f 1975/2350/2272 1979/2452/2370 1976/2453/2371
f 1975/2350/2272 1976/2453/2371 1972/2352/2274
f 1972/2352/2274 1976/2453/2371 1973/2454/2372
f 1972/2352/2274 1973/2454/2372 1969/2354/2276
f 1969/2354/2276 1973/2454/2372 1970/2455/2373
f 1969/2354/2276 1970/2455/2373 1966/2356/2278
f 1966/2356/2278 1970/2455/2373 1967/2456/2374
f 1966/2356/2278 1967/2456/2374 1963/2358/2280
f 1963/2358/2280 1967/2456/2374 1964/2457/2375
f 1963/2358/2280 1964/2457/2375 1960/2360/2282
f 1960/2360/2282 1964/2457/2375 1961/2458/2376
f 1960/2360/2282 1961/2458/2376 1921/2362/2284
f 1921/2362/2284 1961/2458/2376 1922/2459/2353
f 1922/2435/2353 1923/2412/2332 1958/2436/2354
f 1958/2436/2354 1923/2412/2332 1959/2410/2330
f 1958/2436/2354 1959/2410/2330 1955/2437/2355
f 1955/2437/2355 1959/2410/2330 1956/2408/2328
f 1955/2437/2355 1956/2408/2328 1952/2438/2356
f 1952/2438/2356 1956/2408/2328 1953/2406/2326
f 1952/2438/2356 1953/2406/2326 1949/2439/2357
f 1949/2439/2357 1953/2406/2326 1950/2404/2324
f 1949/2439/2357 1950/2404/2324 1946/2440/2358
f 1946/2440/2358 1950/2404/2324 1947/2402/2322
f 1946/2440/2358 1947/2402/2322 1943/2441/2359
f 1943/2441/2359 1947/2402/2322 1944/2400/2320
f 1943/2441/2359 1944/2400/2320 1940/2442/2360
f 1940/2442/2360 1944/2400/2320 1941/2398/2318
f 1940/2442/2360 1941/2398/2318 1937/2443/2361
f 1937/2443/2361 1941/2398/2318 1938/2396/2316
f 1937/2443/2361 1938/2396/2316 1934/2444/2362
f 1934/2444/2362 1938/2396/2316 1935/2394/2314
f 1934/2444/2362 1935/2394/2314 1931/2445/2363
f 1931/2445/2363 1935/2394/2314 1932/2392/2312
f 1931/2445/2363 1932/2392/2312 1925/2446/2364
f 1925/2446/2364 1932/2392/2312 1926/2390/2310
f 1925/2446/2364 1926/2390/2310 1928/2447/2365
f 1928/2447/2365 1926/2390/2310 1927/2388/2308
f 1928/2447/2365 1927/2388/2308 1991/2448/2366
f 1991/2448/2366 1927/2388/2308 1992/2386/2306
f 1991/2448/2366 1992/2386/2306 1988/2449/2367
f 1988/2449/2367 1992/2386/2306 1989/2434/2352
f 1988/2449/2367 1989/2434/2352 1985/2450/2368
f 1985/2450/2368 1989/2434/2352 1986/2432/2350
f 1985/2450/2368 1986/2432/2350 1982/2451/2369
f 1982/2451/2369 1986/2432/2350 1983/2430/2348
f 1982/2451/2369 1983/2430/2348 1979/2452/2370
f 1979/2452/2370 1983/2430/2348 1980/2428/2346
f 1979/2452/2370 1980/2428/2346 1976/2453/2371
f 1976/2453/2371 1980/2428/2346 1977/2426/2344
f 1976/2453/2371 1977/2426/2344 1973/2454/2372
f 1973/2454/2372 1977/2426/2344 1974/2424/2342
f 1973/2454/2372 1974/2424/2342 1970/2455/2373
f 1970/2455/2373 1974/2424/2342 1971/2422/2340
f 1970/2455/2373 1971/2422/2340 1967/2456/2374
f 1967/2456/2374 1971/2422/2340 1968/2420/2338
f 1967/2456/2374 1968/2420/2338 1964/2457/2375
f 1964/2457/2375 1968/2420/2338 1965/2418/2336
f 1964/2457/2375 1965/2418/2336 1961/2458/2376
f 1961/2458/2376 1965/2418/2336 1962/2416/2334
f 1961/2458/2376 1962/2416/2334 1922/2459/2353
f 1922/2459/2353 1962/2416/2334 1923/2414/2332
f 1896/2460/2377 1886/2461/2378 1873/2462/2379
f 1873/2462/2379 1886/2461/2378 1885/2463/2380
f 1873/2462/2379 1885/2463/2380 1874/2464/2381
f 1874/2464/2381 1885/2463/2380 1884/2465/2382
f 1874/2464/2381 1884/2465/2382 1875/2466/2383
f 1875/2466/2383 1884/2465/2382 1883/2467/2384
f 1875/2466/2383 1883/2467/2384 1876/2468/2385
f 1876/2468/2385 1883/2467/2384 1882/2469/2386
f 1876/2468/2385 1882/2469/2386 1877/2470/2387
f 1877/2470/2387 1882/2469/2386 1881/2471/2388
f 1877/2470/2387 1881/2471/2388 1878/2472/2389
f 1878/2472/2389 1881/2471/2388 1880/2473/2390
f 1878/2472/2389 1880/2473/2390 1879/2474/2391
f 1886/2461/2378 1896/2460/2377 1887/2475/2392
f 1887/2475/2392 1896/2460/2377 1895/2476/2393
f 1887/2475/2392 1895/2476/2393 1888/2477/2394
f 1888/2477/2394 1895/2476/2393 1894/2478/2395
f 1888/2477/2394 1894/2478/2395 1889/2479/2396
f 1889/2479/2396 1894/2478/2395 1893/2480/2397
f 1889/2479/2396 1893/2480/2397 1890/2481/2398
f 1890/2481/2398 1893/2480/2397 1892/2482/2399
f 1890/2481/2398 1892/2482/2399 1891/2483/2400
f 1920/2484/2401 1910/2485/2402 1897/2486/2403
f 1897/2486/2403 1910/2485/2402 1909/2487/2404
f 1897/2486/2403 1909/2487/2404 1898/2488/2405
f 1898/2488/2405 1909/2487/2404 1908/2489/2406
f 1898/2488/2405 1908/2489/2406 1899/2490/2407
f 1899/2490/2407 1908/2489/2406 1907/2491/2408
f 1899/2490/2407 1907/2491/2408 1900/2492/2409
f 1900/2492/2409 1907/2491/2408 1906/2493/2410
f 1900/2492/2409 1906/2493/2410 1901/2494/2411
f 1901/2494/2411 1906/2493/2410 1905/2495/2412
f 1901/2494/2411 1905/2495/2412 1902/2496/2413
f 1902/2496/2413 1905/2495/2412 1904/2497/2414
f 1902/2496/2413 1904/2497/2414 1903/2498/2415
f 1910/2485/2402 1920/2484/2401 1911/2499/2416
f 1911/2499/2416 1920/2484/2401 1919/2500/2417
f 1911/2499/2416 1919/2500/2417 1912/2501/2418
f 1912/2501/2418 1919/2500/2417 1918/2502/2419
f 1912/2501/2418 1918/2502/2419 1913/2503/2420
f 1913/2503/2420 1918/2502/2419 1917/2504/2421
f 1913/2503/2420 1917/2504/2421 1914/2505/2422
f 1914/2505/2422 1917/2504/2421 1916/2506/2423
f 1914/2505/2422 1916/2506/2423 1915/2507/2424
g Panel_Body

v 16.000000 -2.000000 111.000000
v 16.000000 2.000000 111.000000
v 5.333333 2.000000 111.000000
v -5.333333 2.000000 111.000000
v -16.000000 2.000000 111.000000
v -16.000000 -2.000000 111.000000
v -5.333333 -2.000000 111.000000
v 5.333333 -2.000000 111.000000
v 16.000000 2.000000 79.000000
v 16.000000 -2.000000 79.000000
v 5.333333 -2.000000 79.000000
v -5.333333 -2.000000 79.000000
v -16.000000 -2.000000 79.000000
v -16.000000 2.000000 79.000000
v -5.333333 2.000000 79.000000
v 5.333333 2.000000 79.000000
v -16.000000 -2.000000 100.333333
v -16.000000 -2.000000 89.666667
v 16.000000 -2.000000 89.666667
v 16.000000 -2.000000 100.333333
v -5.333333 -2.000000 89.666667
v -5.333333 -2.000000 100.333333
v 5.333333 -2.000000 89.666667
v 5.333333 -2.000000 100.333333
v -16.000000 2.000000 100.333333
v -16.000000 2.000000 89.666667
v 16.000000 2.000000 100.333333
v 16.000000 2.000000 89.666667
v 5.333333 2.000000 89.666667
v 5.333333 2.000000 100.333333
v -5.333333 2.000000 89.666667
v -5.333333 2.000000 100.333333
vt 16.000000 2.000000 0.000000
vt 5.333333 2.000000 0.000000
vt 16.000000 -2.000000 0.000000
vt 5.333333 -2.000000 0.000000
vt -5.333333 2.000000 0.000000
vt -5.333333 -2.000000 0.000000
vt -16.000000 2.000000 0.000000
vt -16.000000 -2.000000 0.000000
vt -16.000000 -2.000000 0.000000
vt -5.333333 -2.000000 0.000000
vt -16.000000 2.000000 0.000000
vt -5.333333 2.000000 0.000000
vt 5.333333 -2.000000 0.000000
vt 5.333333 2.000000 0.000000
vt 16.000000 -2.000000 0.000000
vt 16.000000 2.000000 0.000000
vt -16.000000 -16.000000 0.000000
vt -5.333333 -16.000000 0.000000
vt -16.000000 -5.333333 0.000000
vt -5.333333 -5.333333 0.000000
vt -16.000000 5.333333 0.000000
vt -5.333333 5.333333 0.000000
vt -16.000000 16.000000 0.000000
vt -5.333333 16.000000 0.000000
vt 5.333333 5.333333 0.000000
vt 5.333333 16.000000 0.000000
vt 16.000000 5.333333 0.000000
vt 16.000000 16.000000 0.000000
vt 5.333333 -16.000000 0.000000
vt 5.333333 -5.333333 0.000000
vt 16.000000 -16.000000 0.000000
vt 16.000000 -5.333333 0.000000
vt 16.000000 2.000000 0.000000
vt 5.333333 2.000000 0.000000
vt 16.000000 -2.000000 0.000000
vt 5.333333 -2.000000 0.000000
vt -5.333333 2.000000 0.000000
vt -5.333333 -2.000000 0.000000
vt -16.000000 2.000000 0.000000
vt -16.000000 -2.000000 0.000000
vt 16.000000 16.000000 0.000000
vt 5.333333 16.000000 0.000000
vt 16.000000 5.333333 0.000000
vt 5.333333 5.333333 0.000000
vt 16.000000 -5.333333 0.000000
vt 5.333333 -5.333333 0.000000
vt 16.000000 -16.000000 0.000000
vt 5.333333 -16.000000 0.000000
vt -5.333333 -5.333333 0.000000
vt -5.333333 -16.000000 0.000000
vt -16.000000 -5.333333 0.000000
vt -16.000000 -16.000000 0.000000
vt -5.333333 16.000000 0.000000
vt -5.333333 5.333333 0.000000
vt -16.000000 16.000000 0.000000
vt -16.000000 5.333333 0.000000
vt -16.000000 -2.000000 0.000000
vt -5.333333 -2.000000 0.000000
vt -16.000000 2.000000 0.000000
vt -5.333333 2.000000 0.000000
vt 5.333333 -2.000000 0.000000
vt 5.333333 2.000000 0.000000
vt 16.000000 -2.000000 0.000000
vt 16.000000 2.000000 0.000000
vn 0.000000 0.000000 1.000000
vn 0.000000 0.000000 1.000000
vn 0.000000 0.000000 1.000000
vn 0.000000 0.000000 1.000000
vn 0.000000 0.000000 1.000000
vn 0.000000 0.000000 1.000000
vn 0.000000 0.000000 1.000000
vn 0.000000 0.000000 1.000000
vn -0.000000 -0.000000 -1.000000
vn -0.000000 -0.000000 -1.000000
vn -0.000000 -0.000000 -1.000000
vn -0.000000 -0.000000 -1.000000
vn -0.000000 -0.000000 -1.000000
vn -0.000000 -0.000000 -1.000000
vn -0.000000 -0.000000 -1.000000
vn -0.000000 -0.000000 -1.000000
vn -0.000000 -1.000000 -0.000000
vn -0.000000 -1.000000 -0.000000
vn -0.000000 -1.000000 -0.000000
vn -0.000000 -1.000000 -0.000000
vn -0.000000 -1.000000 -0.000000
vn -0.000000 -1.000000 -0.000000
vn -0.000000 -1.000000 -0.000000
vn -0.000000 -1.000000 -0.000000
vn -0.000000 -1.000000 -0.000000
vn -0.000000 -1.000000 -0.000000
vn -0.000000 -1.000000 -0.000000
vn -0.000000 -1.000000 -0.000000
vn -0.000000 -1.000000 -0.000000
vn -0.000000 -1.000000 -0.000000
vn -0.000000 -1.000000 -0.000000
vn -0.000000 -1.000000 -0.000000
vn -1.000000 -0.000000 -0.000000
vn -1.000000 -0.000000 -0.000000
vn -1.000000 -0.000000 -0.000000
vn -1.000000 -0.000000 -0.000000
vn -1.000000 -0.000000 -0.000000
vn -1.000000 -0.000000 -0.000000
vn -1.000000 -0.000000 -0.000000
vn -1.000000 -0.000000 -0.000000
vn -0.000000 1.000000 -0.000000
vn -0.000000 1.000000 -0.000000
vn -0.000000 1.000000 -0.000000
vn -0.000000 1.000000 -0.000000
vn -0.000000 1.000000 -0.000000
vn -0.000000 1.000000 -0.000000
vn -0.000000 1.000000 -0.000000
vn -0.000000 1.000000 -0.000000
vn -0.000000 1.000000 -0.000000
vn -0.000000 1.000000 -0.000000
vn -0.000000 1.000000 -0.000000
vn -0.000000 1.000000 -0.000000
vn -0.000000 1.000000 -0.000000
vn -0.000000 1.000000 -0.000000
vn -0.000000 1.000000 -0.000000
vn -0.000000 1.000000 -0.000000
vn 1.000000 -0.000000 -0.000000
vn 1.000000 -0.000000 -0.000000
vn 1.000000 -0.000000 -0.000000
vn 1.000000 -0.000000 -0.000000
vn 1.000000 -0.000000 -0.000000
vn 1.000000 -0.000000 -0.000000
vn 1.000000 -0.000000 -0.000000
vn 1.000000 -0.000000 -0.000000
f 1994/2508/2425 1995/2509/2426 1993/2510/2427
f 1993/2510/2427 1995/2509/2426 2000/2511/2428
f 2000/2511/2428 1995/2509/2426 1996/2512/2429
f 2000/2511/2428 1996/2512/2429 1999/2513/2430
f 1999/2513/2430 1996/2512/2429 1997/2514/2431
f 1999/2513/2430 1997/2514/2431 1998/2515/2432
f 2002/2516/2433 2003/2517/2434 2001/2518/2435
f 2001/2518/2435 2003/2517/2434 2008/2519/2436
f 2008/2519/2436 2003/2517/2434 2004/2520/2437
f 2008/2519/2436 2004/2520/2437 2007/2521/2438
f 2007/2521/2438 2004/2520/2437 2005/2522/2439
f 2007/2521/2438 2005/2522/2439 2006/2523/2440
f 1998/2524/2441 2009/2525/2442 1999/2526/2443
f 1999/2526/2443 2009/2525/2442 2014/2527/2444
f 1999/2526/2443 2014/2527/2444 2000/2528/2445
f 2000/2528/2445 2014/2527/2444 2016/2529/2446
f 2000/2528/2445 2016/2529/2446 1993/2530/2447
f 1993/2530/2447 2016/2529/2446 2012/2531/2448
f 2012/2531/2448 2016/2529/2446 2015/2532/2449
f 2012/2531/2448 2015/2532/2449 2011/2533/2450
f 2011/2533/2450 2015/2532/2449 2003/2534/2451
f 2011/2533/2450 2003/2534/2451 2002/2535/2452
f 2009/2525/2442 2010/2536/2453 2014/2527/2444
f 2014/2527/2444 2010/2536/2453 2013/2537/2454
f 2014/2527/2444 2013/2537/2454 2016/2529/2446
f 2016/2529/2446 2013/2537/2454 2015/2532/2449
f 2010/2536/2453 2005/2538/2455 2013/2537/2454
f 2013/2537/2454 2005/2538/2455 2004/2539/2456
f 2013/2537/2454 2004/2539/2456 2015/2532/2449
f 2015/2532/2449 2004/2539/2456 2003/2534/2451
f 1997/2540/2457 2017/2541/2458 1998/2542/2459
f 1998/2542/2459 2017/2541/2458 2009/2543/2460
f 2009/2543/2460 2017/2541/2458 2018/2544/2461
f 2009/2543/2460 2018/2544/2461 2010/2545/2462
f 2010/2545/2462 2018/2544/2461 2006/2546/2463
f 2010/2545/2462 2006/2546/2463 2005/2547/2464
f 1994/2548/2465 2019/2549/2466 1995/2550/2467
f 1995/2550/2467 2019/2549/2466 2022/2551/2468
f 1995/2550/2467 2022/2551/2468 1996/2552/2469
f 1996/2552/2469 2022/2551/2468 2024/2553/2470
f 1996/2552/2469 2024/2553/2470 1997/2554/2471
f 1997/2554/2471 2024/2553/2470 2017/2555/2472
f 2017/2555/2472 2024/2553/2470 2023/2556/2473
f 2017/2555/2472 2023/2556/2473 2018/2557/2474
f 2018/2557/2474 2023/2556/2473 2007/2558/2475
f 2018/2557/2474 2007/2558/2475 2006/2559/2476
f 2019/2549/2466 2020/2560/2477 2022/2551/2468
f 2022/2551/2468 2020/2560/2477 2021/2561/2478
f 2022/2551/2468 2021/2561/2478 2024/2553/2470
f 2024/2553/2470 2021/2561/2478 2023/2556/2473
f 2020/2560/2477 2001/2562/2479 2021/2561/2478
f 2021/2561/2478 2001/2562/2479 2008/2563/2480
f 2021/2561/2478 2008/2563/2480 2023/2556/2473
f 2023/2556/2473 2008/2563/2480 2007/2558/2475
f 1993/2564/2481 2012/2565/2482 1994/2566/2483
f 1994/2566/2483 2012/2565/2482 2019/2567/2484
f 2019/2567/2484 2012/2565/2482 2011/2568/2485
f 2019/2567/2484 2011/2568/2485 2020/2569/2486
f 2020/2569/2486 2011/2568/2485 2002/2570/2487
f 2020/2569/2486 2002/2570/2487 2001/2571/2488
g Panel_LED_Face

v 12.000000 2.000000 107.000000
v 12.000000 2.300000 107.000000
v 4.000000 2.300000 107.000000
v -4.000000 2.300000 107.000000
v -12.000000 2.300000 107.000000
v -12.000000 2.000000 107.000000
v -4.000000 2.000000 107.000000
v 4.000000 2.000000 107.000000
v 12.000000 2.300000 83.000000
v 12.000000 2.000000 83.000000
v 4.000000 2.000000 83.000000
v -4.000000 2.000000 83.000000
v -12.000000 2.000000 83.000000
v -12.000000 2.300000 83.000000
v -4.000000 2.300000 83.000000
v 4.000000 2.300000 83.000000
v -12.000000 2.000000 99.000000
v -12.000000 2.000000 91.000000
v 12.000000 2.000000 91.000000
v 12.000000 2.000000 99.000000
v -4.000000 2.000000 91.000000
v -4.000000 2.000000 99.000000
v 4.000000 2.000000 91.000000
v 4.000000 2.000000 99.000000
v -12.000000 2.300000 99.000000
v -12.000000 2.300000 91.000000
v 12.000000 2.300000 99.000000
v 12.000000 2.300000 91.000000
v 4.000000 2.300000 91.000000
v 4.000000 2.300000 99.000000
v -4.000000 2.300000 91.000000
v -4.000000 2.300000 99.000000
vt 12.000000 0.150000 0.000000
vt 4.000000 0.150000 0.000000
vt 12.000000 -0.150000 0.000000
vt 4.000000 -0.150000 0.000000
vt -4.000000 0.150000 0.000000
vt -4.000000 -0.150000 0.000000
vt -12.000000 0.150000 0.000000
vt -12.000000 -0.150000 0.000000
vt -12.000000 -0.150000 0.000000
vt -4.000000 -0.150000 0.000000
vt -12.000000 0.150000 0.000000
vt -4.000000 0.150000 0.000000
vt 4.000000 -0.150000 0.000000
vt 4.000000 0.150000 0.000000
vt 12.000000 -0.150000 0.000000
vt 12.000000 0.150000 0.000000
vt -12.000000 -12.000000 0.000000
vt -4.000000 -12.000000 0.000000
vt -12.000000 -4.000000 0.000000
vt -4.000000 -4.000000 0.000000
vt -12.000000 4.000000 0.000000
vt -4.000000 4.000000 0.000000
vt -12.000000 12.000000 0.000000
vt -4.000000 12.000000 0.000000
vt 4.000000 4.000000 0.000000
vt 4.000000 12.000000 0.000000
vt 12.000000 4.000000 0.000000
vt 12.000000 12.000000 0.000000
vt 4.000000 -12.000000 0.000000
vt 4.000000 -4.000000 0.000000
vt 12.000000 -12.000000 0.000000
vt 12.000000 -4.000000 0.000000
vt 12.000000 0.150000 0.000000
vt 4.000000 0.150000 0.000000
vt 12.000000 -0.150000 0.000000
vt 4.000000 -0.150000 0.000000
vt -4.000000 0.150000 0.000000
vt -4.000000 -0.150000 0.000000
vt -12.000000 0.150000 0.000000
vt -12.000000 -0.150000 0.000000
vt 12.000000 12.000000 0.000000
vt 4.000000 12.000000 0.000000
vt 12.000000 4.000000 0.000000
vt 4.000000 4.000000 0.000000
vt 12.000000 -4.000000 0.000000
vt 4.000000 -4.000000 0.000000
vt 12.000000 -12.000000 0.000000
vt 4.000000 -12.000000 0.000000
vt -4.000000 -4.000000 0.000000
vt -4.000000 -12.000000 0.000000
vt -12.000000 -4.000000 0.000000
vt -12.000000 -12.000000 0.000000
vt -4.000000 12.000000 0.000000
vt -4.000000 4.000000 0.000000
vt -12.000000 12.000000 0.000000
vt -12.000000 4.000000 0.000000
vt -12.000000 -0.150000 0.000000
vt -4.000000 -0.150000 0.000000
vt -12.000000 0.150000 0.000000
vt -4.000000 0.150000 0.000000
vt 4.000000 -0.150000 0.000000
vt 4.000000 0.150000 0.000000
vt 12.000000 -0.150000 0.000000
vt 12.000000 0.150000 0.000000
vn 0.000000 0.000000 1.000000
vn 0.000000 0.000000 1.000000
vn 0.000000 0.000000 1.000000
vn 0.000000 0.000000 1.000000
vn 0.000000 0.000000 1.000000
vn 0.000000 0.000000 1.000000
vn 0.000000 0.000000 1.000000
vn 0.000000 0.000000 1.000000
vn -0.000000 -0.000000 -1.000000
vn -0.000000 -0.000000 -1.000000
vn -0.000000 -0.000000 -1.000000
vn -0.000000 -0.000000 -1.000000
vn -0.000000 -0.000000 -1.000000
vn -0.000000 -0.000000 -1.000000
vn -0.000000 -0.000000 -1.000000
vn -0.000000 -0.000000 -1.000000
vn -0.000000 -1.000000 -0.000000
vn -0.000000 -1.000000 -0.000000
vn -0.000000 -1.000000 -0.000000
vn -0.000000 -1.000000 -0.000000
vn -0.000000 -1.000000 -0.000000
vn -0.000000 -1.000000 -0.000000
vn -0.000000 -1.000000 -0.000000
vn -0.000000 -1.000000 -0.000000
vn -0.000000 -1.000000 -0.000000
vn -0.000000 -1.000000 -0.000000
vn -0.000000 -1.000000 -0.000000
vn -0.000000 -1.000000 -0.000000
vn -0.000000 -1.000000 -0.000000
vn -0.000000 -1.000000 -0.000000
vn -0.000000 -1.000000 -0.000000
vn -0.000000 -1.000000 -0.000000
vn -1.000000 -0.000000 -0.000000
vn -1.000000 -0.000000 -0.000000
vn -1.000000 -0.000000 -0.000000
vn -1.000000 -0.000000 -0.000000
vn -1.000000 -0.000000 -0.000000
vn -1.000000 -0.000000 -0.000000
vn -1.000000 -0.000000 -0.000000
vn -1.000000 -0.000000 -0.000000
vn -0.000000 1.000000 -0.000000
vn -0.000000 1.000000 -0.000000
vn -0.000000 1.000000 -0.000000
vn -0.000000 1.000000 -0.000000
vn -0.000000 1.000000 -0.000000
vn -0.000000 1.000000 -0.000000
vn -0.000000 1.000000 -0.000000
vn -0.000000 1.000000 -0.000000
vn -0.000000 1.000000 -0.000000
vn -0.000000 1.000000 -0.000000
vn -0.000000 1.000000 -0.000000
vn -0.000000 1.000000 -0.000000
vn -0.000000 1.000000 -0.000000
vn -0.000000 1.000000 -0.000000
vn -0.000000 1.000000 -0.000000
vn -0.000000 1.000000 -0.000000
vn 1.000000 -0.000000 -0.000000
vn 1.000000 -0.000000 -0.000000
vn 1.000000 -0.000000 -0.000000
vn 1.000000 -0.000000 -0.000000
vn 1.000000 -0.000000 -0.000000
vn 1.000000 -0.000000 -0.000000
vn 1.000000 -0.000000 -0.000000
vn 1.000000 -0.000000 -0.000000
usemtl LED_èµ¤
f 2026/2572/2489 2027/2573/2490 2025/2574/2491
f 2025/2574/2491 2027/2573/2490 2032/2575/2492
f 2032/2575/2492 2027/2573/2490 2028/2576/2493
f 2032/2575/2492 2028/2576/2493 2031/2577/2494
f 2031/2577/2494 2028/2576/2493 2029/2578/2495
f 2031/2577/2494 2029/2578/2495 2030/2579/2496
f 2034/2580/2497 2035/2581/2498 2033/2582/2499
f 2033/2582/2499 2035/2581/2498 2040/2583/2500
f 2040/2583/2500 2035/2581/2498 2036/2584/2501
f 2040/2583/2500 2036/2584/2501 2039/2585/2502
f 2039/2585/2502 2036/2584/2501 2037/2586/2503
f 2039/2585/2502 2037/2586/2503 2038/2587/2504
f 2030/2588/2505 2041/2589/2506 2031/2590/2507
f 2031/2590/2507 2041/2589/2506 2046/2591/2508
f 2031/2590/2507 2046/2591/2508 2032/2592/2509
f 2032/2592/2509 2046/2591/2508 2048/2593/2510
f 2032/2592/2509 2048/2593/2510 2025/2594/2511
f 2025/2594/2511 2048/2593/2510 2044/2595/2512
f 2044/2595/2512 2048/2593/2510 2047/2596/2513
f 2044/2595/2512 2047/2596/2513 2043/2597/2514
f 2043/2597/2514 2047/2596/2513 2035/2598/2515
f 2043/2597/2514 2035/2598/2515 2034/2599/2516
f 2041/2589/2506 2042/2600/2517 2046/2591/2508
f 2046/2591/2508 2042/2600/2517 2045/2601/2518
f 2046/2591/2508 2045/2601/2518 2048/2593/2510
f 2048/2593/2510 2045/2601/2518 2047/2596/2513
f 2042/2600/2517 2037/2602/2519 2045/2601/2518
f 2045/2601/2518 2037/2602/2519 2036/2603/2520
f 2045/2601/2518 2036/2603/2520 2047/2596/2513
f 2047/2596/2513 2036/2603/2520 2035/2598/2515
f 2029/2604/2521 2049/2605/2522 2030/2606/2523
f 2030/2606/2523 2049/2605/2522 2041/2607/2524
f 2041/2607/2524 2049/2605/2522 2050/2608/2525
f 2041/2607/2524 2050/2608/2525 2042/2609/2526
f 2042/2609/2526 2050/2608/2525 2038/2610/2527
f 2042/2609/2526 2038/2610/2527 2037/2611/2528
f 2026/2612/2529 2051/2613/2530 2027/2614/2531
f 2027/2614/2531 2051/2613/2530 2054/2615/2532
f 2027/2614/2531 2054/2615/2532 2028/2616/2533
f 2028/2616/2533 2054/2615/2532 2056/2617/2534
f 2028/2616/2533 2056/2617/2534 2029/2618/2535
f 2029/2618/2535 2056/2617/2534 2049/2619/2536
f 2049/2619/2536 2056/2617/2534 2055/2620/2537
f 2049/2619/2536 2055/2620/2537 2050/2621/2538
f 2050/2621/2538 2055/2620/2537 2039/2622/2539
f 2050/2621/2538 2039/2622/2539 2038/2623/2540
f 2051/2613/2530 2052/2624/2541 2054/2615/2532
f 2054/2615/2532 2052/2624/2541 2053/2625/2542
f 2054/2615/2532 2053/2625/2542 2056/2617/2534
f 2056/2617/2534 2053/2625/2542 2055/2620/2537
f 2052/2624/2541 2033/2626/2543 2053/2625/2542
f 2053/2625/2542 2033/2626/2543 2040/2627/2544
f 2053/2625/2542 2040/2627/2544 2055/2620/2537
f 2055/2620/2537 2040/2627/2544 2039/2622/2539
f 2025/2628/2545 2044/2629/2546 2026/2630/2547
f 2026/2630/2547 2044/2629/2546 2051/2631/2548
f 2051/2631/2548 2044/2629/2546 2043/2632/2549
f 2051/2631/2548 2043/2632/2549 2052/2633/2550
f 2052/2633/2550 2043/2632/2549 2034/2634/2551
f 2052/2633/2550 2034/2634/2551 2033/2635/2552
g Panel_Logo_1

v 2.869270 2.000000 108.841746
v 2.869270 2.000000 108.000000
v 2.869270 2.200000 108.000000
v 2.869270 2.200000 108.841746
v 3.601875 2.000000 110.000000
v 3.601875 2.200000 110.000000
v 3.128478 2.000000 110.000000
v 3.128478 2.200000 110.000000
v 2.657810 2.000000 109.208731
v 2.657810 2.200000 109.208731
v 2.196691 2.000000 110.000000
v 2.196691 2.200000 110.000000
v 1.731480 2.000000 110.000000
v 1.731480 2.200000 110.000000
v 2.466814 2.000000 108.839018
v 2.466814 2.200000 108.839018
v 2.466814 2.000000 108.000000
v 2.466814 2.200000 108.000000
vt 0.000000 0.000000 0.000000
vt 0.841746 0.000000 0.000000
vt 0.000000 0.200000 0.000000
vt 0.841746 0.200000 0.000000
vt 0.000000 0.000000 0.000000
vt 1.370497 0.000000 0.000000
vt 0.000000 0.200000 0.000000
vt 1.370497 0.200000 0.000000
vt 0.000000 0.000000 0.000000
vt 0.473397 0.000000 0.000000
vt 0.000000 0.200000 0.000000
vt 0.473397 0.200000 0.000000
vt 0.000000 0.000000 0.000000
vt 0.920671 0.000000 0.000000
vt 0.000000 0.200000 0.000000
vt 0.920671 0.200000 0.000000
vt 0.000000 0.000000 0.000000
vt 0.915826 0.000000 0.000000
vt 0.000000 0.200000 0.000000
vt 0.915826 0.200000 0.000000
vt 0.000000 0.000000 0.000000
vt 0.465211 0.000000 0.000000
vt 0.000000 0.200000 0.000000
vt 0.465211 0.200000 0.000000
vt 0.000000 0.000000 0.000000
vt 1.374262 0.000000 0.000000
vt 0.000000 0.200000 0.000000
vt 1.374262 0.200000 0.000000
vt 0.000000 0.000000 0.000000
vt 0.839018 0.000000 0.000000
vt 0.000000 0.200000 0.000000
vt 0.839018 0.200000 0.000000
vt 0.000000 0.000000 0.000000
vt 0.402456 0.000000 0.000000
vt 0.000000 0.200000 0.000000
vt 0.402456 0.200000 0.000000
vt 0.999318 -2.466814 0.000000
vt 0.160300 -2.466814 0.000000
vt 0.999318 -2.869269 0.000000
vt 0.157571 -2.869269 0.000000
vt -0.209414 -2.657809 0.000000
vt -1.000682 -3.128478 0.000000
vt -1.000682 -1.731479 0.000000
vt -1.000682 -2.196690 0.000000
vt -1.000682 -3.601875 0.000000
vt 2.466814 -0.999318 0.000000
vt 2.869269 -0.999318 0.000000
vt 2.466814 -0.160300 0.000000
vt 2.869269 -0.157571 0.000000
vt 2.657809 0.209414 0.000000
vt 3.128478 1.000682 0.000000
vt 3.601875 1.000682 0.000000
vt 2.196690 1.000682 0.000000
vt 1.731479 1.000682 0.000000
vn 1.000000 0.000000 0.000000
vn 1.000000 0.000000 0.000000
vn 1.000000 0.000000 0.000000
vn 1.000000 0.000000 0.000000
vn 0.845134 0.000000 -0.534555
vn 0.845134 0.000000 -0.534555
vn 0.845134 0.000000 -0.534555
vn 0.845134 0.000000 -0.534555
vn -0.000000 0.000000 1.000000
vn -0.000000 0.000000 1.000000
vn -0.000000 0.000000 1.000000
vn -0.000000 0.000000 1.000000
vn -0.859448 0.000000 0.511224
vn -0.859448 0.000000 0.511224
vn -0.859448 0.000000 0.511224
vn -0.859448 0.000000 0.511224
vn 0.863995 0.000000 0.503501
vn 0.863995 0.000000 0.503501
vn 0.863995 0.000000 0.503501
vn 0.863995 0.000000 0.503501
vn -0.000000 0.000000 1.000000
vn -0.000000 0.000000 1.000000
vn -0.000000 0.000000 1.000000
vn -0.000000 0.000000 1.000000
vn -0.844804 0.000000 -0.535076
vn -0.844804 0.000000 -0.535076
vn -0.844804 0.000000 -0.535076
vn -0.844804 0.000000 -0.535076
vn -1.000000 0.000000 -0.000000
vn -1.000000 0.000000 -0.000000
vn -1.000000 0.000000 -0.000000
vn -1.000000 0.000000 -0.000000
vn 0.000000 0.000000 -1.000000
vn 0.000000 0.000000 -1.000000
vn 0.000000 0.000000 -1.000000
vn 0.000000 0.000000 -1.000000
vn 0.000000 1.000000 0.000000
vn 0.000000 1.000000 0.000000
vn 0.000000 1.000000 0.000000
vn 0.000000 1.000000 0.000000
vn 0.000000 1.000000 0.000000
vn 0.000000 1.000000 0.000000
vn 0.000000 1.000000 0.000000
vn 0.000000 1.000000 0.000000
vn 0.000000 1.000000 0.000000
vn -0.000000 -1.000000 -0.000000
vn -0.000000 -1.000000 -0.000000
vn -0.000000 -1.000000 -0.000000
vn -0.000000 -1.000000 -0.000000
vn -0.000000 -1.000000 -0.000000
vn -0.000000 -1.000000 -0.000000
vn -0.000000 -1.000000 -0.000000
vn -0.000000 -1.000000 -0.000000
vn -0.000000 -1.000000 -0.000000
usemtl ç½_ããã
f 2057/2636/2553 2058/2637/2554 2060/2638/2555
f 2060/2638/2555 2058/2637/2554 2059/2639/2556
f 2061/2640/2557 2057/2641/2558 2062/2642/2559
f 2062/2642/2559 2057/2641/2558 2060/2643/2560
f 2063/2644/2561 2061/2645/2562 2064/2646/2563
f 2064/2646/2563 2061/2645/2562 2062/2647/2564
f 2065/2648/2565 2063/2649/2566 2066/2650/2567
f 2066/2650/2567 2063/2649/2566 2064/2651/2568
f 2067/2652/2569 2065/2653/2570 2068/2654/2571
f 2068/2654/2571 2065/2653/2570 2066/2655/2572
f 2069/2656/2573 2067/2657/2574 2070/2658/2575
f 2070/2658/2575 2067/2657/2574 2068/2659/2576
f 2071/2660/2577 2069/2661/2578 2072/2662/2579
f 2072/2662/2579 2069/2661/2578 2070/2663/2580
f 2073/2664/2581 2071/2665/2582 2074/2666/2583
f 2074/2666/2583 2071/2665/2582 2072/2667/2584
f 2058/2668/2585 2073/2669/2586 2059/2670/2587
f 2059/2670/2587 2073/2669/2586 2074/2671/2588
f 2074/2672/2589 2072/2673/2590 2059/2674/2591
f 2059/2674/2591 2072/2673/2590 2060/2675/2592
f 2060/2675/2592 2072/2673/2590 2066/2676/2593
f 2060/2675/2592 2066/2676/2593 2064/2677/2594
f 2072/2673/2590 2070/2678/2595 2066/2676/2593
f 2066/2676/2593 2070/2678/2595 2068/2679/2596
f 2064/2677/2594 2062/2680/2597 2060/2675/2592
f 2073/2681/2598 2058/2682/2599 2071/2683/2600
f 2071/2683/2600 2058/2682/2599 2057/2684/2601
f 2071/2683/2600 2057/2684/2601 2065/2685/2602
f 2065/2685/2602 2057/2684/2601 2063/2686/2603
f 2063/2686/2603 2057/2684/2601 2061/2687/2604
f 2067/2688/2605 2069/2689/2606 2065/2685/2602
f 2065/2685/2602 2069/2689/2606 2071/2683/2600
g Panel_Logo_2

v -4.542915 2.000000 108.688950
v -4.150009 2.000000 108.650750
v -4.150009 2.200000 108.650750
v -4.542915 2.200000 108.688950
v -4.686161 2.000000 108.398363
v -4.636792 2.000000 108.451313
v -4.596461 2.000000 108.517394
v -4.565169 2.000000 108.596607
v -4.565169 2.200000 108.596607
v -4.596461 2.200000 108.517394
v -4.636792 2.200000 108.451313
v -4.686161 2.200000 108.398363
v -4.979477 2.000000 108.305594
v -4.892079 2.000000 108.311392
v -4.814060 2.000000 108.328786
v -4.745421 2.000000 108.357776
v -4.745421 2.200000 108.357776
v -4.814060 2.200000 108.328786
v -4.892079 2.200000 108.311392
v -4.979477 2.200000 108.305594
v -5.272791 2.000000 108.387449
v -5.217623 2.000000 108.351637
v -5.150349 2.000000 108.326057
v -5.070966 2.000000 108.310710
v -5.070966 2.200000 108.310710
v -5.150349 2.200000 108.326057
v -5.217623 2.200000 108.351637
v -5.272791 2.200000 108.387449
v -5.372383 2.000000 108.581173
v -5.366158 2.000000 108.527626
v -5.347485 2.000000 108.477490
v -5.316362 2.000000 108.430764
v -5.316362 2.200000 108.430764
v -5.347485 2.200000 108.477490
v -5.366158 2.200000 108.527626
v -5.372383 2.200000 108.581173
v -5.330089 2.000000 108.701228
v -5.348593 2.000000 108.675307
v -5.361809 2.000000 108.646658
v -5.369739 2.000000 108.615280
v -5.369739 2.200000 108.615280
v -5.361809 2.200000 108.646658
v -5.348593 2.200000 108.675307
v -5.330089 2.200000 108.701228
v -5.185480 2.000000 108.788540
v -5.233399 2.000000 108.769270
v -5.273474 2.000000 108.748295
v -5.305704 2.000000 108.725614
v -5.305704 2.200000 108.725614
v -5.273474 2.200000 108.748295
v -5.233399 2.200000 108.769270
v -5.185480 2.200000 108.788540
v -4.862150 2.000000 108.875853
v -4.922412 2.000000 108.860761
v -4.977003 2.000000 108.846862
v -5.025925 2.000000 108.834158
v -5.069176 2.000000 108.822647
v -5.106757 2.000000 108.812330
v -5.138668 2.000000 108.803206
v -5.164909 2.000000 108.795276
v -5.164909 2.200000 108.795276
v -5.138668 2.200000 108.803206
v -5.106757 2.200000 108.812330
v -5.069176 2.200000 108.822647
v -5.025925 2.200000 108.834158
v -4.977003 2.200000 108.846862
v -4.922412 2.200000 108.860761
v -4.862150 2.200000 108.875853
v -4.406488 2.000000 109.073670
v -4.442257 2.000000 109.044914
v -4.484080 2.000000 109.017309
v -4.531957 2.000000 108.990855
v -4.585888 2.000000 108.965553
v -4.645872 2.000000 108.941401
v -4.711911 2.000000 108.918400
v -4.784003 2.000000 108.896551
v -4.784003 2.200000 108.896551
v -4.711911 2.200000 108.918400
v -4.645872 2.200000 108.941401
v -4.585888 2.200000 108.965553
v -4.531957 2.200000 108.990855
v -4.484080 2.200000 109.017309
v -4.442257 2.200000 109.044914
v -4.406488 2.200000 109.073670
v -4.222314 2.000000 109.476126
v -4.225192 2.000000 109.417910
v -4.233825 2.000000 109.361954
v -4.248214 2.000000 109.308258
v -4.268358 2.000000 109.256821
v -4.294257 2.000000 109.207644
v -4.325912 2.000000 109.160727
v -4.363322 2.000000 109.116068
v -4.363322 2.200000 109.116068
v -4.325912 2.200000 109.160727
v -4.294257 2.200000 109.207644
v -4.268358 2.200000 109.256821
v -4.248214 2.200000 109.308258
v -4.233825 2.200000 109.361954
v -4.225192 2.200000 109.417910
v -4.222314 2.200000 109.476126
v -4.308262 2.000000 109.761255
v -4.270660 2.000000 109.693810
v -4.243801 2.000000 109.623806
v -4.227686 2.000000 109.551245
v -4.227686 2.200000 109.551245
v -4.243801 2.200000 109.623806
v -4.270660 2.200000 109.693810
v -4.308262 2.200000 109.761255
v -4.557920 2.000000 109.964529
v -4.481437 2.000000 109.925733
v -4.414333 2.000000 109.878922
v -4.356607 2.000000 109.824096
v -4.356607 2.200000 109.824096
v -4.414333 2.200000 109.878922
v -4.481437 2.200000 109.925733
v -4.557920 2.200000 109.964529
v -4.952192 2.000000 110.034106
v -4.841090 2.000000 110.029758
v -4.738344 2.000000 110.016712
v -4.643954 2.000000 109.994969
v -4.643954 2.200000 109.994969
v -4.738344 2.200000 110.016712
v -4.841090 2.200000 110.029758
v -4.952192 2.200000 110.034106
v -5.518358 2.000000 109.869031
v -5.468029 2.000000 109.907721
v -5.411860 2.000000 109.941252
v -5.349851 2.000000 109.969624
v -5.282000 2.000000 109.992838
v -5.208309 2.000000 110.010893
v -5.128777 2.000000 110.023789
v -5.043405 2.000000 110.031527
v -5.043405 2.200000 110.031527
v -5.128777 2.200000 110.023789
v -5.208309 2.200000 110.010893
v -5.282000 2.200000 109.992838
v -5.349851 2.200000 109.969624
v -5.411860 2.200000 109.941252
v -5.468029 2.200000 109.907721
v -5.518358 2.200000 109.869031
v -5.718904 2.000000 109.428377
v -5.713682 2.000000 109.495545
v -5.702789 2.000000 109.559260
v -5.686226 2.000000 109.619522
v -5.663993 2.000000 109.676330
v -5.636089 2.000000 109.729685
v -5.602516 2.000000 109.779587
v -5.563272 2.000000 109.826036
v -5.563272 2.200000 109.826036
v -5.602516 2.200000 109.779587
v -5.636089 2.200000 109.729685
v -5.663993 2.200000 109.676330
v -5.686226 2.200000 109.619522
v -5.702789 2.200000 109.559260
v -5.713682 2.200000 109.495545
v -5.718904 2.200000 109.428377
v -5.315084 2.000000 109.410641
v -5.315084 2.200000 109.410641
v -5.203214 2.000000 109.631651
v -5.242437 2.000000 109.592769
v -5.274156 2.000000 109.542974
v -5.298372 2.000000 109.482265
v -5.298372 2.200000 109.482265
v -5.274156 2.200000 109.542974
v -5.242437 2.200000 109.592769
v -5.203214 2.200000 109.631651
v -4.948099 2.000000 109.699864
v -5.027993 2.000000 109.695600
v -5.097144 2.000000 109.682810
v -5.155551 2.000000 109.661494
v -5.155551 2.200000 109.661494
v -5.097144 2.200000 109.682810
v -5.027993 2.200000 109.695600
v -4.948099 2.200000 109.699864
v -4.672519 2.000000 109.627558
v -4.727089 2.000000 109.659192
v -4.791209 2.000000 109.681787
v -4.864879 2.000000 109.695344
v -4.864879 2.200000 109.695344
v -4.791209 2.200000 109.681787
v -4.727089 2.200000 109.659192
v -4.672519 2.200000 109.627558
v -4.608398 2.000000 109.503411
v -4.612406 2.000000 109.540331
v -4.624428 2.000000 109.573329
v -4.644466 2.000000 109.602405
v -4.644466 2.200000 109.602405
v -4.624428 2.200000 109.573329
v -4.612406 2.200000 109.540331
v -4.608398 2.200000 109.503411
v -4.668426 2.000000 109.381992
v -4.642164 2.000000 109.408510
v -4.623405 2.000000 109.437585
v -4.612150 2.000000 109.469219
v -4.612150 2.200000 109.469219
v -4.623405 2.200000 109.437585
v -4.642164 2.200000 109.408510
v -4.668426 2.200000 109.381992
v -5.039503 2.000000 109.248295
v -4.969244 2.000000 109.265604
v -4.905806 2.000000 109.282742
v -4.849190 2.000000 109.299710
v -4.799395 2.000000 109.316508
v -4.756421 2.000000 109.333134
v -4.720268 2.000000 109.349591
v -4.690936 2.000000 109.365877
v -4.690936 2.200000 109.365877
v -4.720268 2.200000 109.349591
v -4.756421 2.200000 109.333134
v -4.799395 2.200000 109.316508
v -4.849190 2.200000 109.299710
v -4.905806 2.200000 109.282742
v -4.969244 2.200000 109.265604
v -5.039503 2.200000 109.248295
v -5.474701 2.000000 109.103683
v -5.394806 2.000000 109.140860
v -5.295642 2.000000 109.177353
v -5.177207 2.000000 109.213165
v -5.177207 2.200000 109.213165
v -5.295642 2.200000 109.177353
v -5.394806 2.200000 109.140860
v -5.474701 2.200000 109.103683
v -5.695711 2.000000 108.900409
v -5.652225 2.000000 108.961716
v -5.600895 2.000000 109.016030
v -5.541720 2.000000 109.063353
v -5.541720 2.200000 109.063353
v -5.600895 2.200000 109.016030
v -5.652225 2.200000 108.961716
v -5.695711 2.200000 108.900409
v -5.776203 2.000000 108.582538
v -5.771172 2.000000 108.673516
v -5.756080 2.000000 108.756821
v -5.730926 2.000000 108.832452
v -5.730926 2.200000 108.832452
v -5.756080 2.200000 108.756821
v -5.771172 2.200000 108.673516
v -5.776203 2.200000 108.582538
v -5.680704 2.000000 108.260573
v -5.722485 2.000000 108.336971
v -5.752328 2.000000 108.416098
v -5.770234 2.000000 108.497954
v -5.770234 2.200000 108.497954
v -5.752328 2.200000 108.416098
v -5.722485 2.200000 108.336971
v -5.680704 2.200000 108.260573
v -5.410581 2.000000 108.036835
v -5.492948 2.000000 108.078445
v -5.565425 2.000000 108.129605
v -5.628010 2.000000 108.190314
v -5.628010 2.200000 108.190314
v -5.565425 2.200000 108.129605
v -5.492948 2.200000 108.078445
v -5.410581 2.200000 108.036835
v -4.975383 2.000000 107.964529
v -5.100298 2.000000 107.969049
v -5.214469 2.000000 107.982606
v -5.317897 2.000000 108.005201
v -5.317897 2.200000 108.005201
v -5.214469 2.200000 107.982606
v -5.100298 2.200000 107.969049
v -4.975383 2.200000 107.964529
v -4.392847 2.000000 108.139154
v -4.446415 2.000000 108.098227
v -4.505483 2.000000 108.062756
v -4.570051 2.000000 108.032742
v -4.640118 2.000000 108.008186
v -4.715685 2.000000 107.989086
v -4.796751 2.000000 107.975443
v -4.883318 2.000000 107.967258
v -4.883318 2.200000 107.967258
v -4.796751 2.200000 107.975443
v -4.715685 2.200000 107.989086
v -4.640118 2.200000 108.008186
v -4.570051 2.200000 108.032742
v -4.505483 2.200000 108.062756
v -4.446415 2.200000 108.098227
v -4.392847 2.200000 108.139154
v -4.162457 2.000000 108.569343
v -4.180022 2.000000 108.492923
v -4.202703 2.000000 108.421491
v -4.230499 2.000000 108.355048
v -4.263412 2.000000 108.293592
v -4.301441 2.000000 108.237125
v -4.344586 2.000000 108.185646
v -4.344586 2.200000 108.185646
v -4.301441 2.200000 108.237125
v -4.263412 2.200000 108.293592
v -4.230499 2.200000 108.355048
v -4.202703 2.200000 108.421491
v -4.180022 2.200000 108.492923
v -4.162457 2.200000 108.569343
vt 0.000000 0.000000 0.000000
vt 0.394759 0.000000 0.000000
vt 0.000000 0.200000 0.000000
vt 0.394759 0.200000 0.000000
vt -0.323981 0.000000 0.000000
vt -0.242986 0.000000 0.000000
vt -0.323981 0.200000 0.000000
vt -0.242986 0.200000 0.000000
vt -0.161991 0.000000 0.000000
vt -0.161991 0.200000 0.000000
vt -0.080995 0.000000 0.000000
vt -0.080995 0.200000 0.000000
vt 0.000000 0.000000 0.000000
vt 0.000000 0.200000 0.000000
vt -0.307632 0.000000 0.000000
vt -0.230724 0.000000 0.000000
vt -0.307632 0.200000 0.000000
vt -0.230724 0.200000 0.000000
vt -0.153816 0.000000 0.000000
vt -0.153816 0.200000 0.000000
vt -0.076908 0.000000 0.000000
vt -0.076908 0.200000 0.000000
vt 0.000000 0.000000 0.000000
vt 0.000000 0.200000 0.000000
vt -0.304529 0.000000 0.000000
vt -0.228397 0.000000 0.000000
vt -0.304529 0.200000 0.000000
vt -0.228397 0.200000 0.000000
vt -0.152264 0.000000 0.000000
vt -0.152264 0.200000 0.000000
vt -0.076132 0.000000 0.000000
vt -0.076132 0.200000 0.000000
vt 0.000000 0.000000 0.000000
vt 0.000000 0.200000 0.000000
vt -0.217827 0.000000 0.000000
vt -0.163370 0.000000 0.000000
vt -0.217827 0.200000 0.000000
vt -0.163370 0.200000 0.000000
vt -0.108914 0.000000 0.000000
vt -0.108914 0.200000 0.000000
vt -0.054457 0.000000 0.000000
vt -0.054457 0.200000 0.000000
vt 0.000000 0.000000 0.000000
vt 0.000000 0.200000 0.000000
vt -0.127287 0.000000 0.000000
vt -0.095465 0.000000 0.000000
vt -0.127287 0.200000 0.000000
vt -0.095465 0.200000 0.000000
vt -0.063644 0.000000 0.000000
vt -0.063644 0.200000 0.000000
vt -0.031822 0.000000 0.000000
vt -0.031822 0.200000 0.000000
vt 0.000000 0.000000 0.000000
vt 0.000000 0.200000 0.000000
vt -0.168919 0.000000 0.000000
vt -0.126690 0.000000 0.000000
vt -0.168919 0.200000 0.000000
vt -0.126690 0.200000 0.000000
vt -0.084460 0.000000 0.000000
vt -0.084460 0.200000 0.000000
vt -0.042230 0.000000 0.000000
vt -0.042230 0.200000 0.000000
vt 0.000000 0.000000 0.000000
vt 0.000000 0.200000 0.000000
vt -0.334893 0.000000 0.000000
vt -0.293031 0.000000 0.000000
vt -0.334893 0.200000 0.000000
vt -0.293031 0.200000 0.000000
vt -0.251170 0.000000 0.000000
vt -0.251170 0.200000 0.000000
vt -0.209308 0.000000 0.000000
vt -0.209308 0.200000 0.000000
vt -0.167446 0.000000 0.000000
vt -0.167446 0.200000 0.000000
vt -0.125585 0.000000 0.000000
vt -0.125585 0.200000 0.000000
vt -0.083723 0.000000 0.000000
vt -0.083723 0.200000 0.000000
vt -0.041862 0.000000 0.000000
vt -0.041862 0.200000 0.000000
vt 0.000000 0.000000 0.000000
vt 0.000000 0.200000 0.000000
vt -0.496765 0.000000 0.000000
vt -0.434669 0.000000 0.000000
vt -0.496765 0.200000 0.000000
vt -0.434669 0.200000 0.000000
vt -0.372574 0.000000 0.000000
vt -0.372574 0.200000 0.000000
vt -0.310478 0.000000 0.000000
vt -0.310478 0.200000 0.000000
vt -0.248383 0.000000 0.000000
vt -0.248383 0.200000 0.000000
vt -0.186287 0.000000 0.000000
vt -0.186287 0.200000 0.000000
vt -0.124191 0.000000 0.000000
vt -0.124191 0.200000 0.000000
vt -0.062096 0.000000 0.000000
vt -0.062096 0.200000 0.000000
vt 0.000000 0.000000 0.000000
vt 0.000000 0.200000 0.000000
vt -0.442596 0.000000 0.000000
vt -0.387272 0.000000 0.000000
vt -0.442596 0.200000 0.000000
vt -0.387272 0.200000 0.000000
vt -0.331947 0.000000 0.000000
vt -0.331947 0.200000 0.000000
vt -0.276623 0.000000 0.000000
vt -0.276623 0.200000 0.000000
vt -0.221298 0.000000 0.000000
vt -0.221298 0.200000 0.000000
vt -0.165974 0.000000 0.000000
vt -0.165974 0.200000 0.000000
vt -0.110649 0.000000 0.000000
vt -0.110649 0.200000 0.000000
vt -0.055325 0.000000 0.000000
vt -0.055325 0.200000 0.000000
vt 0.000000 0.000000 0.000000
vt 0.000000 0.200000 0.000000
vt -0.297801 0.000000 0.000000
vt -0.223351 0.000000 0.000000
vt -0.297801 0.200000 0.000000
vt -0.223351 0.200000 0.000000
vt -0.148901 0.000000 0.000000
vt -0.148901 0.200000 0.000000
vt -0.074450 0.000000 0.000000
vt -0.074450 0.200000 0.000000
vt 0.000000 0.000000 0.000000
vt 0.000000 0.200000 0.000000
vt -0.321945 0.000000 0.000000
vt -0.241459 0.000000 0.000000
vt -0.321945 0.200000 0.000000
vt -0.241459 0.200000 0.000000
vt -0.160973 0.000000 0.000000
vt -0.160973 0.200000 0.000000
vt -0.080486 0.000000 0.000000
vt -0.080486 0.200000 0.000000
vt 0.000000 0.000000 0.000000
vt 0.000000 0.200000 0.000000
vt -0.400359 0.000000 0.000000
vt -0.300269 0.000000 0.000000
vt -0.400359 0.200000 0.000000
vt -0.300269 0.200000 0.000000
vt -0.200179 0.000000 0.000000
vt -0.200179 0.200000 0.000000
vt -0.100090 0.000000 0.000000
vt -0.100090 0.200000 0.000000
vt 0.000000 0.000000 0.000000
vt 0.000000 0.200000 0.000000
vt -0.589754 0.000000 0.000000
vt -0.516034 0.000000 0.000000
vt -0.589754 0.200000 0.000000
vt -0.516034 0.200000 0.000000
vt -0.442315 0.000000 0.000000
vt -0.442315 0.200000 0.000000
vt -0.368596 0.000000 0.000000
vt -0.368596 0.200000 0.000000
vt -0.294877 0.000000 0.000000
vt -0.294877 0.200000 0.000000
vt -0.221158 0.000000 0.000000
vt -0.221158 0.200000 0.000000
vt -0.147438 0.000000 0.000000
vt -0.147438 0.200000 0.000000
vt -0.073719 0.000000 0.000000
vt -0.073719 0.200000 0.000000
vt 0.000000 0.000000 0.000000
vt 0.000000 0.200000 0.000000
vt -0.484141 0.000000 0.000000
vt -0.423624 0.000000 0.000000
vt -0.484141 0.200000 0.000000
vt -0.423624 0.200000 0.000000
vt -0.363106 0.000000 0.000000
vt -0.363106 0.200000 0.000000
vt -0.302588 0.000000 0.000000
vt -0.302588 0.200000 0.000000
vt -0.242071 0.000000 0.000000
vt -0.242071 0.200000 0.000000
vt -0.181553 0.000000 0.000000
vt -0.181553 0.200000 0.000000
vt -0.121035 0.000000 0.000000
vt -0.121035 0.200000 0.000000
vt -0.060518 0.000000 0.000000
vt -0.060518 0.200000 0.000000
vt 0.000000 0.000000 0.000000
vt 0.000000 0.200000 0.000000
vt 0.000000 0.000000 0.000000
vt 0.404209 0.000000 0.000000
vt 0.000000 0.200000 0.000000
vt 0.404209 0.200000 0.000000
vt -0.247715 0.000000 0.000000
vt -0.185786 0.000000 0.000000
vt -0.247715 0.200000 0.000000
vt -0.185786 0.200000 0.000000
vt -0.123857 0.000000 0.000000
vt -0.123857 0.200000 0.000000
vt -0.061929 0.000000 0.000000
vt -0.061929 0.200000 0.000000
vt 0.000000 0.000000 0.000000
vt 0.000000 0.200000 0.000000
vt -0.264071 0.000000 0.000000
vt -0.198053 0.000000 0.000000
vt -0.264071 0.200000 0.000000
vt -0.198053 0.200000 0.000000
vt -0.132035 0.000000 0.000000
vt -0.132035 0.200000 0.000000
vt -0.066018 0.000000 0.000000
vt -0.066018 0.200000 0.000000
vt 0.000000 0.000000 0.000000
vt 0.000000 0.200000 0.000000
vt -0.284913 0.000000 0.000000
vt -0.213685 0.000000 0.000000
vt -0.284913 0.200000 0.000000
vt -0.213685 0.200000 0.000000
vt -0.142456 0.000000 0.000000
vt -0.142456 0.200000 0.000000
vt -0.071228 0.000000 0.000000
vt -0.071228 0.200000 0.000000
vt 0.000000 0.000000 0.000000
vt 0.000000 0.200000 0.000000
vt -0.139729 0.000000 0.000000
vt -0.104797 0.000000 0.000000
vt -0.139729 0.200000 0.000000
vt -0.104797 0.200000 0.000000
vt -0.069864 0.000000 0.000000
vt -0.069864 0.200000 0.000000
vt -0.034932 0.000000 0.000000
vt -0.034932 0.200000 0.000000
vt 0.000000 0.000000 0.000000
vt 0.000000 0.200000 0.000000
vt -0.135446 0.000000 0.000000
vt -0.101585 0.000000 0.000000
vt -0.135446 0.200000 0.000000
vt -0.101585 0.200000 0.000000
vt -0.067723 0.000000 0.000000
vt -0.067723 0.200000 0.000000
vt -0.033862 0.000000 0.000000
vt -0.033862 0.200000 0.000000
vt 0.000000 0.000000 0.000000
vt 0.000000 0.200000 0.000000
vt -0.394406 0.000000 0.000000
vt -0.345106 0.000000 0.000000
vt -0.394406 0.200000 0.000000
vt -0.345106 0.200000 0.000000
vt -0.295805 0.000000 0.000000
vt -0.295805 0.200000 0.000000
vt -0.246504 0.000000 0.000000
vt -0.246504 0.200000 0.000000
vt -0.197203 0.000000 0.000000
vt -0.197203 0.200000 0.000000
vt -0.147902 0.000000 0.000000
vt -0.147902 0.200000 0.000000
vt -0.098602 0.000000 0.000000
vt -0.098602 0.200000 0.000000
vt -0.049301 0.000000 0.000000
vt -0.049301 0.200000 0.000000
vt 0.000000 0.000000 0.000000
vt 0.000000 0.200000 0.000000
vt -0.458610 0.000000 0.000000
vt -0.343957 0.000000 0.000000
vt -0.458610 0.200000 0.000000
vt -0.343957 0.200000 0.000000
vt -0.229305 0.000000 0.000000
vt -0.229305 0.200000 0.000000
vt -0.114652 0.000000 0.000000
vt -0.114652 0.200000 0.000000
vt 0.000000 0.000000 0.000000
vt 0.000000 0.200000 0.000000
vt -0.300277 0.000000 0.000000
vt -0.225208 0.000000 0.000000
vt -0.300277 0.200000 0.000000
vt -0.225208 0.200000 0.000000
vt -0.150139 0.000000 0.000000
vt -0.150139 0.200000 0.000000
vt -0.075069 0.000000 0.000000
vt -0.075069 0.200000 0.000000
vt 0.000000 0.000000 0.000000
vt 0.000000 0.200000 0.000000
vt -0.327901 0.000000 0.000000
vt -0.245925 0.000000 0.000000
vt -0.327901 0.200000 0.000000
vt -0.245925 0.200000 0.000000
vt -0.163950 0.000000 0.000000
vt -0.163950 0.200000 0.000000
vt -0.081975 0.000000 0.000000
vt -0.081975 0.200000 0.000000
vt 0.000000 0.000000 0.000000
vt 0.000000 0.200000 0.000000
vt -0.335829 0.000000 0.000000
vt -0.251871 0.000000 0.000000
vt -0.335829 0.200000 0.000000
vt -0.251871 0.200000 0.000000
vt -0.167914 0.000000 0.000000
vt -0.167914 0.200000 0.000000
vt -0.083957 0.000000 0.000000
vt -0.083957 0.200000 0.000000
vt 0.000000 0.000000 0.000000
vt 0.000000 0.200000 0.000000
vt -0.350748 0.000000 0.000000
vt -0.263061 0.000000 0.000000
vt -0.350748 0.200000 0.000000
vt -0.263061 0.200000 0.000000
vt -0.175374 0.000000 0.000000
vt -0.175374 0.200000 0.000000
vt -0.087687 0.000000 0.000000
vt -0.087687 0.200000 0.000000
vt 0.000000 0.000000 0.000000
vt 0.000000 0.200000 0.000000
vt -0.441156 0.000000 0.000000
vt -0.330867 0.000000 0.000000
vt -0.441156 0.200000 0.000000
vt -0.330867 0.200000 0.000000
vt -0.220578 0.000000 0.000000
vt -0.220578 0.200000 0.000000
vt -0.110289 0.000000 0.000000
vt -0.110289 0.200000 0.000000
vt 0.000000 0.000000 0.000000
vt 0.000000 0.200000 0.000000
vt -0.608159 0.000000 0.000000
vt -0.532139 0.000000 0.000000
vt -0.608159 0.200000 0.000000
vt -0.532139 0.200000 0.000000
vt -0.456119 0.000000 0.000000
vt -0.456119 0.200000 0.000000
vt -0.380099 0.000000 0.000000
vt -0.380099 0.200000 0.000000
vt -0.304079 0.000000 0.000000
vt -0.304079 0.200000 0.000000
vt -0.228060 0.000000 0.000000
vt -0.228060 0.200000 0.000000
vt -0.152040 0.000000 0.000000
vt -0.152040 0.200000 0.000000
vt -0.076020 0.000000 0.000000
vt -0.076020 0.200000 0.000000
vt 0.000000 0.000000 0.000000
vt 0.000000 0.200000 0.000000
vt -0.566297 0.000000 0.000000
vt -0.495510 0.000000 0.000000
vt -0.566297 0.200000 0.000000
vt -0.495510 0.200000 0.000000
vt -0.424723 0.000000 0.000000
vt -0.424723 0.200000 0.000000
vt -0.353936 0.000000 0.000000
vt -0.353936 0.200000 0.000000
vt -0.283149 0.000000 0.000000
vt -0.283149 0.200000 0.000000
vt -0.212361 0.000000 0.000000
vt -0.212361 0.200000 0.000000
vt -0.141574 0.000000 0.000000
vt -0.141574 0.200000 0.000000
vt -0.070787 0.000000 0.000000
vt -0.070787 0.200000 0.000000
vt 0.000000 0.000000 0.000000
vt 0.000000 0.200000 0.000000
vt 4.150009 -0.348568 0.000000
vt 4.162458 -0.429975 0.000000
vt 4.542915 -0.310368 0.000000
vt 4.180022 -0.506395 0.000000
vt 4.565169 -0.402711 0.000000
vt 4.596461 -0.481924 0.000000
vt 4.636792 -0.548005 0.000000
vt 4.202703 -0.577827 0.000000
vt 4.686161 -0.600955 0.000000
vt 4.230500 -0.644270 0.000000
vt 4.745421 -0.641541 0.000000
vt 4.814060 -0.670532 0.000000
vt 4.263413 -0.705726 0.000000
vt 4.892079 -0.687926 0.000000
vt 4.979477 -0.693724 0.000000
vt 4.301441 -0.762193 0.000000
vt 4.344586 -0.813672 0.000000
vt 4.392847 -0.860164 0.000000
vt 4.446415 -0.901091 0.000000
vt 4.505483 -0.936562 0.000000
vt 4.570051 -0.966576 0.000000
vt 4.640118 -0.991132 0.000000
vt 4.715685 -1.010232 0.000000
vt 4.796752 -1.023874 0.000000
vt 4.883318 -1.032060 0.000000
vt 4.975384 -1.034788 0.000000
vt 5.070967 -0.688608 0.000000
vt 5.100298 -1.030269 0.000000
vt 5.150349 -0.673260 0.000000
vt 5.214469 -1.016712 0.000000
vt 5.217624 -0.647681 0.000000
vt 5.317897 -0.994117 0.000000
vt 5.272791 -0.611869 0.000000
vt 5.410582 -0.962483 0.000000
vt 5.492949 -0.920873 0.000000
vt 5.316363 -0.568554 0.000000
vt 5.565425 -0.869713 0.000000
vt 5.347485 -0.521828 0.000000
vt 5.628010 -0.809004 0.000000
vt 5.680704 -0.738745 0.000000
vt 5.366159 -0.471692 0.000000
vt 5.722485 -0.662346 0.000000
vt 5.752328 -0.583220 0.000000
vt 5.372383 -0.418145 0.000000
vt 5.770235 -0.501364 0.000000
vt 5.776203 -0.416780 0.000000
vt 5.771172 -0.325801 0.000000
vt 5.369740 -0.384038 0.000000
vt 5.756080 -0.242497 0.000000
vt 5.730926 -0.166866 0.000000
vt 5.361810 -0.352660 0.000000
vt 5.695711 -0.098909 0.000000
vt 5.652226 -0.037602 0.000000
vt 5.348593 -0.324011 0.000000
vt 5.600895 0.016712 0.000000
vt 5.330090 -0.298090 0.000000
vt 5.541721 0.064035 0.000000
vt 5.474701 0.104366 0.000000
vt 5.305704 -0.273704 0.000000
vt 5.394807 0.141542 0.000000
vt 5.273474 -0.251023 0.000000
vt 5.233400 -0.230048 0.000000
vt 5.295642 0.178035 0.000000
vt 5.185480 -0.210778 0.000000
vt 5.164910 -0.204042 0.000000
vt 5.177208 0.213847 0.000000
vt 5.138669 -0.196112 0.000000
vt 5.106758 -0.186988 0.000000
vt 5.069177 -0.176671 0.000000
vt 5.025925 -0.165160 0.000000
vt 5.039503 0.248977 0.000000
vt 4.977004 -0.152456 0.000000
vt 4.922412 -0.138557 0.000000
vt 4.969244 0.266286 0.000000
vt 4.862150 -0.123465 0.000000
vt 4.905807 0.283424 0.000000
vt 4.784004 -0.102767 0.000000
vt 4.849190 0.300392 0.000000
vt 4.711911 -0.080917 0.000000
vt 4.799395 0.317190 0.000000
vt 4.756421 0.333817 0.000000
vt 4.645873 -0.057917 0.000000
vt 4.720268 0.350273 0.000000
vt 4.585888 -0.033765 0.000000
vt 4.690937 0.366559 0.000000
vt 4.531957 -0.008463 0.000000
vt 4.668427 0.382674 0.000000
vt 4.484080 0.017991 0.000000
vt 4.642164 0.409192 0.000000
vt 4.442257 0.045596 0.000000
vt 4.406488 0.074352 0.000000
vt 4.363323 0.116751 0.000000
vt 4.623406 0.438267 0.000000
vt 4.325913 0.161409 0.000000
vt 4.294258 0.208326 0.000000
vt 4.612150 0.469901 0.000000
vt 4.268358 0.257503 0.000000
vt 4.248214 0.308940 0.000000
vt 4.233826 0.362636 0.000000
vt 4.225193 0.418592 0.000000
vt 4.608398 0.504093 0.000000
vt 4.222315 0.476808 0.000000
vt 4.227687 0.551927 0.000000
vt 4.243802 0.624488 0.000000
vt 4.612406 0.541013 0.000000
vt 4.270660 0.694492 0.000000
vt 4.308262 0.761937 0.000000
vt 4.356608 0.824778 0.000000
vt 4.624429 0.574011 0.000000
vt 4.414333 0.879604 0.000000
vt 4.644467 0.603087 0.000000
vt 4.481437 0.926415 0.000000
vt 4.672520 0.628240 0.000000
vt 4.557921 0.965211 0.000000
vt 4.643954 0.995651 0.000000
vt 4.727090 0.659874 0.000000
vt 4.738344 1.017394 0.000000
vt 4.791210 0.682469 0.000000
vt 4.841090 1.030440 0.000000
vt 4.864880 0.696027 0.000000
vt 4.952192 1.034788 0.000000
vt 4.948099 0.700546 0.000000
vt 5.043405 1.032209 0.000000
vt 5.128778 1.024471 0.000000
vt 5.208310 1.011575 0.000000
vt 5.282001 0.993520 0.000000
vt 5.349851 0.970306 0.000000
vt 5.411861 0.941934 0.000000
vt 5.468030 0.908403 0.000000
vt 5.518358 0.869713 0.000000
vt 5.563272 0.826718 0.000000
vt 5.602516 0.780269 0.000000
vt 5.636090 0.730367 0.000000
vt 5.027994 0.696282 0.000000
vt 5.097144 0.683492 0.000000
vt 5.155551 0.662176 0.000000
vt 5.203215 0.632333 0.000000
vt 5.242437 0.593452 0.000000
vt 5.274157 0.543656 0.000000
vt 5.298372 0.482947 0.000000
vt 5.663993 0.677012 0.000000
vt 5.686226 0.620204 0.000000
vt 5.315085 0.411323 0.000000
vt 5.702789 0.559942 0.000000
vt 5.713682 0.496227 0.000000
vt 5.718905 0.429059 0.000000
vt -4.446415 -0.901091 0.000000
vt -4.392847 -0.860164 0.000000
vt -4.979477 -0.693724 0.000000
vt -4.344586 -0.813672 0.000000
vt -4.301441 -0.762193 0.000000
vt -4.263413 -0.705726 0.000000
vt -4.892079 -0.687926 0.000000
vt -4.814060 -0.670532 0.000000
vt -4.745421 -0.641541 0.000000
vt -4.686161 -0.600955 0.000000
vt -4.636792 -0.548005 0.000000
vt -4.596461 -0.481924 0.000000
vt -4.565169 -0.402711 0.000000
vt -4.230500 -0.644270 0.000000
vt -4.202703 -0.577827 0.000000
vt -4.180022 -0.506395 0.000000
vt -4.542915 -0.310368 0.000000
vt -4.162458 -0.429975 0.000000
vt -4.150009 -0.348568 0.000000
vt -5.070967 -0.688608 0.000000
vt -5.317897 -0.994117 0.000000
vt -4.640118 -0.991132 0.000000
vt -4.570051 -0.966576 0.000000
vt -5.150349 -0.673260 0.000000
vt -5.217624 -0.647681 0.000000
vt -5.272791 -0.611869 0.000000
vt -5.316363 -0.568554 0.000000
vt -5.492949 -0.920873 0.000000
vt -5.410582 -0.962483 0.000000
vt -5.565425 -0.869713 0.000000
vt -5.347485 -0.521828 0.000000
vt -5.628010 -0.809004 0.000000
vt -5.680704 -0.738745 0.000000
vt -5.366159 -0.471692 0.000000
vt -5.722485 -0.662346 0.000000
vt -5.752328 -0.583220 0.000000
vt -5.372383 -0.418145 0.000000
vt -5.770235 -0.501364 0.000000
vt -5.776203 -0.416780 0.000000
vt -5.771172 -0.325801 0.000000
vt -5.369740 -0.384038 0.000000
vt -5.756080 -0.242497 0.000000
vt -5.730926 -0.166866 0.000000
vt -5.361810 -0.352660 0.000000
vt -5.695711 -0.098909 0.000000
vt -5.652226 -0.037602 0.000000
vt -5.348593 -0.324011 0.000000
vt -5.600895 0.016712 0.000000
vt -5.330090 -0.298090 0.000000
vt -5.541721 0.064035 0.000000
vt -5.474701 0.104366 0.000000
vt -5.305704 -0.273704 0.000000
vt -5.394807 0.141542 0.000000
vt -5.273474 -0.251023 0.000000
vt -5.233400 -0.230048 0.000000
vt -5.295642 0.178035 0.000000
vt -5.185480 -0.210778 0.000000
vt -5.164910 -0.204042 0.000000
vt -5.177208 0.213847 0.000000
vt -5.138669 -0.196112 0.000000
vt -5.106758 -0.186988 0.000000
vt -5.069177 -0.176671 0.000000
vt -5.025925 -0.165160 0.000000
vt -5.039503 0.248977 0.000000
vt -4.977004 -0.152456 0.000000
vt -4.922412 -0.138557 0.000000
vt -4.969244 0.266286 0.000000
vt -4.862150 -0.123465 0.000000
vt -4.905807 0.283424 0.000000
vt -4.784004 -0.102767 0.000000
vt -4.849190 0.300392 0.000000
vt -4.711911 -0.080917 0.000000
vt -4.799395 0.317190 0.000000
vt -4.756421 0.333817 0.000000
vt -4.645873 -0.057917 0.000000
vt -4.720268 0.350273 0.000000
vt -4.585888 -0.033765 0.000000
vt -4.690937 0.366559 0.000000
vt -4.531957 -0.008463 0.000000
vt -4.668427 0.382674 0.000000
vt -4.484080 0.017991 0.000000
vt -4.642164 0.409192 0.000000
vt -4.442257 0.045596 0.000000
vt -4.406488 0.074352 0.000000
vt -4.363323 0.116751 0.000000
vt -4.623406 0.438267 0.000000
vt -4.325913 0.161409 0.000000
vt -4.294258 0.208326 0.000000
vt -4.612150 0.469901 0.000000
vt -4.268358 0.257503 0.000000
vt -4.248214 0.308940 0.000000
vt -4.233826 0.362636 0.000000
vt -4.225193 0.418592 0.000000
vt -4.608398 0.504093 0.000000
vt -4.222315 0.476808 0.000000
vt -4.227687 0.551927 0.000000
vt -4.243802 0.624488 0.000000
vt -4.612406 0.541013 0.000000
vt -4.270660 0.694492 0.000000
vt -4.308262 0.761937 0.000000
vt -4.356608 0.824778 0.000000
vt -4.624429 0.574011 0.000000
vt -4.414333 0.879604 0.000000
vt -4.644467 0.603087 0.000000
vt -4.481437 0.926415 0.000000
vt -4.672520 0.628240 0.000000
vt -4.557921 0.965211 0.000000
vt -4.643954 0.995651 0.000000
vt -4.727090 0.659874 0.000000
vt -4.738344 1.017394 0.000000
vt -4.791210 0.682469 0.000000
vt -4.841090 1.030440 0.000000
vt -4.864880 0.696027 0.000000
vt -4.952192 1.034788 0.000000
vt -4.948099 0.700546 0.000000
vt -5.043405 1.032209 0.000000
vt -5.128778 1.024471 0.000000
vt -5.208310 1.011575 0.000000
vt -5.282001 0.993520 0.000000
vt -5.349851 0.970306 0.000000
vt -5.411861 0.941934 0.000000
vt -5.468030 0.908403 0.000000
vt -5.518358 0.869713 0.000000
vt -5.563272 0.826718 0.000000
vt -5.602516 0.780269 0.000000
vt -5.636090 0.730367 0.000000
vt -5.663993 0.677012 0.000000
vt -5.298372 0.482947 0.000000
vt -5.274157 0.543656 0.000000
vt -5.242437 0.593452 0.000000
vt -5.686226 0.620204 0.000000
vt -5.315085 0.411323 0.000000
vt -5.702789 0.559942 0.000000
vt -5.713682 0.496227 0.000000
vt -5.718905 0.429059 0.000000
vt -5.203215 0.632333 0.000000
vt -5.155551 0.662176 0.000000
vt -5.097144 0.683492 0.000000
vt -5.027994 0.696282 0.000000
vt -4.715685 -1.010232 0.000000
vt -5.214469 -1.016712 0.000000
vt -4.796752 -1.023874 0.000000
vt -5.100298 -1.030269 0.000000
vt -4.883318 -1.032060 0.000000
vt -4.975384 -1.034788 0.000000
vt -4.505483 -0.936562 0.000000
vn 0.096767 0.000000 0.995307
vn 0.096767 0.000000 0.995307
vn 0.096767 0.000000 0.995307
vn 0.096767 0.000000 0.995307
vn -0.652369 0.000000 0.757902
vn -0.798625 0.000000 0.601829
vn -0.652369 0.000000 0.757902
vn -0.798625 0.000000 0.601829
vn -0.896941 0.000000 0.442150
vn -0.896941 0.000000 0.442150
vn -0.954583 0.000000 0.297945
vn -0.954583 0.000000 0.297945
vn -0.984303 0.000000 0.176488
vn -0.984303 0.000000 0.176488
vn 0.000000 0.000000 1.000000
vn -0.138848 0.000000 0.990314
vn 0.000000 0.000000 1.000000
vn -0.138848 0.000000 0.990314
vn -0.301555 0.000000 0.953449
vn -0.301555 0.000000 0.953449
vn -0.477867 0.000000 0.878432
vn -0.477867 0.000000 0.878432
vn -0.647649 0.000000 0.761939
vn -0.647649 0.000000 0.761939
vn 0.640184 -0.000000 0.768222
vn 0.448210 -0.000000 0.893928
vn 0.640184 -0.000000 0.768222
vn 0.448210 -0.000000 0.893928
vn 0.268800 -0.000000 0.963196
vn 0.268800 -0.000000 0.963196
vn 0.118911 -0.000000 0.992905
vn 0.118911 -0.000000 0.992905
vn 1.000000 -0.000000 0.000000
vn 0.972357 -0.000000 0.233497
vn 1.000000 -0.000000 0.000000
vn 0.972357 -0.000000 0.233497
vn 0.889358 -0.000000 0.457212
vn 0.889358 -0.000000 0.457212
vn 0.769648 -0.000000 0.638468
vn 0.769648 -0.000000 0.638468
vn 0.641212 -0.000000 0.767364
vn 0.641212 -0.000000 0.767364
vn 0.757755 0.000000 -0.652539
vn 0.864553 0.000000 -0.502542
vn 0.757755 0.000000 -0.652539
vn 0.864553 0.000000 -0.502542
vn 0.943184 0.000000 -0.332271
vn 0.943184 0.000000 -0.332271
vn 0.987214 0.000000 -0.159400
vn 0.987214 0.000000 -0.159400
vn 0.334765 0.000000 -0.942302
vn 0.415928 0.000000 -0.909397
vn 0.334765 0.000000 -0.942302
vn 0.415928 0.000000 -0.909397
vn 0.516874 0.000000 -0.856062
vn 0.516874 0.000000 -0.856062
vn 0.639281 0.000000 -0.768973
vn 0.639281 0.000000 -0.768973
vn 0.776769 0.000000 -0.629786
vn 0.776769 0.000000 -0.629786
vn 0.241301 0.000000 -0.970450
vn 0.244736 0.000000 -0.969590
vn 0.241301 0.000000 -0.970450
vn 0.244736 0.000000 -0.969590
vn 0.248912 0.000000 -0.968526
vn 0.248912 0.000000 -0.968526
vn 0.254096 0.000000 -0.967179
vn 0.254096 0.000000 -0.967179
vn 0.260703 0.000000 -0.965419
vn 0.260703 0.000000 -0.965419
vn 0.269410 0.000000 -0.963026
vn 0.269410 0.000000 -0.963026
vn 0.281403 0.000000 -0.959590
vn 0.281403 0.000000 -0.959590
vn 0.298966 0.000000 -0.954264
vn 0.298966 0.000000 -0.954264
vn 0.327108 0.000000 -0.944987
vn 0.327108 0.000000 -0.944987
vn 0.667250 0.000000 -0.744834
vn 0.587697 0.000000 -0.809081
vn 0.667250 0.000000 -0.744834
vn 0.587697 0.000000 -0.809081
vn 0.516172 0.000000 -0.856485
vn 0.516172 0.000000 -0.856485
vn 0.453177 0.000000 -0.891421
vn 0.453177 0.000000 -0.891421
vn 0.398224 0.000000 -0.917288
vn 0.398224 0.000000 -0.917288
vn 0.350429 0.000000 -0.936589
vn 0.350429 0.000000 -0.936589
vn 0.308820 0.000000 -0.951120
vn 0.308820 0.000000 -0.951120
vn 0.272484 0.000000 -0.962160
vn 0.272484 0.000000 -0.962160
vn 0.240615 0.000000 -0.970621
vn 0.240615 0.000000 -0.970621
vn 1.000000 -0.000000 0.000000
vn 0.994956 0.000000 -0.100312
vn 1.000000 -0.000000 0.000000
vn 0.994956 0.000000 -0.100312
vn 0.978663 0.000000 -0.205472
vn 0.978663 0.000000 -0.205472
vn 0.950062 0.000000 -0.312062
vn 0.950062 0.000000 -0.312062
vn 0.909309 0.000000 -0.416122
vn 0.909309 0.000000 -0.416122
vn 0.857897 0.000000 -0.513822
vn 0.857897 0.000000 -0.513822
vn 0.798393 0.000000 -0.602137
vn 0.798393 0.000000 -0.602137
vn 0.733895 0.000000 -0.679263
vn 0.733895 0.000000 -0.679263
vn 0.667441 0.000000 -0.744662
vn 0.667441 0.000000 -0.744662
vn 0.838644 -0.000000 0.544679
vn 0.905380 -0.000000 0.424602
vn 0.838644 -0.000000 0.544679
vn 0.905380 -0.000000 0.424602
vn 0.957448 -0.000000 0.288605
vn 0.957448 -0.000000 0.288605
vn 0.989581 -0.000000 0.143979
vn 0.989581 -0.000000 0.143979
vn 0.393921 -0.000000 0.919144
vn 0.512095 -0.000000 0.858929
vn 0.393921 -0.000000 0.919144
vn 0.512095 -0.000000 0.858929
vn 0.631390 -0.000000 0.775465
vn 0.631390 -0.000000 0.775465
vn 0.742758 -0.000000 0.669560
vn 0.742758 -0.000000 0.669560
vn 0.837270 -0.000000 0.546790
vn 0.837270 -0.000000 0.546790
vn 0.000000 0.000000 1.000000
vn 0.081072 -0.000000 0.996708
vn 0.000000 0.000000 1.000000
vn 0.081072 -0.000000 0.996708
vn 0.173785 -0.000000 0.984784
vn 0.173785 -0.000000 0.984784
vn 0.277837 -0.000000 0.960628
vn 0.277837 -0.000000 0.960628
vn 0.391139 -0.000000 0.920332
vn 0.391139 -0.000000 0.920332
vn -0.656580 0.000000 0.754256
vn -0.561257 0.000000 0.827641
vn -0.656580 0.000000 0.754256
vn -0.561257 0.000000 0.827641
vn -0.464007 0.000000 0.885832
vn -0.464007 0.000000 0.885832
vn -0.369180 0.000000 0.929358
vn -0.369180 0.000000 0.929358
vn -0.279911 0.000000 0.960026
vn -0.279911 0.000000 0.960026
vn -0.198004 0.000000 0.980201
vn -0.198004 0.000000 0.980201
vn -0.124161 0.000000 0.992262
vn -0.124161 0.000000 0.992262
vn -0.058327 0.000000 0.998298
vn -0.058327 0.000000 0.998298
vn -0.999400 0.000000 0.034634
vn -0.992505 0.000000 0.122205
vn -0.999400 0.000000 0.034634
vn -0.992505 0.000000 0.122205
vn -0.976345 0.000000 0.216221
vn -0.976345 0.000000 0.216221
vn -0.949235 0.000000 0.314569
vn -0.949235 0.000000 0.314569
vn -0.910173 0.000000 0.414229
vn -0.910173 0.000000 0.414229
vn -0.859240 0.000000 0.511572
vn -0.859240 0.000000 0.511572
vn -0.797791 0.000000 0.602934
vn -0.797791 0.000000 0.602934
vn -0.728301 0.000000 0.685257
vn -0.728301 0.000000 0.685257
vn -0.653901 0.000000 0.756581
vn -0.653901 0.000000 0.756581
vn -0.043877 0.000000 -0.999037
vn -0.043877 0.000000 -0.999037
vn -0.043877 0.000000 -0.999037
vn -0.043877 0.000000 -0.999037
vn 0.613937 0.000000 -0.789355
vn 0.780866 0.000000 -0.624698
vn 0.613937 0.000000 -0.789355
vn 0.780866 0.000000 -0.624698
vn 0.892212 0.000000 -0.451617
vn 0.892212 0.000000 -0.451617
vn 0.955352 0.000000 -0.295471
vn 0.955352 0.000000 -0.295471
vn 0.986157 0.000000 -0.165814
vn 0.986157 0.000000 -0.165814
vn 0.000000 0.000000 -1.000000
vn 0.113675 0.000000 -0.993518
vn 0.000000 0.000000 -1.000000
vn 0.113675 0.000000 -0.993518
vn 0.258306 0.000000 -0.966063
vn 0.258306 0.000000 -0.966063
vn 0.434427 0.000000 -0.900707
vn 0.434427 0.000000 -0.900707
vn 0.627755 0.000000 -0.778411
vn 0.627755 0.000000 -0.778411
vn -0.587514 0.000000 -0.809214
vn -0.415575 0.000000 -0.909559
vn -0.587514 0.000000 -0.809214
vn -0.415575 0.000000 -0.909559
vn -0.253786 0.000000 -0.967260
vn -0.253786 0.000000 -0.967260
vn -0.114460 0.000000 -0.993428
vn -0.114460 0.000000 -0.993428
vn -1.000000 0.000000 0.000000
vn -0.974710 0.000000 -0.223474
vn -1.000000 0.000000 0.000000
vn -0.974710 0.000000 -0.223474
vn -0.888489 0.000000 -0.458898
vn -0.888489 0.000000 -0.458898
vn -0.748181 0.000000 -0.663494
vn -0.748181 0.000000 -0.663494
vn -0.586112 0.000000 -0.810230
vn -0.586112 0.000000 -0.810230
vn -0.643595 0.000000 0.765366
vn -0.777130 0.000000 0.629340
vn -0.643595 0.000000 0.765366
vn -0.777130 0.000000 0.629340
vn -0.896430 0.000000 0.443185
vn -0.896430 0.000000 0.443185
vn -0.974983 0.000000 0.222279
vn -0.974983 0.000000 0.222279
vn -0.229794 0.000000 0.973239
vn -0.249506 0.000000 0.968373
vn -0.229794 0.000000 0.973239
vn -0.249506 0.000000 0.968373
vn -0.273278 0.000000 0.961935
vn -0.273278 0.000000 0.961935
vn -0.302448 0.000000 0.953166
vn -0.302448 0.000000 0.953166
vn -0.338965 0.000000 0.940799
vn -0.338965 0.000000 0.940799
vn -0.385745 0.000000 0.922605
vn -0.385745 0.000000 0.922605
vn -0.447214 0.000000 0.894427
vn -0.447214 0.000000 0.894427
vn -0.529998 0.000000 0.847999
vn -0.529998 0.000000 0.847999
vn -0.642869 0.000000 0.765976
vn -0.642869 0.000000 0.765976
vn -0.471033 0.000000 0.882115
vn -0.380484 0.000000 0.924787
vn -0.471033 0.000000 0.882115
vn -0.380484 0.000000 0.924787
vn -0.315335 0.000000 0.948980
vn -0.315335 0.000000 0.948980
vn -0.266916 0.000000 0.963720
vn -0.266916 0.000000 0.963720
vn -0.229793 0.000000 0.973240
vn -0.229793 0.000000 0.973240
vn -0.853505 0.000000 0.521084
vn -0.773246 0.000000 0.634107
vn -0.853505 0.000000 0.521084
vn -0.773246 0.000000 0.634107
vn -0.676957 0.000000 0.736023
vn -0.676957 0.000000 0.736023
vn -0.570476 0.000000 0.821314
vn -0.570476 0.000000 0.821314
vn -0.460812 0.000000 0.887498
vn -0.460812 0.000000 0.887498
vn -1.000000 0.000000 0.000000
vn -0.993400 0.000000 0.114699
vn -1.000000 0.000000 0.000000
vn -0.993400 0.000000 0.114699
vn -0.969403 0.000000 0.245474
vn -0.969403 0.000000 0.245474
vn -0.921840 0.000000 0.387571
vn -0.921840 0.000000 0.387571
vn -0.846982 0.000000 0.531622
vn -0.846982 0.000000 0.531622
vn -0.843659 0.000000 -0.536880
vn -0.908307 0.000000 -0.418304
vn -0.843659 0.000000 -0.536880
vn -0.908307 0.000000 -0.418304
vn -0.958715 0.000000 -0.284368
vn -0.958715 0.000000 -0.284368
vn -0.989868 0.000000 -0.141991
vn -0.989868 0.000000 -0.141991
vn -0.388700 0.000000 -0.921364
vn -0.513939 0.000000 -0.857826
vn -0.388700 0.000000 -0.921364
vn -0.513939 0.000000 -0.857826
vn -0.637886 0.000000 -0.770131
vn -0.637886 0.000000 -0.770131
vn -0.750637 0.000000 -0.660715
vn -0.750637 0.000000 -0.660715
vn -0.843663 0.000000 -0.536873
vn -0.843663 0.000000 -0.536873
vn 0.000000 0.000000 -1.000000
vn -0.075391 0.000000 -0.997154
vn 0.000000 0.000000 -1.000000
vn -0.075391 0.000000 -0.997154
vn -0.163898 0.000000 -0.986477
vn -0.163898 0.000000 -0.986477
vn -0.266520 0.000000 -0.963829
vn -0.266520 0.000000 -0.963829
vn -0.382564 0.000000 -0.923929
vn -0.382564 0.000000 -0.923929
vn 0.651630 0.000000 -0.758537
vn 0.561334 0.000000 -0.827589
vn 0.651630 0.000000 -0.758537
vn 0.561334 0.000000 -0.827589
vn 0.468057 0.000000 -0.883699
vn 0.468057 0.000000 -0.883699
vn 0.375638 0.000000 -0.926767
vn 0.375638 0.000000 -0.926767
vn 0.287143 0.000000 -0.957888
vn 0.287143 0.000000 -0.957888
vn 0.204614 0.000000 -0.978843
vn 0.204614 0.000000 -0.978843
vn 0.129124 0.000000 -0.991628
vn 0.129124 0.000000 -0.991628
vn 0.060984 0.000000 -0.998139
vn 0.060984 0.000000 -0.998139
vn 0.993123 0.000000 -0.117072
vn 0.982395 0.000000 -0.186817
vn 0.993123 0.000000 -0.117072
vn 0.982395 0.000000 -0.186817
vn 0.964893 0.000000 -0.262645
vn 0.964893 0.000000 -0.262645
vn 0.939045 0.000000 -0.343793
vn 0.939045 0.000000 -0.343793
vn 0.903394 0.000000 -0.428812
vn 0.903394 0.000000 -0.428812
vn 0.856890 0.000000 -0.515499
vn 0.856890 0.000000 -0.515499
vn 0.799240 0.000000 -0.601012
vn 0.799240 0.000000 -0.601012
vn 0.731180 0.000000 -0.682185
vn 0.731180 0.000000 -0.682185
vn 0.654541 0.000000 -0.756026
vn 0.654541 0.000000 -0.756026
vn 0.000000 1.000000 0.000000
vn 0.000000 1.000000 0.000000
vn 0.000000 1.000000 0.000000
vn 0.000000 1.000000 0.000000
vn 0.000000 1.000000 0.000000
vn 0.000000 1.000000 0.000000
vn 0.000000 1.000000 0.000000
vn 0.000000 1.000000 0.000000
vn 0.000000 1.000000 0.000000
vn 0.000000 1.000000 0.000000
vn 0.000000 1.000000 0.000000
vn 0.000000 1.000000 0.000000
vn 0.000000 1.000000 0.000000
vn 0.000000 1.000000 0.000000
vn 0.000000 1.000000 0.000000
vn 0.000000 1.000000 0.000000
vn 0.000000 1.000000 0.000000
vn 0.000000 1.000000 0.000000
vn 0.000000 1.000000 0.000000
vn 0.000000 1.000000 0.000000
vn 0.000000 1.000000 0.000000
vn 0.000000 1.000000 0.000000
vn 0.000000 1.000000 0.000000
vn 0.000000 1.000000 0.000000
vn 0.000000 1.000000 0.000000
vn 0.000000 1.000000 0.000000
vn 0.000000 1.000000 0.000000
vn 0.000000 1.000000 0.000000
vn 0.000000 1.000000 0.000000
vn 0.000000 1.000000 0.000000
vn 0.000000 1.000000 0.000000
vn 0.000000 1.000000 0.000000
vn 0.000000 1.000000 0.000000
vn 0.000000 1.000000 0.000000
vn 0.000000 1.000000 0.000000
vn 0.000000 1.000000 0.000000
vn 0.000000 1.000000 0.000000
vn 0.000000 1.000000 0.000000
vn 0.000000 1.000000 0.000000
vn 0.000000 1.000000 0.000000
vn 0.000000 1.000000 0.000000
vn 0.000000 1.000000 0.000000
vn 0.000000 1.000000 0.000000
vn 0.000000 1.000000 0.000000
vn 0.000000 1.000000 0.000000
vn 0.000000 1.000000 0.000000
vn 0.000000 1.000000 0.000000
vn 0.000000 1.000000 0.000000
vn 0.000000 1.000000 0.000000
vn 0.000000 1.000000 0.000000
vn 0.000000 1.000000 0.000000
vn 0.000000 1.000000 0.000000
vn 0.000000 1.000000 0.000000
vn 0.000000 1.000000 0.000000
vn 0.000000 1.000000 0.000000
vn 0.000000 1.000000 0.000000
vn 0.000000 1.000000 0.000000
vn 0.000000 1.000000 0.000000
vn 0.000000 1.000000 0.000000
vn 0.000000 1.000000 0.000000
vn 0.000000 1.000000 0.000000
vn 0.000000 1.000000 0.000000
vn 0.000000 1.000000 0.000000
vn 0.000000 1.000000 0.000000
vn 0.000000 1.000000 0.000000
vn 0.000000 1.000000 0.000000
vn 0.000000 1.000000 0.000000
vn 0.000000 1.000000 0.000000
vn 0.000000 1.000000 0.000000
vn 0.000000 1.000000 0.000000
vn 0.000000 1.000000 0.000000
vn 0.000000 1.000000 0.000000
vn 0.000000 1.000000 0.000000
vn 0.000000 1.000000 0.000000
vn 0.000000 1.000000 0.000000
vn 0.000000 1.000000 0.000000
vn 0.000000 1.000000 0.000000
vn 0.000000 1.000000 0.000000
vn 0.000000 1.000000 0.000000
vn 0.000000 1.000000 0.000000
vn 0.000000 1.000000 0.000000
vn 0.000000 1.000000 0.000000
vn 0.000000 1.000000 0.000000
vn 0.000000 1.000000 0.000000
vn 0.000000 1.000000 0.000000
vn 0.000000 1.000000 0.000000
vn 0.000000 1.000000 0.000000
vn 0.000000 1.000000 0.000000
vn 0.000000 1.000000 0.000000
vn 0.000000 1.000000 0.000000
vn 0.000000 1.000000 0.000000
vn 0.000000 1.000000 0.000000
vn 0.000000 1.000000 0.000000
vn 0.000000 1.000000 0.000000
vn 0.000000 1.000000 0.000000
vn 0.000000 1.000000 0.000000
vn 0.000000 1.000000 0.000000
vn 0.000000 1.000000 0.000000
vn 0.000000 1.000000 0.000000
vn 0.000000 1.000000 0.000000
vn 0.000000 1.000000 0.000000
vn 0.000000 1.000000 0.000000
vn 0.000000 1.000000 0.000000
vn 0.000000 1.000000 0.000000
vn 0.000000 1.000000 0.000000
vn 0.000000 1.000000 0.000000
vn 0.000000 1.000000 0.000000
vn 0.000000 1.000000 0.000000
vn 0.000000 1.000000 0.000000
vn 0.000000 1.000000 0.000000
vn 0.000000 1.000000 0.000000
vn 0.000000 1.000000 0.000000
vn 0.000000 1.000000 0.000000
vn 0.000000 1.000000 0.000000
vn 0.000000 1.000000 0.000000
vn 0.000000 1.000000 0.000000
vn 0.000000 1.000000 0.000000
vn 0.000000 1.000000 0.000000
vn 0.000000 1.000000 0.000000
vn 0.000000 1.000000 0.000000
vn 0.000000 1.000000 0.000000
vn 0.000000 1.000000 0.000000
vn 0.000000 1.000000 0.000000
vn 0.000000 1.000000 0.000000
vn 0.000000 1.000000 0.000000
vn 0.000000 1.000000 0.000000
vn 0.000000 1.000000 0.000000
vn 0.000000 1.000000 0.000000
vn 0.000000 1.000000 0.000000
vn 0.000000 1.000000 0.000000
vn 0.000000 1.000000 0.000000
vn 0.000000 1.000000 0.000000
vn 0.000000 1.000000 0.000000
vn 0.000000 1.000000 0.000000
vn 0.000000 1.000000 0.000000
vn 0.000000 1.000000 0.000000
vn 0.000000 1.000000 0.000000
vn 0.000000 1.000000 0.000000
vn 0.000000 1.000000 0.000000
vn 0.000000 1.000000 0.000000
vn 0.000000 1.000000 0.000000
vn 0.000000 1.000000 0.000000
vn 0.000000 1.000000 0.000000
vn 0.000000 1.000000 0.000000
vn 0.000000 1.000000 0.000000
vn 0.000000 1.000000 0.000000
vn -0.000000 -1.000000 -0.000000
vn -0.000000 -1.000000 -0.000000
vn -0.000000 -1.000000 -0.000000
vn -0.000000 -1.000000 -0.000000
vn -0.000000 -1.000000 -0.000000
vn -0.000000 -1.000000 -0.000000
vn -0.000000 -1.000000 -0.000000
vn -0.000000 -1.000000 -0.000000
vn -0.000000 -1.000000 -0.000000
vn -0.000000 -1.000000 -0.000000
vn -0.000000 -1.000000 -0.000000
vn -0.000000 -1.000000 -0.000000
vn -0.000000 -1.000000 -0.000000
vn -0.000000 -1.000000 -0.000000
vn -0.000000 -1.000000 -0.000000
vn -0.000000 -1.000000 -0.000000
vn -0.000000 -1.000000 -0.000000
vn -0.000000 -1.000000 -0.000000
vn -0.000000 -1.000000 -0.000000
vn -0.000000 -1.000000 -0.000000
vn -0.000000 -1.000000 -0.000000
vn -0.000000 -1.000000 -0.000000
vn -0.000000 -1.000000 -0.000000
vn -0.000000 -1.000000 -0.000000
vn -0.000000 -1.000000 -0.000000
vn -0.000000 -1.000000 -0.000000
vn -0.000000 -1.000000 -0.000000
vn -0.000000 -1.000000 -0.000000
vn -0.000000 -1.000000 -0.000000
vn -0.000000 -1.000000 -0.000000
vn -0.000000 -1.000000 -0.000000
vn -0.000000 -1.000000 -0.000000
vn -0.000000 -1.000000 -0.000000
vn -0.000000 -1.000000 -0.000000
vn -0.000000 -1.000000 -0.000000
vn -0.000000 -1.000000 -0.000000
vn -0.000000 -1.000000 -0.000000
vn -0.000000 -1.000000 -0.000000
vn -0.000000 -1.000000 -0.000000
vn -0.000000 -1.000000 -0.000000
vn -0.000000 -1.000000 -0.000000
vn -0.000000 -1.000000 -0.000000
vn -0.000000 -1.000000 -0.000000
vn -0.000000 -1.000000 -0.000000
vn -0.000000 -1.000000 -0.000000
vn -0.000000 -1.000000 -0.000000
vn -0.000000 -1.000000 -0.000000
vn -0.000000 -1.000000 -0.000000
vn -0.000000 -1.000000 -0.000000
vn -0.000000 -1.000000 -0.000000
vn -0.000000 -1.000000 -0.000000
vn -0.000000 -1.000000 -0.000000
vn -0.000000 -1.000000 -0.000000
vn -0.000000 -1.000000 -0.000000
vn -0.000000 -1.000000 -0.000000
vn -0.000000 -1.000000 -0.000000
vn -0.000000 -1.000000 -0.000000
vn -0.000000 -1.000000 -0.000000
vn -0.000000 -1.000000 -0.000000
vn -0.000000 -1.000000 -0.000000
vn -0.000000 -1.000000 -0.000000
vn -0.000000 -1.000000 -0.000000
vn -0.000000 -1.000000 -0.000000
vn -0.000000 -1.000000 -0.000000
vn -0.000000 -1.000000 -0.000000
vn -0.000000 -1.000000 -0.000000
vn -0.000000 -1.000000 -0.000000
vn -0.000000 -1.000000 -0.000000
vn -0.000000 -1.000000 -0.000000
vn -0.000000 -1.000000 -0.000000
vn -0.000000 -1.000000 -0.000000
vn -0.000000 -1.000000 -0.000000
vn -0.000000 -1.000000 -0.000000
vn -0.000000 -1.000000 -0.000000
vn -0.000000 -1.000000 -0.000000
vn -0.000000 -1.000000 -0.000000
vn -0.000000 -1.000000 -0.000000
vn -0.000000 -1.000000 -0.000000
vn -0.000000 -1.000000 -0.000000
vn -0.000000 -1.000000 -0.000000
vn -0.000000 -1.000000 -0.000000
vn -0.000000 -1.000000 -0.000000
vn -0.000000 -1.000000 -0.000000
vn -0.000000 -1.000000 -0.000000
vn -0.000000 -1.000000 -0.000000
vn -0.000000 -1.000000 -0.000000
vn -0.000000 -1.000000 -0.000000
vn -0.000000 -1.000000 -0.000000
vn -0.000000 -1.000000 -0.000000
vn -0.000000 -1.000000 -0.000000
vn -0.000000 -1.000000 -0.000000
vn -0.000000 -1.000000 -0.000000
vn -0.000000 -1.000000 -0.000000
vn -0.000000 -1.000000 -0.000000
vn -0.000000 -1.000000 -0.000000
vn -0.000000 -1.000000 -0.000000
vn -0.000000 -1.000000 -0.000000
vn -0.000000 -1.000000 -0.000000
vn -0.000000 -1.000000 -0.000000
vn -0.000000 -1.000000 -0.000000
vn -0.000000 -1.000000 -0.000000
vn -0.000000 -1.000000 -0.000000
vn -0.000000 -1.000000 -0.000000
vn -0.000000 -1.000000 -0.000000
vn -0.000000 -1.000000 -0.000000
vn -0.000000 -1.000000 -0.000000
vn -0.000000 -1.000000 -0.000000
vn -0.000000 -1.000000 -0.000000
vn -0.000000 -1.000000 -0.000000
vn -0.000000 -1.000000 -0.000000
vn -0.000000 -1.000000 -0.000000
vn -0.000000 -1.000000 -0.000000
vn -0.000000 -1.000000 -0.000000
vn -0.000000 -1.000000 -0.000000
vn -0.000000 -1.000000 -0.000000
vn -0.000000 -1.000000 -0.000000
vn -0.000000 -1.000000 -0.000000
vn -0.000000 -1.000000 -0.000000
vn -0.000000 -1.000000 -0.000000
vn -0.000000 -1.000000 -0.000000
vn -0.000000 -1.000000 -0.000000
vn -0.000000 -1.000000 -0.000000
vn -0.000000 -1.000000 -0.000000
vn -0.000000 -1.000000 -0.000000
vn -0.000000 -1.000000 -0.000000
vn -0.000000 -1.000000 -0.000000
vn -0.000000 -1.000000 -0.000000
vn -0.000000 -1.000000 -0.000000
vn -0.000000 -1.000000 -0.000000
vn -0.000000 -1.000000 -0.000000
vn -0.000000 -1.000000 -0.000000
vn -0.000000 -1.000000 -0.000000
vn -0.000000 -1.000000 -0.000000
vn -0.000000 -1.000000 -0.000000
vn -0.000000 -1.000000 -0.000000
vn -0.000000 -1.000000 -0.000000
vn -0.000000 -1.000000 -0.000000
vn -0.000000 -1.000000 -0.000000
vn -0.000000 -1.000000 -0.000000
vn -0.000000 -1.000000 -0.000000
vn -0.000000 -1.000000 -0.000000
vn -0.000000 -1.000000 -0.000000
vn -0.000000 -1.000000 -0.000000
vn -0.000000 -1.000000 -0.000000
vn -0.000000 -1.000000 -0.000000
vn -0.000000 -1.000000 -0.000000
f 2075/2690/2607 2076/2691/2608 2078/2692/2609
f 2078/2692/2609 2076/2691/2608 2077/2693/2610
f 2079/2694/2611 2080/2695/2612 2086/2696/2613
f 2086/2696/2613 2080/2695/2612 2085/2697/2614
f 2085/2697/2614 2080/2695/2612 2081/2698/2615
f 2085/2697/2614 2081/2698/2615 2084/2699/2616
f 2084/2699/2616 2081/2698/2615 2082/2700/2617
f 2084/2699/2616 2082/2700/2617 2083/2701/2618
f 2083/2701/2618 2082/2700/2617 2075/2702/2619
f 2083/2701/2618 2075/2702/2619 2078/2703/2620
f 2087/2704/2621 2088/2705/2622 2094/2706/2623
f 2094/2706/2623 2088/2705/2622 2093/2707/2624
f 2093/2707/2624 2088/2705/2622 2089/2708/2625
f 2093/2707/2624 2089/2708/2625 2092/2709/2626
f 2092/2709/2626 2089/2708/2625 2090/2710/2627
f 2092/2709/2626 2090/2710/2627 2091/2711/2628
f 2091/2711/2628 2090/2710/2627 2079/2712/2629
f 2091/2711/2628 2079/2712/2629 2086/2713/2630
f 2095/2714/2631 2096/2715/2632 2102/2716/2633
f 2102/2716/2633 2096/2715/2632 2101/2717/2634
f 2101/2717/2634 2096/2715/2632 2097/2718/2635
f 2101/2717/2634 2097/2718/2635 2100/2719/2636
f 2100/2719/2636 2097/2718/2635 2098/2720/2637
f 2100/2719/2636 2098/2720/2637 2099/2721/2638
f 2099/2721/2638 2098/2720/2637 2087/2722/2621
f 2099/2721/2638 2087/2722/2621 2094/2723/2623
f 2103/2724/2639 2104/2725/2640 2110/2726/2641
f 2110/2726/2641 2104/2725/2640 2109/2727/2642
f 2109/2727/2642 2104/2725/2640 2105/2728/2643
f 2109/2727/2642 2105/2728/2643 2108/2729/2644
f 2108/2729/2644 2105/2728/2643 2106/2730/2645
f 2108/2729/2644 2106/2730/2645 2107/2731/2646
f 2107/2731/2646 2106/2730/2645 2095/2732/2647
f 2107/2731/2646 2095/2732/2647 2102/2733/2648
f 2111/2734/2649 2112/2735/2650 2118/2736/2651
f 2118/2736/2651 2112/2735/2650 2117/2737/2652
f 2117/2737/2652 2112/2735/2650 2113/2738/2653
f 2117/2737/2652 2113/2738/2653 2116/2739/2654
f 2116/2739/2654 2113/2738/2653 2114/2740/2655
f 2116/2739/2654 2114/2740/2655 2115/2741/2656
f 2115/2741/2656 2114/2740/2655 2103/2742/2639
f 2115/2741/2656 2103/2742/2639 2110/2743/2641
f 2119/2744/2657 2120/2745/2658 2126/2746/2659
f 2126/2746/2659 2120/2745/2658 2125/2747/2660
f 2125/2747/2660 2120/2745/2658 2121/2748/2661
f 2125/2747/2660 2121/2748/2661 2124/2749/2662
f 2124/2749/2662 2121/2748/2661 2122/2750/2663
f 2124/2749/2662 2122/2750/2663 2123/2751/2664
f 2123/2751/2664 2122/2750/2663 2111/2752/2665
f 2123/2751/2664 2111/2752/2665 2118/2753/2666
f 2127/2754/2667 2128/2755/2668 2142/2756/2669
f 2142/2756/2669 2128/2755/2668 2141/2757/2670
f 2141/2757/2670 2128/2755/2668 2129/2758/2671
f 2141/2757/2670 2129/2758/2671 2140/2759/2672
f 2140/2759/2672 2129/2758/2671 2130/2760/2673
f 2140/2759/2672 2130/2760/2673 2139/2761/2674
f 2139/2761/2674 2130/2760/2673 2131/2762/2675
f 2139/2761/2674 2131/2762/2675 2138/2763/2676
f 2138/2763/2676 2131/2762/2675 2132/2764/2677
f 2138/2763/2676 2132/2764/2677 2137/2765/2678
f 2137/2765/2678 2132/2764/2677 2133/2766/2679
f 2137/2765/2678 2133/2766/2679 2136/2767/2680
f 2136/2767/2680 2133/2766/2679 2134/2768/2681
f 2136/2767/2680 2134/2768/2681 2135/2769/2682
f 2135/2769/2682 2134/2768/2681 2119/2770/2683
f 2135/2769/2682 2119/2770/2683 2126/2771/2684
f 2143/2772/2685 2144/2773/2686 2158/2774/2687
f 2158/2774/2687 2144/2773/2686 2157/2775/2688
f 2157/2775/2688 2144/2773/2686 2145/2776/2689
f 2157/2775/2688 2145/2776/2689 2156/2777/2690
f 2156/2777/2690 2145/2776/2689 2146/2778/2691
f 2156/2777/2690 2146/2778/2691 2155/2779/2692
f 2155/2779/2692 2146/2778/2691 2147/2780/2693
f 2155/2779/2692 2147/2780/2693 2154/2781/2694
f 2154/2781/2694 2147/2780/2693 2148/2782/2695
f 2154/2781/2694 2148/2782/2695 2153/2783/2696
f 2153/2783/2696 2148/2782/2695 2149/2784/2697
f 2153/2783/2696 2149/2784/2697 2152/2785/2698
f 2152/2785/2698 2149/2784/2697 2150/2786/2699
f 2152/2785/2698 2150/2786/2699 2151/2787/2700
f 2151/2787/2700 2150/2786/2699 2127/2788/2701
f 2151/2787/2700 2127/2788/2701 2142/2789/2702
f 2159/2790/2703 2160/2791/2704 2174/2792/2705
f 2174/2792/2705 2160/2791/2704 2173/2793/2706
f 2173/2793/2706 2160/2791/2704 2161/2794/2707
f 2173/2793/2706 2161/2794/2707 2172/2795/2708
f 2172/2795/2708 2161/2794/2707 2162/2796/2709
f 2172/2795/2708 2162/2796/2709 2171/2797/2710
f 2171/2797/2710 2162/2796/2709 2163/2798/2711
f 2171/2797/2710 2163/2798/2711 2170/2799/2712
f 2170/2799/2712 2163/2798/2711 2164/2800/2713
f 2170/2799/2712 2164/2800/2713 2169/2801/2714
f 2169/2801/2714 2164/2800/2713 2165/2802/2715
f 2169/2801/2714 2165/2802/2715 2168/2803/2716
f 2168/2803/2716 2165/2802/2715 2166/2804/2717
f 2168/2803/2716 2166/2804/2717 2167/2805/2718
f 2167/2805/2718 2166/2804/2717 2143/2806/2719
f 2167/2805/2718 2143/2806/2719 2158/2807/2720
f 2175/2808/2721 2176/2809/2722 2182/2810/2723
f 2182/2810/2723 2176/2809/2722 2181/2811/2724
f 2181/2811/2724 2176/2809/2722 2177/2812/2725
f 2181/2811/2724 2177/2812/2725 2180/2813/2726
f 2180/2813/2726 2177/2812/2725 2178/2814/2727
f 2180/2813/2726 2178/2814/2727 2179/2815/2728
f 2179/2815/2728 2178/2814/2727 2159/2816/2703
f 2179/2815/2728 2159/2816/2703 2174/2817/2705
f 2183/2818/2729 2184/2819/2730 2190/2820/2731
f 2190/2820/2731 2184/2819/2730 2189/2821/2732
f 2189/2821/2732 2184/2819/2730 2185/2822/2733
f 2189/2821/2732 2185/2822/2733 2188/2823/2734
f 2188/2823/2734 2185/2822/2733 2186/2824/2735
f 2188/2823/2734 2186/2824/2735 2187/2825/2736
f 2187/2825/2736 2186/2824/2735 2175/2826/2737
f 2187/2825/2736 2175/2826/2737 2182/2827/2738
f 2191/2828/2739 2192/2829/2740 2198/2830/2741
f 2198/2830/2741 2192/2829/2740 2197/2831/2742
f 2197/2831/2742 2192/2829/2740 2193/2832/2743
f 2197/2831/2742 2193/2832/2743 2196/2833/2744
f 2196/2833/2744 2193/2832/2743 2194/2834/2745
f 2196/2833/2744 2194/2834/2745 2195/2835/2746
f 2195/2835/2746 2194/2834/2745 2183/2836/2747
f 2195/2835/2746 2183/2836/2747 2190/2837/2748
f 2199/2838/2749 2200/2839/2750 2214/2840/2751
f 2214/2840/2751 2200/2839/2750 2213/2841/2752
f 2213/2841/2752 2200/2839/2750 2201/2842/2753
f 2213/2841/2752 2201/2842/2753 2212/2843/2754
f 2212/2843/2754 2201/2842/2753 2202/2844/2755
f 2212/2843/2754 2202/2844/2755 2211/2845/2756
f 2211/2845/2756 2202/2844/2755 2203/2846/2757
f 2211/2845/2756 2203/2846/2757 2210/2847/2758
f 2210/2847/2758 2203/2846/2757 2204/2848/2759
f 2210/2847/2758 2204/2848/2759 2209/2849/2760
f 2209/2849/2760 2204/2848/2759 2205/2850/2761
f 2209/2849/2760 2205/2850/2761 2208/2851/2762
f 2208/2851/2762 2205/2850/2761 2206/2852/2763
f 2208/2851/2762 2206/2852/2763 2207/2853/2764
f 2207/2853/2764 2206/2852/2763 2191/2854/2739
f 2207/2853/2764 2191/2854/2739 2198/2855/2741
f 2215/2856/2765 2216/2857/2766 2230/2858/2767
f 2230/2858/2767 2216/2857/2766 2229/2859/2768
f 2229/2859/2768 2216/2857/2766 2217/2860/2769
f 2229/2859/2768 2217/2860/2769 2228/2861/2770
f 2228/2861/2770 2217/2860/2769 2218/2862/2771
f 2228/2861/2770 2218/2862/2771 2227/2863/2772
f 2227/2863/2772 2218/2862/2771 2219/2864/2773
f 2227/2863/2772 2219/2864/2773 2226/2865/2774
f 2226/2865/2774 2219/2864/2773 2220/2866/2775
f 2226/2865/2774 2220/2866/2775 2225/2867/2776
f 2225/2867/2776 2220/2866/2775 2221/2868/2777
f 2225/2867/2776 2221/2868/2777 2224/2869/2778
f 2224/2869/2778 2221/2868/2777 2222/2870/2779
f 2224/2869/2778 2222/2870/2779 2223/2871/2780
f 2223/2871/2780 2222/2870/2779 2199/2872/2781
f 2223/2871/2780 2199/2872/2781 2214/2873/2782
f 2231/2874/2783 2215/2875/2784 2232/2876/2785
f 2232/2876/2785 2215/2875/2784 2230/2877/2786
f 2233/2878/2787 2234/2879/2788 2240/2880/2789
f 2240/2880/2789 2234/2879/2788 2239/2881/2790
f 2239/2881/2790 2234/2879/2788 2235/2882/2791
f 2239/2881/2790 2235/2882/2791 2238/2883/2792
f 2238/2883/2792 2235/2882/2791 2236/2884/2793
f 2238/2883/2792 2236/2884/2793 2237/2885/2794
f 2237/2885/2794 2236/2884/2793 2231/2886/2795
f 2237/2885/2794 2231/2886/2795 2232/2887/2796
f 2241/2888/2797 2242/2889/2798 2248/2890/2799
f 2248/2890/2799 2242/2889/2798 2247/2891/2800
f 2247/2891/2800 2242/2889/2798 2243/2892/2801
f 2247/2891/2800 2243/2892/2801 2246/2893/2802
f 2246/2893/2802 2243/2892/2801 2244/2894/2803
f 2246/2893/2802 2244/2894/2803 2245/2895/2804
f 2245/2895/2804 2244/2894/2803 2233/2896/2805
f 2245/2895/2804 2233/2896/2805 2240/2897/2806
f 2249/2898/2807 2250/2899/2808 2256/2900/2809
f 2256/2900/2809 2250/2899/2808 2255/2901/2810
f 2255/2901/2810 2250/2899/2808 2251/2902/2811
f 2255/2901/2810 2251/2902/2811 2254/2903/2812
f 2254/2903/2812 2251/2902/2811 2252/2904/2813
f 2254/2903/2812 2252/2904/2813 2253/2905/2814
f 2253/2905/2814 2252/2904/2813 2241/2906/2797
f 2253/2905/2814 2241/2906/2797 2248/2907/2799
f 2257/2908/2815 2258/2909/2816 2264/2910/2817
f 2264/2910/2817 2258/2909/2816 2263/2911/2818
f 2263/2911/2818 2258/2909/2816 2259/2912/2819
f 2263/2911/2818 2259/2912/2819 2262/2913/2820
f 2262/2913/2820 2259/2912/2819 2260/2914/2821
f 2262/2913/2820 2260/2914/2821 2261/2915/2822
f 2261/2915/2822 2260/2914/2821 2249/2916/2823
f 2261/2915/2822 2249/2916/2823 2256/2917/2824
f 2265/2918/2825 2266/2919/2826 2272/2920/2827
f 2272/2920/2827 2266/2919/2826 2271/2921/2828
f 2271/2921/2828 2266/2919/2826 2267/2922/2829
f 2271/2921/2828 2267/2922/2829 2270/2923/2830
f 2270/2923/2830 2267/2922/2829 2268/2924/2831
f 2270/2923/2830 2268/2924/2831 2269/2925/2832
f 2269/2925/2832 2268/2924/2831 2257/2926/2815
f 2269/2925/2832 2257/2926/2815 2264/2927/2817
f 2273/2928/2833 2274/2929/2834 2288/2930/2835
f 2288/2930/2835 2274/2929/2834 2287/2931/2836
f 2287/2931/2836 2274/2929/2834 2275/2932/2837
f 2287/2931/2836 2275/2932/2837 2286/2933/2838
f 2286/2933/2838 2275/2932/2837 2276/2934/2839
f 2286/2933/2838 2276/2934/2839 2285/2935/2840
f 2285/2935/2840 2276/2934/2839 2277/2936/2841
f 2285/2935/2840 2277/2936/2841 2284/2937/2842
f 2284/2937/2842 2277/2936/2841 2278/2938/2843
f 2284/2937/2842 2278/2938/2843 2283/2939/2844
f 2283/2939/2844 2278/2938/2843 2279/2940/2845
f 2283/2939/2844 2279/2940/2845 2282/2941/2846
f 2282/2941/2846 2279/2940/2845 2280/2942/2847
f 2282/2941/2846 2280/2942/2847 2281/2943/2848
f 2281/2943/2848 2280/2942/2847 2265/2944/2849
f 2281/2943/2848 2265/2944/2849 2272/2945/2850
f 2289/2946/2851 2290/2947/2852 2296/2948/2853
f 2296/2948/2853 2290/2947/2852 2295/2949/2854
f 2295/2949/2854 2290/2947/2852 2291/2950/2855
f 2295/2949/2854 2291/2950/2855 2294/2951/2856
f 2294/2951/2856 2291/2950/2855 2292/2952/2857
f 2294/2951/2856 2292/2952/2857 2293/2953/2858
f 2293/2953/2858 2292/2952/2857 2273/2954/2859
f 2293/2953/2858 2273/2954/2859 2288/2955/2860
f 2297/2956/2861 2298/2957/2862 2304/2958/2863
f 2304/2958/2863 2298/2957/2862 2303/2959/2864
f 2303/2959/2864 2298/2957/2862 2299/2960/2865
f 2303/2959/2864 2299/2960/2865 2302/2961/2866
f 2302/2961/2866 2299/2960/2865 2300/2962/2867
f 2302/2961/2866 2300/2962/2867 2301/2963/2868
f 2301/2963/2868 2300/2962/2867 2289/2964/2869
f 2301/2963/2868 2289/2964/2869 2296/2965/2870
f 2305/2966/2871 2306/2967/2872 2312/2968/2873
f 2312/2968/2873 2306/2967/2872 2311/2969/2874
f 2311/2969/2874 2306/2967/2872 2307/2970/2875
f 2311/2969/2874 2307/2970/2875 2310/2971/2876
f 2310/2971/2876 2307/2970/2875 2308/2972/2877
f 2310/2971/2876 2308/2972/2877 2309/2973/2878
f 2309/2973/2878 2308/2972/2877 2297/2974/2879
f 2309/2973/2878 2297/2974/2879 2304/2975/2880
f 2313/2976/2881 2314/2977/2882 2320/2978/2883
f 2320/2978/2883 2314/2977/2882 2319/2979/2884
f 2319/2979/2884 2314/2977/2882 2315/2980/2885
f 2319/2979/2884 2315/2980/2885 2318/2981/2886
f 2318/2981/2886 2315/2980/2885 2316/2982/2887
f 2318/2981/2886 2316/2982/2887 2317/2983/2888
f 2317/2983/2888 2316/2982/2887 2305/2984/2871
f 2317/2983/2888 2305/2984/2871 2312/2985/2873
f 2321/2986/2889 2322/2987/2890 2328/2988/2891
f 2328/2988/2891 2322/2987/2890 2327/2989/2892
f 2327/2989/2892 2322/2987/2890 2323/2990/2893
f 2327/2989/2892 2323/2990/2893 2326/2991/2894
f 2326/2991/2894 2323/2990/2893 2324/2992/2895
f 2326/2991/2894 2324/2992/2895 2325/2993/2896
f 2325/2993/2896 2324/2992/2895 2313/2994/2897
f 2325/2993/2896 2313/2994/2897 2320/2995/2898
f 2329/2996/2899 2330/2997/2900 2336/2998/2901
f 2336/2998/2901 2330/2997/2900 2335/2999/2902
f 2335/2999/2902 2330/2997/2900 2331/3000/2903
f 2335/2999/2902 2331/3000/2903 2334/3001/2904
f 2334/3001/2904 2331/3000/2903 2332/3002/2905
f 2334/3001/2904 2332/3002/2905 2333/3003/2906
f 2333/3003/2906 2332/3002/2905 2321/3004/2907
f 2333/3003/2906 2321/3004/2907 2328/3005/2908
f 2337/3006/2909 2338/3007/2910 2352/3008/2911
f 2352/3008/2911 2338/3007/2910 2351/3009/2912
f 2351/3009/2912 2338/3007/2910 2339/3010/2913
f 2351/3009/2912 2339/3010/2913 2350/3011/2914
f 2350/3011/2914 2339/3010/2913 2340/3012/2915
f 2350/3011/2914 2340/3012/2915 2349/3013/2916
f 2349/3013/2916 2340/3012/2915 2341/3014/2917
f 2349/3013/2916 2341/3014/2917 2348/3015/2918
f 2348/3015/2918 2341/3014/2917 2342/3016/2919
f 2348/3015/2918 2342/3016/2919 2347/3017/2920
f 2347/3017/2920 2342/3016/2919 2343/3018/2921
f 2347/3017/2920 2343/3018/2921 2346/3019/2922
f 2346/3019/2922 2343/3018/2921 2344/3020/2923
f 2346/3019/2922 2344/3020/2923 2345/3021/2924
f 2345/3021/2924 2344/3020/2923 2329/3022/2899
f 2345/3021/2924 2329/3022/2899 2336/3023/2901
f 2076/3024/2925 2353/3025/2926 2077/3026/2927
f 2077/3026/2927 2353/3025/2926 2366/3027/2928
f 2366/3027/2928 2353/3025/2926 2354/3028/2929
f 2366/3027/2928 2354/3028/2929 2365/3029/2930
f 2365/3029/2930 2354/3028/2929 2355/3030/2931
f 2365/3029/2930 2355/3030/2931 2364/3031/2932
f 2364/3031/2932 2355/3030/2931 2356/3032/2933
f 2364/3031/2932 2356/3032/2933 2363/3033/2934
f 2363/3033/2934 2356/3032/2933 2357/3034/2935
f 2363/3033/2934 2357/3034/2935 2362/3035/2936
f 2362/3035/2936 2357/3034/2935 2358/3036/2937
f 2362/3035/2936 2358/3036/2937 2361/3037/2938
f 2361/3037/2938 2358/3036/2937 2359/3038/2939
f 2361/3037/2938 2359/3038/2939 2360/3039/2940
f 2360/3039/2940 2359/3038/2939 2337/3040/2941
f 2360/3039/2940 2337/3040/2941 2352/3041/2942
f 2077/3042/2943 2366/3043/2944 2078/3044/2945
f 2078/3044/2945 2366/3043/2944 2365/3045/2946
f 2078/3044/2945 2365/3045/2946 2083/3046/2947
f 2083/3046/2947 2365/3045/2946 2084/3047/2948
f 2084/3047/2948 2365/3045/2946 2085/3048/2949
f 2085/3048/2949 2365/3045/2946 2364/3049/2950
f 2085/3048/2949 2364/3049/2950 2086/3050/2951
f 2086/3050/2951 2364/3049/2950 2363/3051/2952
f 2086/3050/2951 2363/3051/2952 2091/3052/2953
f 2091/3052/2953 2363/3051/2952 2092/3053/2954
f 2092/3053/2954 2363/3051/2952 2362/3054/2955
f 2092/3053/2954 2362/3054/2955 2093/3055/2956
f 2093/3055/2956 2362/3054/2955 2094/3056/2957
f 2094/3056/2957 2362/3054/2955 2361/3057/2958
f 2094/3056/2957 2361/3057/2958 2360/3058/2959
f 2360/3058/2959 2352/3059/2960 2094/3056/2957
f 2094/3056/2957 2352/3059/2960 2351/3060/2961
f 2094/3056/2957 2351/3060/2961 2350/3061/2962
f 2350/3061/2962 2349/3062/2963 2094/3056/2957
f 2094/3056/2957 2349/3062/2963 2348/3063/2964
f 2094/3056/2957 2348/3063/2964 2347/3064/2965
f 2347/3064/2965 2346/3065/2966 2094/3056/2957
f 2094/3056/2957 2346/3065/2966 2345/3066/2967
f 2094/3056/2957 2345/3066/2967 2336/3067/2968
f 2094/3056/2957 2336/3067/2968 2099/3068/2969
f 2099/3068/2969 2336/3067/2968 2335/3069/2970
f 2099/3068/2969 2335/3069/2970 2100/3070/2971
f 2100/3070/2971 2335/3069/2970 2334/3071/2972
f 2100/3070/2971 2334/3071/2972 2101/3072/2973
f 2101/3072/2973 2334/3071/2972 2333/3073/2974
f 2101/3072/2973 2333/3073/2974 2102/3074/2975
f 2102/3074/2975 2333/3073/2974 2328/3075/2976
f 2102/3074/2975 2328/3075/2976 2327/3076/2977
f 2102/3074/2975 2327/3076/2977 2107/3077/2978
f 2107/3077/2978 2327/3076/2977 2326/3078/2979
f 2107/3077/2978 2326/3078/2979 2108/3079/2980
f 2108/3079/2980 2326/3078/2979 2325/3080/2981
f 2108/3079/2980 2325/3080/2981 2320/3081/2982
f 2108/3079/2980 2320/3081/2982 2109/3082/2983
f 2109/3082/2983 2320/3081/2982 2319/3083/2984
f 2109/3082/2983 2319/3083/2984 2318/3084/2985
f 2109/3082/2983 2318/3084/2985 2110/3085/2986
f 2110/3085/2986 2318/3084/2985 2317/3086/2987
f 2110/3085/2986 2317/3086/2987 2312/3087/2988
f 2312/3087/2988 2311/3088/2989 2110/3085/2986
f 2110/3085/2986 2311/3088/2989 2115/3089/2990
f 2115/3089/2990 2311/3088/2989 2310/3090/2991
f 2115/3089/2990 2310/3090/2991 2309/3091/2992
f 2115/3089/2990 2309/3091/2992 2116/3092/2993
f 2116/3092/2993 2309/3091/2992 2304/3093/2994
f 2116/3092/2993 2304/3093/2994 2303/3094/2995
f 2116/3092/2993 2303/3094/2995 2117/3095/2996
f 2117/3095/2996 2303/3094/2995 2302/3096/2997
f 2117/3095/2996 2302/3096/2997 2118/3097/2998
f 2118/3097/2998 2302/3096/2997 2301/3098/2999
f 2118/3097/2998 2301/3098/2999 2296/3099/3000
f 2118/3097/2998 2296/3099/3000 2123/3100/3001
f 2123/3100/3001 2296/3099/3000 2295/3101/3002
f 2123/3100/3001 2295/3101/3002 2124/3102/3003
f 2124/3102/3003 2295/3101/3002 2125/3103/3004
f 2125/3103/3004 2295/3101/3002 2294/3104/3005
f 2125/3103/3004 2294/3104/3005 2126/3105/3006
f 2126/3105/3006 2294/3104/3005 2135/3106/3007
f 2135/3106/3007 2294/3104/3005 2293/3107/3008
f 2135/3106/3007 2293/3107/3008 2136/3108/3009
f 2136/3108/3009 2293/3107/3008 2137/3109/3010
f 2137/3109/3010 2293/3107/3008 2138/3110/3011
f 2138/3110/3011 2293/3107/3008 2139/3111/3012
f 2139/3111/3012 2293/3107/3008 2288/3112/3013
f 2139/3111/3012 2288/3112/3013 2140/3113/3014
f 2140/3113/3014 2288/3112/3013 2141/3114/3015
f 2141/3114/3015 2288/3112/3013 2287/3115/3016
f 2141/3114/3015 2287/3115/3016 2142/3116/3017
f 2142/3116/3017 2287/3115/3016 2286/3117/3018
f 2142/3116/3017 2286/3117/3018 2151/3118/3019
f 2151/3118/3019 2286/3117/3018 2285/3119/3020
f 2151/3118/3019 2285/3119/3020 2152/3120/3021
f 2152/3120/3021 2285/3119/3020 2284/3121/3022
f 2152/3120/3021 2284/3121/3022 2283/3122/3023
f 2152/3120/3021 2283/3122/3023 2153/3123/3024
f 2153/3123/3024 2283/3122/3023 2282/3124/3025
f 2153/3123/3024 2282/3124/3025 2154/3125/3026
f 2154/3125/3026 2282/3124/3025 2281/3126/3027
f 2154/3125/3026 2281/3126/3027 2155/3127/3028
f 2155/3127/3028 2281/3126/3027 2272/3128/3029
f 2155/3127/3028 2272/3128/3029 2156/3129/3030
f 2156/3129/3030 2272/3128/3029 2271/3130/3031
f 2156/3129/3030 2271/3130/3031 2157/3131/3032
f 2157/3131/3032 2271/3130/3031 2158/3132/3033
f 2158/3132/3033 2271/3130/3031 2167/3133/3034
f 2167/3133/3034 2271/3130/3031 2270/3134/3035
f 2167/3133/3034 2270/3134/3035 2168/3135/3036
f 2168/3135/3036 2270/3134/3035 2169/3136/3037
f 2169/3136/3037 2270/3134/3035 2269/3137/3038
f 2169/3136/3037 2269/3137/3038 2170/3138/3039
f 2170/3138/3039 2269/3137/3038 2171/3139/3040
f 2171/3139/3040 2269/3137/3038 2172/3140/3041
f 2172/3140/3041 2269/3137/3038 2173/3141/3042
f 2173/3141/3042 2269/3137/3038 2264/3142/3043
f 2173/3141/3042 2264/3142/3043 2174/3143/3044
f 2174/3143/3044 2264/3142/3043 2179/3144/3045
f 2179/3144/3045 2264/3142/3043 2180/3145/3046
f 2180/3145/3046 2264/3142/3043 2263/3146/3047
f 2180/3145/3046 2263/3146/3047 2181/3147/3048
f 2181/3147/3048 2263/3146/3047 2182/3148/3049
f 2182/3148/3049 2263/3146/3047 2187/3149/3050
f 2187/3149/3050 2263/3146/3047 2262/3150/3051
f 2187/3149/3050 2262/3150/3051 2188/3151/3052
f 2188/3151/3052 2262/3150/3051 2261/3152/3053
f 2188/3151/3052 2261/3152/3053 2189/3153/3054
f 2189/3153/3054 2261/3152/3053 2256/3154/3055
f 2189/3153/3054 2256/3154/3055 2190/3155/3056
f 2190/3155/3056 2256/3154/3055 2195/3156/3057
f 2195/3156/3057 2256/3154/3055 2255/3157/3058
f 2195/3156/3057 2255/3157/3058 2196/3158/3059
f 2196/3158/3059 2255/3157/3058 2254/3159/3060
f 2196/3158/3059 2254/3159/3060 2197/3160/3061
f 2197/3160/3061 2254/3159/3060 2253/3161/3062
f 2197/3160/3061 2253/3161/3062 2198/3162/3063
f 2198/3162/3063 2253/3161/3062 2248/3163/3064
f 2198/3162/3063 2248/3163/3064 2207/3164/3065
f 2207/3164/3065 2248/3163/3064 2208/3165/3066
f 2208/3165/3066 2248/3163/3064 2209/3166/3067
f 2209/3166/3067 2248/3163/3064 2210/3167/3068
f 2210/3167/3068 2248/3163/3064 2211/3168/3069
f 2211/3168/3069 2248/3163/3064 2212/3169/3070
f 2212/3169/3070 2248/3163/3064 2213/3170/3071
f 2213/3170/3071 2248/3163/3064 2214/3171/3072
f 2214/3171/3072 2248/3163/3064 2223/3172/3073
f 2223/3172/3073 2248/3163/3064 2224/3173/3074
f 2224/3173/3074 2248/3163/3064 2225/3174/3075
f 2225/3174/3075 2248/3163/3064 2247/3175/3076
f 2225/3174/3075 2247/3175/3076 2246/3176/3077
f 2246/3176/3077 2245/3177/3078 2225/3174/3075
f 2225/3174/3075 2245/3177/3078 2240/3178/3079
f 2225/3174/3075 2240/3178/3079 2239/3179/3080
f 2239/3179/3080 2238/3180/3081 2225/3174/3075
f 2225/3174/3075 2238/3180/3081 2237/3181/3082
f 2225/3174/3075 2237/3181/3082 2226/3182/3083
f 2226/3182/3083 2237/3181/3082 2227/3183/3084
f 2227/3183/3084 2237/3181/3082 2232/3184/3085
f 2227/3183/3084 2232/3184/3085 2228/3185/3086
f 2228/3185/3086 2232/3184/3085 2229/3186/3087
f 2229/3186/3087 2232/3184/3085 2230/3187/3088
f 2338/3188/3089 2337/3189/3090 2087/3190/3091
f 2087/3190/3091 2337/3189/3090 2359/3191/3092
f 2087/3190/3091 2359/3191/3092 2358/3192/3093
f 2358/3192/3093 2357/3193/3094 2087/3190/3091
f 2087/3190/3091 2357/3193/3094 2088/3194/3095
f 2088/3194/3095 2357/3193/3094 2089/3195/3096
f 2089/3195/3096 2357/3193/3094 2090/3196/3097
f 2090/3196/3097 2357/3193/3094 2079/3197/3098
f 2079/3197/3098 2357/3193/3094 2080/3198/3099
f 2080/3198/3099 2357/3193/3094 2081/3199/3100
f 2081/3199/3100 2357/3193/3094 2082/3200/3101
f 2082/3200/3101 2357/3193/3094 2356/3201/3102
f 2082/3200/3101 2356/3201/3102 2355/3202/3103
f 2355/3202/3103 2354/3203/3104 2082/3200/3101
f 2082/3200/3101 2354/3203/3104 2075/3204/3105
f 2075/3204/3105 2354/3203/3104 2353/3205/3106
f 2075/3204/3105 2353/3205/3106 2076/3206/3107
f 2098/3207/3108 2332/3208/3109 2087/3190/3091
f 2087/3190/3091 2332/3208/3109 2341/3209/3110
f 2087/3190/3091 2341/3209/3110 2340/3210/3111
f 2098/3207/3108 2097/3211/3112 2332/3208/3109
f 2332/3208/3109 2097/3211/3112 2096/3212/3113
f 2332/3208/3109 2096/3212/3113 2095/3213/3114
f 2106/3214/3115 2322/3215/3116 2095/3213/3114
f 2095/3213/3114 2322/3215/3116 2321/3216/3117
f 2095/3213/3114 2321/3216/3117 2332/3208/3109
f 2322/3215/3116 2106/3214/3115 2323/3217/3118
f 2323/3217/3118 2106/3214/3115 2105/3218/3119
f 2323/3217/3118 2105/3218/3119 2324/3219/3120
f 2324/3219/3120 2105/3218/3119 2313/3220/3121
f 2313/3220/3121 2105/3218/3119 2104/3221/3122
f 2313/3220/3121 2104/3221/3122 2314/3222/3123
f 2314/3222/3123 2104/3221/3122 2315/3223/3124
f 2315/3223/3124 2104/3221/3122 2103/3224/3125
f 2315/3223/3124 2103/3224/3125 2316/3225/3126
f 2316/3225/3126 2103/3224/3125 2305/3226/3127
f 2305/3226/3127 2103/3224/3125 2306/3227/3128
f 2306/3227/3128 2103/3224/3125 2114/3228/3129
f 2306/3227/3128 2114/3228/3129 2307/3229/3130
f 2307/3229/3130 2114/3228/3129 2308/3230/3131
f 2308/3230/3131 2114/3228/3129 2113/3231/3132
f 2308/3230/3131 2113/3231/3132 2297/3232/3133
f 2297/3232/3133 2113/3231/3132 2298/3233/3134
f 2298/3233/3134 2113/3231/3132 2112/3234/3135
f 2298/3233/3134 2112/3234/3135 2299/3235/3136
f 2299/3235/3136 2112/3234/3135 2111/3236/3137
f 2299/3235/3136 2111/3236/3137 2300/3237/3138
f 2300/3237/3138 2111/3236/3137 2289/3238/3139
f 2289/3238/3139 2111/3236/3137 2122/3239/3140
f 2289/3238/3139 2122/3239/3140 2290/3240/3141
f 2290/3240/3141 2122/3239/3140 2121/3241/3142
f 2290/3240/3141 2121/3241/3142 2120/3242/3143
f 2290/3240/3141 2120/3242/3143 2291/3243/3144
f 2291/3243/3144 2120/3242/3143 2119/3244/3145
f 2291/3243/3144 2119/3244/3145 2134/3245/3146
f 2291/3243/3144 2134/3245/3146 2292/3246/3147
f 2292/3246/3147 2134/3245/3146 2133/3247/3148
f 2292/3246/3147 2133/3247/3148 2132/3248/3149
f 2132/3248/3149 2131/3249/3150 2292/3246/3147
f 2292/3246/3147 2131/3249/3150 2130/3250/3151
f 2292/3246/3147 2130/3250/3151 2273/3251/3152
f 2273/3251/3152 2130/3250/3151 2129/3252/3153
f 2273/3251/3152 2129/3252/3153 2128/3253/3154
f 2273/3251/3152 2128/3253/3154 2274/3254/3155
f 2274/3254/3155 2128/3253/3154 2127/3255/3156
f 2274/3254/3155 2127/3255/3156 2275/3256/3157
f 2275/3256/3157 2127/3255/3156 2150/3257/3158
f 2275/3256/3157 2150/3257/3158 2276/3258/3159
f 2276/3258/3159 2150/3257/3158 2149/3259/3160
f 2276/3258/3159 2149/3259/3160 2277/3260/3161
f 2277/3260/3161 2149/3259/3160 2278/3261/3162
f 2278/3261/3162 2149/3259/3160 2148/3262/3163
f 2278/3261/3162 2148/3262/3163 2279/3263/3164
f 2279/3263/3164 2148/3262/3163 2147/3264/3165
f 2279/3263/3164 2147/3264/3165 2280/3265/3166
f 2280/3265/3166 2147/3264/3165 2146/3266/3167
f 2280/3265/3166 2146/3266/3167 2265/3267/3168
f 2265/3267/3168 2146/3266/3167 2145/3268/3169
f 2265/3267/3168 2145/3268/3169 2266/3269/3170
f 2266/3269/3170 2145/3268/3169 2144/3270/3171
f 2266/3269/3170 2144/3270/3171 2143/3271/3172
f 2143/3271/3172 2166/3272/3173 2266/3269/3170
f 2266/3269/3170 2166/3272/3173 2267/3273/3174
f 2267/3273/3174 2166/3272/3173 2165/3274/3175
f 2267/3273/3174 2165/3274/3175 2164/3275/3176
f 2267/3273/3174 2164/3275/3176 2268/3276/3177
f 2268/3276/3177 2164/3275/3176 2163/3277/3178
f 2268/3276/3177 2163/3277/3178 2162/3278/3179
f 2162/3278/3179 2161/3279/3180 2268/3276/3177
f 2268/3276/3177 2161/3279/3180 2160/3280/3181
f 2268/3276/3177 2160/3280/3181 2257/3281/3182
f 2257/3281/3182 2160/3280/3181 2159/3282/3183
f 2257/3281/3182 2159/3282/3183 2178/3283/3184
f 2178/3283/3184 2177/3284/3185 2257/3281/3182
f 2257/3281/3182 2177/3284/3185 2258/3285/3186
f 2258/3285/3186 2177/3284/3185 2176/3286/3187
f 2258/3285/3186 2176/3286/3187 2175/3287/3188
f 2175/3287/3188 2186/3288/3189 2258/3285/3186
f 2258/3285/3186 2186/3288/3189 2259/3289/3190
f 2259/3289/3190 2186/3288/3189 2185/3290/3191
f 2259/3289/3190 2185/3290/3191 2260/3291/3192
f 2260/3291/3192 2185/3290/3191 2184/3292/3193
f 2260/3291/3192 2184/3292/3193 2249/3293/3194
f 2249/3293/3194 2184/3292/3193 2183/3294/3195
f 2249/3293/3194 2183/3294/3195 2194/3295/3196
f 2249/3293/3194 2194/3295/3196 2250/3296/3197
f 2250/3296/3197 2194/3295/3196 2193/3297/3198
f 2250/3296/3197 2193/3297/3198 2251/3298/3199
f 2251/3298/3199 2193/3297/3198 2192/3299/3200
f 2251/3298/3199 2192/3299/3200 2252/3300/3201
f 2252/3300/3201 2192/3299/3200 2191/3301/3202
f 2252/3300/3201 2191/3301/3202 2241/3302/3203
f 2241/3302/3203 2191/3301/3202 2206/3303/3204
f 2241/3302/3203 2206/3303/3204 2205/3304/3205
f 2205/3304/3205 2204/3305/3206 2241/3302/3203
f 2241/3302/3203 2204/3305/3206 2203/3306/3207
f 2241/3302/3203 2203/3306/3207 2202/3307/3208
f 2202/3307/3208 2201/3308/3209 2241/3302/3203
f 2241/3302/3203 2201/3308/3209 2200/3309/3210
f 2241/3302/3203 2200/3309/3210 2199/3310/3211
f 2199/3310/3211 2222/3311/3212 2241/3302/3203
f 2241/3302/3203 2222/3311/3212 2221/3312/3213
f 2241/3302/3203 2221/3312/3213 2220/3313/3214
f 2219/3314/3215 2236/3315/3216 2220/3313/3214
f 2220/3313/3214 2236/3315/3216 2235/3316/3217
f 2220/3313/3214 2235/3316/3217 2234/3317/3218
f 2219/3314/3215 2218/3318/3219 2236/3315/3216
f 2236/3315/3216 2218/3318/3219 2231/3319/3220
f 2231/3319/3220 2218/3318/3219 2217/3320/3221
f 2231/3319/3220 2217/3320/3221 2216/3321/3222
f 2216/3321/3222 2215/3322/3223 2231/3319/3220
f 2234/3317/3218 2233/3323/3224 2220/3313/3214
f 2220/3313/3214 2233/3323/3224 2244/3324/3225
f 2220/3313/3214 2244/3324/3225 2243/3325/3226
f 2243/3325/3226 2242/3326/3227 2220/3313/3214
f 2220/3313/3214 2242/3326/3227 2241/3302/3203
f 2341/3209/3110 2332/3208/3109 2342/3327/3228
f 2342/3327/3228 2332/3208/3109 2331/3328/3229
f 2342/3327/3228 2331/3328/3229 2343/3329/3230
f 2343/3329/3230 2331/3328/3229 2330/3330/3231
f 2343/3329/3230 2330/3330/3231 2344/3331/3232
f 2344/3331/3232 2330/3330/3231 2329/3332/3233
f 2340/3210/3111 2339/3333/3234 2087/3190/3091
f 2087/3190/3091 2339/3333/3234 2338/3188/3089
g Panel_Logo_3

v -2.743757 2.000000 109.094134
v -2.743757 2.000000 109.661665
v -2.743757 2.200000 109.661665
v -2.743757 2.200000 109.094134
v -2.964765 2.000000 109.094134
v -2.964765 2.200000 109.094134
v -3.284002 2.000000 109.125512
v -3.233865 2.000000 109.111784
v -3.163947 2.000000 109.101978
v -3.074247 2.000000 109.096095
v -3.074247 2.200000 109.096095
v -3.163947 2.200000 109.101978
v -3.233865 2.200000 109.111784
v -3.284002 2.200000 109.125512
v -3.409513 2.000000 109.223738
v -3.384787 2.000000 109.192531
v -3.355626 2.000000 109.165757
v -3.322031 2.000000 109.143418
v -3.322031 2.200000 109.143418
v -3.355626 2.200000 109.165757
v -3.384787 2.200000 109.192531
v -3.409513 2.200000 109.223738
v -3.455898 2.000000 109.379263
v -3.452999 2.000000 109.336289
v -3.444302 2.000000 109.296044
v -3.429806 2.000000 109.258527
v -3.429806 2.200000 109.258527
v -3.444302 2.200000 109.296044
v -3.452999 2.200000 109.336289
v -3.455898 2.200000 109.379263
v -3.391779 2.000000 109.559345
v -3.419831 2.000000 109.521487
v -3.439868 2.000000 109.478854
v -3.451890 2.000000 109.431446
v -3.451890 2.200000 109.431446
v -3.439868 2.200000 109.478854
v -3.419831 2.200000 109.521487
v -3.391779 2.200000 109.559345
v -3.229431 2.000000 109.648022
v -3.276413 2.000000 109.635829
v -3.319131 2.000000 109.616985
v -3.357586 2.000000 109.591491
v -3.357586 2.200000 109.591491
v -3.319131 2.200000 109.616985
v -3.276413 2.200000 109.635829
v -3.229431 2.200000 109.648022
v -2.938844 2.000000 109.661665
v -3.038861 2.000000 109.660812
v -3.120631 2.000000 109.658254
v -3.184155 2.000000 109.653991
v -3.184155 2.200000 109.653991
v -3.120631 2.200000 109.658254
v -3.038861 2.200000 109.660812
v -2.938844 2.200000 109.661665
v -2.339937 2.000000 110.000000
v -2.339937 2.000000 108.000000
v -2.339937 2.200000 108.000000
v -2.339937 2.200000 110.000000
v -2.987959 2.000000 110.000000
v -2.987959 2.200000 110.000000
v -3.468177 2.000000 109.969986
v -3.436203 2.000000 109.977021
v -3.396213 2.000000 109.983117
v -3.348208 2.000000 109.988276
v -3.292188 2.000000 109.992497
v -3.228153 2.000000 109.995779
v -3.156103 2.000000 109.998124
v -3.076038 2.000000 109.999531
v -3.076038 2.200000 109.999531
v -3.156103 2.200000 109.998124
v -3.228153 2.200000 109.995779
v -3.292188 2.200000 109.992497
v -3.348208 2.200000 109.988276
v -3.396213 2.200000 109.983117
v -3.436203 2.200000 109.977021
v -3.468177 2.200000 109.969986
v -3.756035 2.000000 109.773534
v -3.694558 2.000000 109.842599
v -3.626090 2.000000 109.898363
v -3.550630 2.000000 109.940825
v -3.550630 2.200000 109.940825
v -3.626090 2.200000 109.898363
v -3.694558 2.200000 109.842599
v -3.756035 2.200000 109.773534
v -3.871996 2.000000 109.384720
v -3.864748 2.000000 109.498551
v -3.843005 2.000000 109.601296
v -3.806767 2.000000 109.692957
v -3.806767 2.200000 109.692957
v -3.843005 2.200000 109.601296
v -3.864748 2.200000 109.498551
v -3.871996 2.200000 109.384720
v -3.805149 2.000000 109.075034
v -3.834394 2.000000 109.141456
v -3.855284 2.000000 109.215212
v -3.867818 2.000000 109.296300
v -3.867818 2.200000 109.296300
v -3.855284 2.200000 109.215212
v -3.834394 2.200000 109.141456
v -3.805149 2.200000 109.075034
v -3.634617 2.000000 108.877217
v -3.684156 2.000000 108.916695
v -3.729091 2.000000 108.962824
v -3.769422 2.000000 109.015604
v -3.769422 2.200000 109.015604
v -3.729091 2.200000 108.962824
v -3.684156 2.200000 108.916695
v -3.634617 2.200000 108.877217
v -3.425884 2.000000 108.783083
v -3.478835 2.000000 108.797664
v -3.531273 2.000000 108.818213
v -3.583201 2.000000 108.844731
v -3.583201 2.200000 108.844731
v -3.531273 2.200000 108.818213
v -3.478835 2.200000 108.797664
v -3.425884 2.200000 108.783083
v -3.007059 2.000000 108.754434
v -3.136065 2.000000 108.756225
v -3.248872 2.000000 108.761596
v -3.345478 2.000000 108.770549
v -3.345478 2.200000 108.770549
v -3.248872 2.200000 108.761596
v -3.136065 2.200000 108.756225
v -3.007059 2.200000 108.754434
v -2.743757 2.000000 108.754434
v -2.743757 2.200000 108.754434
v -2.743757 2.000000 108.000000
v -2.743757 2.200000 108.000000
vt 0.000000 0.000000 0.000000
vt 0.567531 0.000000 0.000000
vt 0.000000 0.200000 0.000000
vt 0.567531 0.200000 0.000000
vt 0.000000 0.000000 0.000000
vt 0.221008 0.000000 0.000000
vt 0.000000 0.200000 0.000000
vt 0.221008 0.200000 0.000000
vt -0.320791 0.000000 0.000000
vt -0.240593 0.000000 0.000000
vt -0.320791 0.200000 0.000000
vt -0.240593 0.200000 0.000000
vt -0.160395 0.000000 0.000000
vt -0.160395 0.200000 0.000000
vt -0.080198 0.000000 0.000000
vt -0.080198 0.200000 0.000000
vt 0.000000 0.000000 0.000000
vt 0.000000 0.200000 0.000000
vt -0.159379 0.000000 0.000000
vt -0.119534 0.000000 0.000000
vt -0.159379 0.200000 0.000000
vt -0.119534 0.200000 0.000000
vt -0.079690 0.000000 0.000000
vt -0.079690 0.200000 0.000000
vt -0.039845 0.000000 0.000000
vt -0.039845 0.200000 0.000000
vt 0.000000 0.000000 0.000000
vt 0.000000 0.200000 0.000000
vt -0.162294 0.000000 0.000000
vt -0.121721 0.000000 0.000000
vt -0.162294 0.200000 0.000000
vt -0.121721 0.200000 0.000000
vt -0.081147 0.000000 0.000000
vt -0.081147 0.200000 0.000000
vt -0.040574 0.000000 0.000000
vt -0.040574 0.200000 0.000000
vt 0.000000 0.000000 0.000000
vt 0.000000 0.200000 0.000000
vt -0.191158 0.000000 0.000000
vt -0.143368 0.000000 0.000000
vt -0.191158 0.200000 0.000000
vt -0.143368 0.200000 0.000000
vt -0.095579 0.000000 0.000000
vt -0.095579 0.200000 0.000000
vt -0.047789 0.000000 0.000000
vt -0.047789 0.200000 0.000000
vt 0.000000 0.000000 0.000000
vt 0.000000 0.200000 0.000000
vt -0.184987 0.000000 0.000000
vt -0.138740 0.000000 0.000000
vt -0.184987 0.200000 0.000000
vt -0.138740 0.200000 0.000000
vt -0.092494 0.000000 0.000000
vt -0.092494 0.200000 0.000000
vt -0.046247 0.000000 0.000000
vt -0.046247 0.200000 0.000000
vt 0.000000 0.000000 0.000000
vt 0.000000 0.200000 0.000000
vt -0.290892 0.000000 0.000000
vt -0.218169 0.000000 0.000000
vt -0.290892 0.200000 0.000000
vt -0.218169 0.200000 0.000000
vt -0.145446 0.000000 0.000000
vt -0.145446 0.200000 0.000000
vt -0.072723 0.000000 0.000000
vt -0.072723 0.200000 0.000000
vt 0.000000 0.000000 0.000000
vt 0.000000 0.200000 0.000000
vt 0.000000 0.000000 0.000000
vt 0.195087 0.000000 0.000000
vt 0.000000 0.200000 0.000000
vt 0.195087 0.200000 0.000000
vt 0.000000 0.000000 0.000000
vt 2.000000 0.000000 0.000000
vt 0.000000 0.200000 0.000000
vt 2.000000 0.200000 0.000000
vt 0.000000 0.000000 0.000000
vt 0.648022 0.000000 0.000000
vt 0.000000 0.200000 0.000000
vt 0.648022 0.200000 0.000000
vt -0.481181 0.000000 0.000000
vt -0.421034 0.000000 0.000000
vt -0.481181 0.200000 0.000000
vt -0.421034 0.200000 0.000000
vt -0.360886 0.000000 0.000000
vt -0.360886 0.200000 0.000000
vt -0.300738 0.000000 0.000000
vt -0.300738 0.200000 0.000000
vt -0.240591 0.000000 0.000000
vt -0.240591 0.200000 0.000000
vt -0.180443 0.000000 0.000000
vt -0.180443 0.200000 0.000000
vt -0.120295 0.000000 0.000000
vt -0.120295 0.200000 0.000000
vt -0.060148 0.000000 0.000000
vt -0.060148 0.200000 0.000000
vt 0.000000 0.000000 0.000000
vt 0.000000 0.200000 0.000000
vt -0.348503 0.000000 0.000000
vt -0.261377 0.000000 0.000000
vt -0.348503 0.200000 0.000000
vt -0.261377 0.200000 0.000000
vt -0.174252 0.000000 0.000000
vt -0.174252 0.200000 0.000000
vt -0.087126 0.000000 0.000000
vt -0.087126 0.200000 0.000000
vt 0.000000 0.000000 0.000000
vt 0.000000 0.200000 0.000000
vt -0.405732 0.000000 0.000000
vt -0.304299 0.000000 0.000000
vt -0.405732 0.200000 0.000000
vt -0.304299 0.200000 0.000000
vt -0.202866 0.000000 0.000000
vt -0.202866 0.200000 0.000000
vt -0.101433 0.000000 0.000000
vt -0.101433 0.200000 0.000000
vt 0.000000 0.000000 0.000000
vt 0.000000 0.200000 0.000000
vt -0.316823 0.000000 0.000000
vt -0.237617 0.000000 0.000000
vt -0.316823 0.200000 0.000000
vt -0.237617 0.200000 0.000000
vt -0.158411 0.000000 0.000000
vt -0.158411 0.200000 0.000000
vt -0.079206 0.000000 0.000000
vt -0.079206 0.200000 0.000000
vt 0.000000 0.000000 0.000000
vt 0.000000 0.200000 0.000000
vt -0.261178 0.000000 0.000000
vt -0.195883 0.000000 0.000000
vt -0.261178 0.200000 0.000000
vt -0.195883 0.200000 0.000000
vt -0.130589 0.000000 0.000000
vt -0.130589 0.200000 0.000000
vt -0.065294 0.000000 0.000000
vt -0.065294 0.200000 0.000000
vt 0.000000 0.000000 0.000000
vt 0.000000 0.200000 0.000000
vt -0.228979 0.000000 0.000000
vt -0.171734 0.000000 0.000000
vt -0.228979 0.200000 0.000000
vt -0.171734 0.200000 0.000000
vt -0.114489 0.000000 0.000000
vt -0.114489 0.200000 0.000000
vt -0.057245 0.000000 0.000000
vt -0.057245 0.200000 0.000000
vt 0.000000 0.000000 0.000000
vt 0.000000 0.200000 0.000000
vt -0.419791 0.000000 0.000000
vt -0.314843 0.000000 0.000000
vt -0.419791 0.200000 0.000000
vt -0.314843 0.200000 0.000000
vt -0.209896 0.000000 0.000000
vt -0.209896 0.200000 0.000000
vt -0.104948 0.000000 0.000000
vt -0.104948 0.200000 0.000000
vt 0.000000 0.000000 0.000000
vt 0.000000 0.200000 0.000000
vt 0.000000 0.000000 0.000000
vt 0.263302 0.000000 0.000000
vt 0.000000 0.200000 0.000000
vt 0.263302 0.200000 0.000000
vt 0.000000 0.000000 0.000000
vt 0.754434 0.000000 0.000000
vt 0.000000 0.200000 0.000000
vt 0.754434 0.200000 0.000000
vt 0.000000 0.000000 0.000000
vt 0.403820 0.000000 0.000000
vt 0.000000 0.200000 0.000000
vt 0.403820 0.200000 0.000000
vt 2.743757 -0.999318 0.000000
vt 2.743757 -0.244884 0.000000
vt 2.339937 -0.999318 0.000000
vt 2.743757 0.094816 0.000000
vt 2.339937 1.000682 0.000000
vt 2.743757 0.662347 0.000000
vt 2.987959 1.000682 0.000000
vt 2.938845 0.662347 0.000000
vt 3.038862 0.661494 0.000000
vt 2.964766 0.094816 0.000000
vt 3.007059 -0.244884 0.000000
vt 3.074247 0.096777 0.000000
vt 3.136066 -0.243093 0.000000
vt 3.163947 0.102660 0.000000
vt 3.248872 -0.237722 0.000000
vt 3.345478 -0.228769 0.000000
vt 3.425884 -0.216235 0.000000
vt 3.478835 -0.201654 0.000000
vt 3.531274 -0.181105 0.000000
vt 3.583201 -0.154587 0.000000
vt 3.634617 -0.122101 0.000000
vt 3.684156 -0.082623 0.000000
vt 3.729092 -0.036494 0.000000
vt 3.429807 0.259209 0.000000
vt 3.409514 0.224420 0.000000
vt 3.384787 0.193213 0.000000
vt 3.444302 0.296726 0.000000
vt 3.769423 0.016286 0.000000
vt 3.805149 0.075716 0.000000
vt 3.834395 0.142139 0.000000
vt 3.452999 0.336971 0.000000
vt 3.855284 0.215894 0.000000
vt 3.867818 0.296982 0.000000
vt 3.455898 0.379946 0.000000
vt 3.871996 0.385403 0.000000
vt 3.864748 0.499233 0.000000
vt 3.451891 0.432128 0.000000
vt 3.843006 0.601978 0.000000
vt 3.806768 0.693639 0.000000
vt 3.439869 0.479536 0.000000
vt 3.756035 0.774216 0.000000
vt 3.694558 0.843281 0.000000
vt 3.419831 0.522169 0.000000
vt 3.626090 0.899045 0.000000
vt 3.391779 0.560027 0.000000
vt 3.550630 0.941508 0.000000
vt 3.357587 0.592173 0.000000
vt 3.468178 0.970669 0.000000
vt 3.436203 0.977703 0.000000
vt 3.319131 0.617667 0.000000
vt 3.396213 0.983800 0.000000
vt 3.348208 0.988958 0.000000
vt 3.276413 0.636511 0.000000
vt 3.292188 0.993179 0.000000
vt 3.229431 0.648704 0.000000
vt 3.228153 0.996462 0.000000
vt 3.184155 0.654673 0.000000
vt 3.156104 0.998806 0.000000
vt 3.120632 0.658936 0.000000
vt 3.076039 1.000213 0.000000
vt 3.355626 0.166439 0.000000
vt 3.322031 0.144100 0.000000
vt 3.284002 0.126194 0.000000
vt 3.233866 0.112466 0.000000
vt -2.743757 -0.999318 0.000000
vt -2.339937 -0.999318 0.000000
vt -2.743757 -0.244884 0.000000
vt -2.743757 0.094816 0.000000
vt -2.964766 0.094816 0.000000
vt -2.339937 1.000682 0.000000
vt -2.743757 0.662347 0.000000
vt -2.987959 1.000682 0.000000
vt -2.938845 0.662347 0.000000
vt -3.038862 0.661494 0.000000
vt -3.076039 1.000213 0.000000
vt -3.120632 0.658936 0.000000
vt -3.156104 0.998806 0.000000
vt -3.184155 0.654673 0.000000
vt -3.228153 0.996462 0.000000
vt -3.229431 0.648704 0.000000
vt -3.292188 0.993179 0.000000
vt -3.276413 0.636511 0.000000
vt -3.348208 0.988958 0.000000
vt -3.319131 0.617667 0.000000
vt -3.396213 0.983800 0.000000
vt -3.436203 0.977703 0.000000
vt -3.357587 0.592173 0.000000
vt -3.468178 0.970669 0.000000
vt -3.550630 0.941508 0.000000
vt -3.391779 0.560027 0.000000
vt -3.626090 0.899045 0.000000
vt -3.419831 0.522169 0.000000
vt -3.694558 0.843281 0.000000
vt -3.439869 0.479536 0.000000
vt -3.756035 0.774216 0.000000
vt -3.806768 0.693639 0.000000
vt -3.451891 0.432128 0.000000
vt -3.843006 0.601978 0.000000
vt -3.864748 0.499233 0.000000
vt -3.455898 0.379946 0.000000
vt -3.871996 0.385403 0.000000
vt -3.867818 0.296982 0.000000
vt -3.452999 0.336971 0.000000
vt -3.855284 0.215894 0.000000
vt -3.834395 0.142139 0.000000
vt -3.444302 0.296726 0.000000
vt -3.805149 0.075716 0.000000
vt -3.769423 0.016286 0.000000
vt -3.729092 -0.036494 0.000000
vt -3.429807 0.259209 0.000000
vt -3.684156 -0.082623 0.000000
vt -3.634617 -0.122101 0.000000
vt -3.583201 -0.154587 0.000000
vt -3.233866 0.112466 0.000000
vt -3.284002 0.126194 0.000000
vt -3.322031 0.144100 0.000000
vt -3.531274 -0.181105 0.000000
vt -3.478835 -0.201654 0.000000
vt -3.425884 -0.216235 0.000000
vt -3.345478 -0.228769 0.000000
vt -3.248872 -0.237722 0.000000
vt -3.163947 0.102660 0.000000
vt -3.136066 -0.243093 0.000000
vt -3.074247 0.096777 0.000000
vt -3.007059 -0.244884 0.000000
vt -3.355626 0.166439 0.000000
vt -3.384787 0.193213 0.000000
vt -3.409514 0.224420 0.000000
vn -1.000000 0.000000 -0.000000
vn -1.000000 0.000000 -0.000000
vn -1.000000 0.000000 -0.000000
vn -1.000000 0.000000 -0.000000
vn -0.000000 0.000000 1.000000
vn -0.000000 0.000000 1.000000
vn -0.000000 0.000000 1.000000
vn -0.000000 0.000000 1.000000
vn 0.363205 -0.000000 0.931709
vn 0.192361 -0.000000 0.981324
vn 0.363205 -0.000000 0.931709
vn 0.192361 -0.000000 0.981324
vn 0.097819 -0.000000 0.995204
vn 0.097819 -0.000000 0.995204
vn 0.039353 -0.000000 0.999225
vn 0.039353 -0.000000 0.999225
vn 0.829444 -0.000000 0.558589
vn 0.732491 -0.000000 0.680777
vn 0.829444 -0.000000 0.558589
vn 0.732491 -0.000000 0.680777
vn 0.616309 -0.000000 0.787504
vn 0.616309 -0.000000 0.787504
vn 0.489865 -0.000000 0.871798
vn 0.489865 -0.000000 0.871798
vn 1.000000 -0.000000 0.000000
vn 0.990431 -0.000000 0.138011
vn 1.000000 -0.000000 0.000000
vn 0.990431 -0.000000 0.138011
vn 0.958288 -0.000000 0.285806
vn 0.958288 -0.000000 0.285806
vn 0.901124 -0.000000 0.433561
vn 0.901124 -0.000000 0.433561
vn 0.821587 -0.000000 0.570083
vn 0.821587 -0.000000 0.570083
vn 0.741877 0.000000 -0.670536
vn 0.858457 0.000000 -0.512886
vn 0.741877 0.000000 -0.670536
vn 0.858457 0.000000 -0.512886
vn 0.942066 0.000000 -0.335429
vn 0.942066 0.000000 -0.335429
vn 0.987293 0.000000 -0.158912
vn 0.987293 0.000000 -0.158912
vn 0.177683 0.000000 -0.984088
vn 0.326986 0.000000 -0.945029
vn 0.177683 0.000000 -0.984088
vn 0.326986 0.000000 -0.945029
vn 0.479366 0.000000 -0.877615
vn 0.479366 0.000000 -0.877615
vn 0.621546 0.000000 -0.783378
vn 0.621546 0.000000 -0.783378
vn 0.741867 0.000000 -0.670547
vn 0.741867 0.000000 -0.670547
vn 0.000000 0.000000 -1.000000
vn 0.018758 0.000000 -0.999824
vn 0.000000 0.000000 -1.000000
vn 0.018758 0.000000 -0.999824
vn 0.046897 0.000000 -0.998900
vn 0.046897 0.000000 -0.998900
vn 0.093631 0.000000 -0.995607
vn 0.093631 0.000000 -0.995607
vn 0.185407 0.000000 -0.982662
vn 0.185407 0.000000 -0.982662
vn 0.000000 0.000000 -1.000000
vn 0.000000 0.000000 -1.000000
vn 1.000000 0.000000 0.000000
vn 1.000000 0.000000 0.000000
vn 1.000000 0.000000 0.000000
vn 1.000000 0.000000 0.000000
vn -0.000000 0.000000 1.000000
vn -0.000000 0.000000 1.000000
vn -0.000000 0.000000 1.000000
vn -0.000000 0.000000 1.000000
vn -0.259127 0.000000 0.965843
vn -0.179500 0.000000 0.983758
vn -0.259127 0.000000 0.965843
vn -0.179500 0.000000 0.983758
vn -0.126873 0.000000 0.991919
vn -0.126873 0.000000 0.991919
vn -0.089800 0.000000 0.995960
vn -0.089800 0.000000 0.995960
vn -0.062378 0.000000 0.998053
vn -0.062378 0.000000 0.998053
vn -0.041318 0.000000 0.999146
vn -0.041318 0.000000 0.999146
vn -0.024656 0.000000 0.999696
vn -0.024656 0.000000 0.999696
vn -0.011156 0.000000 0.999938
vn -0.011156 0.000000 0.999938
vn -0.793953 0.000000 0.607979
vn -0.692770 0.000000 0.721159
vn -0.793953 0.000000 0.607979
vn -0.692770 0.000000 0.721159
vn -0.563702 0.000000 0.825978
vn -0.563702 0.000000 0.825978
vn -0.413063 0.000000 0.910703
vn -0.413063 0.000000 0.910703
vn -0.253360 0.000000 0.967372
vn -0.253360 0.000000 0.967372
vn -1.000000 0.000000 0.000000
vn -0.991160 0.000000 0.132674
vn -1.000000 0.000000 0.000000
vn -0.991160 0.000000 0.132674
vn -0.958288 0.000000 0.285803
vn -0.958288 0.000000 0.285803
vn -0.892654 0.000000 0.450743
vn -0.892654 0.000000 0.450743
vn -0.791287 0.000000 0.611445
vn -0.791287 0.000000 0.611445
vn -0.882623 0.000000 -0.470081
vn -0.941589 0.000000 -0.336764
vn -0.882623 0.000000 -0.470081
vn -0.941589 0.000000 -0.336764
vn -0.977487 0.000000 -0.210994
vn -0.977487 0.000000 -0.210994
vn -0.995175 0.000000 -0.098113
vn -0.995175 0.000000 -0.098113
vn -0.572013 0.000000 -0.820244
vn -0.671474 0.000000 -0.741028
vn -0.572013 0.000000 -0.820244
vn -0.671474 0.000000 -0.741028
vn -0.757410 0.000000 -0.652940
vn -0.757410 0.000000 -0.652940
vn -0.827768 0.000000 -0.561071
vn -0.827768 0.000000 -0.561071
vn -0.882618 0.000000 -0.470091
vn -0.882618 0.000000 -0.470091
vn -0.212948 0.000000 -0.977063
vn -0.316226 0.000000 -0.948684
vn -0.212948 0.000000 -0.977063
vn -0.316226 0.000000 -0.948684
vn -0.411105 0.000000 -0.911588
vn -0.411105 0.000000 -0.911588
vn -0.495828 0.000000 -0.868421
vn -0.495828 0.000000 -0.868421
vn -0.569777 0.000000 -0.821799
vn -0.569777 0.000000 -0.821799
vn 0.000000 0.000000 -1.000000
vn -0.029606 0.000000 -0.999562
vn 0.000000 0.000000 -1.000000
vn -0.029606 0.000000 -0.999562
vn -0.068245 0.000000 -0.997669
vn -0.068245 0.000000 -0.997669
vn -0.120503 0.000000 -0.992713
vn -0.120503 0.000000 -0.992713
vn -0.194336 0.000000 -0.980935
vn -0.194336 0.000000 -0.980935
vn 0.000000 0.000000 -1.000000
vn 0.000000 0.000000 -1.000000
vn -1.000000 0.000000 -0.000000
vn -1.000000 0.000000 -0.000000
vn -1.000000 0.000000 -0.000000
vn -1.000000 0.000000 -0.000000
vn 0.000000 0.000000 -1.000000
vn 0.000000 0.000000 -1.000000
vn 0.000000 0.000000 -1.000000
vn 0.000000 0.000000 -1.000000
vn 0.000000 1.000000 0.000000
vn 0.000000 1.000000 0.000000
vn 0.000000 1.000000 0.000000
vn 0.000000 1.000000 0.000000
vn 0.000000 1.000000 0.000000
vn 0.000000 1.000000 0.000000
vn 0.000000 1.000000 0.000000
vn 0.000000 1.000000 0.000000
vn 0.000000 1.000000 0.000000
vn 0.000000 1.000000 0.000000
vn 0.000000 1.000000 0.000000
vn 0.000000 1.000000 0.000000
vn 0.000000 1.000000 0.000000
vn 0.000000 1.000000 0.000000
vn 0.000000 1.000000 0.000000
vn 0.000000 1.000000 0.000000
vn 0.000000 1.000000 0.000000
vn 0.000000 1.000000 0.000000
vn 0.000000 1.000000 0.000000
vn 0.000000 1.000000 0.000000
vn 0.000000 1.000000 0.000000
vn 0.000000 1.000000 0.000000
vn 0.000000 1.000000 0.000000
vn 0.000000 1.000000 0.000000
vn 0.000000 1.000000 0.000000
vn 0.000000 1.000000 0.000000
vn 0.000000 1.000000 0.000000
vn 0.000000 1.000000 0.000000
vn 0.000000 1.000000 0.000000
vn 0.000000 1.000000 0.000000
vn 0.000000 1.000000 0.000000
vn 0.000000 1.000000 0.000000
vn 0.000000 1.000000 0.000000
vn 0.000000 1.000000 0.000000
vn 0.000000 1.000000 0.000000
vn 0.000000 1.000000 0.000000
vn 0.000000 1.000000 0.000000
vn 0.000000 1.000000 0.000000
vn 0.000000 1.000000 0.000000
vn 0.000000 1.000000 0.000000
vn 0.000000 1.000000 0.000000
vn 0.000000 1.000000 0.000000
vn 0.000000 1.000000 0.000000
vn 0.000000 1.000000 0.000000
vn 0.000000 1.000000 0.000000
vn 0.000000 1.000000 0.000000
vn 0.000000 1.000000 0.000000
vn 0.000000 1.000000 0.000000
vn 0.000000 1.000000 0.000000
vn 0.000000 1.000000 0.000000
vn 0.000000 1.000000 0.000000
vn 0.000000 1.000000 0.000000
vn 0.000000 1.000000 0.000000
vn 0.000000 1.000000 0.000000
vn 0.000000 1.000000 0.000000
vn 0.000000 1.000000 0.000000
vn 0.000000 1.000000 0.000000
vn 0.000000 1.000000 0.000000
vn 0.000000 1.000000 0.000000
vn 0.000000 1.000000 0.000000
vn 0.000000 1.000000 0.000000
vn 0.000000 1.000000 0.000000
vn 0.000000 1.000000 0.000000
vn 0.000000 1.000000 0.000000
vn -0.000000 -1.000000 -0.000000
vn -0.000000 -1.000000 -0.000000
vn -0.000000 -1.000000 -0.000000
vn -0.000000 -1.000000 -0.000000
vn -0.000000 -1.000000 -0.000000
vn -0.000000 -1.000000 -0.000000
vn -0.000000 -1.000000 -0.000000
vn -0.000000 -1.000000 -0.000000
vn -0.000000 -1.000000 -0.000000
vn -0.000000 -1.000000 -0.000000
vn -0.000000 -1.000000 -0.000000
vn -0.000000 -1.000000 -0.000000
vn -0.000000 -1.000000 -0.000000
vn -0.000000 -1.000000 -0.000000
vn -0.000000 -1.000000 -0.000000
vn -0.000000 -1.000000 -0.000000
vn -0.000000 -1.000000 -0.000000
vn -0.000000 -1.000000 -0.000000
vn -0.000000 -1.000000 -0.000000
vn -0.000000 -1.000000 -0.000000
vn -0.000000 -1.000000 -0.000000
vn -0.000000 -1.000000 -0.000000
vn -0.000000 -1.000000 -0.000000
vn -0.000000 -1.000000 -0.000000
vn -0.000000 -1.000000 -0.000000
vn -0.000000 -1.000000 -0.000000
vn -0.000000 -1.000000 -0.000000
vn -0.000000 -1.000000 -0.000000
vn -0.000000 -1.000000 -0.000000
vn -0.000000 -1.000000 -0.000000
vn -0.000000 -1.000000 -0.000000
vn -0.000000 -1.000000 -0.000000
vn -0.000000 -1.000000 -0.000000
vn -0.000000 -1.000000 -0.000000
vn -0.000000 -1.000000 -0.000000
vn -0.000000 -1.000000 -0.000000
vn -0.000000 -1.000000 -0.000000
vn -0.000000 -1.000000 -0.000000
vn -0.000000 -1.000000 -0.000000
vn -0.000000 -1.000000 -0.000000
vn -0.000000 -1.000000 -0.000000
vn -0.000000 -1.000000 -0.000000
vn -0.000000 -1.000000 -0.000000
vn -0.000000 -1.000000 -0.000000
vn -0.000000 -1.000000 -0.000000
vn -0.000000 -1.000000 -0.000000
vn -0.000000 -1.000000 -0.000000
vn -0.000000 -1.000000 -0.000000
vn -0.000000 -1.000000 -0.000000
vn -0.000000 -1.000000 -0.000000
vn -0.000000 -1.000000 -0.000000
vn -0.000000 -1.000000 -0.000000
vn -0.000000 -1.000000 -0.000000
vn -0.000000 -1.000000 -0.000000
vn -0.000000 -1.000000 -0.000000
vn -0.000000 -1.000000 -0.000000
vn -0.000000 -1.000000 -0.000000
vn -0.000000 -1.000000 -0.000000
vn -0.000000 -1.000000 -0.000000
vn -0.000000 -1.000000 -0.000000
vn -0.000000 -1.000000 -0.000000
vn -0.000000 -1.000000 -0.000000
vn -0.000000 -1.000000 -0.000000
vn -0.000000 -1.000000 -0.000000
f 2367/3334/3235 2368/3335/3236 2370/3336/3237
f 2370/3336/3237 2368/3335/3236 2369/3337/3238
f 2371/3338/3239 2367/3339/3240 2372/3340/3241
f 2372/3340/3241 2367/3339/3240 2370/3341/3242
f 2373/3342/3243 2374/3343/3244 2380/3344/3245
f 2380/3344/3245 2374/3343/3244 2379/3345/3246
f 2379/3345/3246 2374/3343/3244 2375/3346/3247
f 2379/3345/3246 2375/3346/3247 2378/3347/3248
f 2378/3347/3248 2375/3346/3247 2376/3348/3249
f 2378/3347/3248 2376/3348/3249 2377/3349/3250
f 2377/3349/3250 2376/3348/3249 2371/3350/3239
f 2377/3349/3250 2371/3350/3239 2372/3351/3241
f 2381/3352/3251 2382/3353/3252 2388/3354/3253
f 2388/3354/3253 2382/3353/3252 2387/3355/3254
f 2387/3355/3254 2382/3353/3252 2383/3356/3255
f 2387/3355/3254 2383/3356/3255 2386/3357/3256
f 2386/3357/3256 2383/3356/3255 2384/3358/3257
f 2386/3357/3256 2384/3358/3257 2385/3359/3258
f 2385/3359/3258 2384/3358/3257 2373/3360/3243
f 2385/3359/3258 2373/3360/3243 2380/3361/3245
f 2389/3362/3259 2390/3363/3260 2396/3364/3261
f 2396/3364/3261 2390/3363/3260 2395/3365/3262
f 2395/3365/3262 2390/3363/3260 2391/3366/3263
f 2395/3365/3262 2391/3366/3263 2394/3367/3264
f 2394/3367/3264 2391/3366/3263 2392/3368/3265
f 2394/3367/3264 2392/3368/3265 2393/3369/3266
f 2393/3369/3266 2392/3368/3265 2381/3370/3267
f 2393/3369/3266 2381/3370/3267 2388/3371/3268
f 2397/3372/3269 2398/3373/3270 2404/3374/3271
f 2404/3374/3271 2398/3373/3270 2403/3375/3272
f 2403/3375/3272 2398/3373/3270 2399/3376/3273
f 2403/3375/3272 2399/3376/3273 2402/3377/3274
f 2402/3377/3274 2399/3376/3273 2400/3378/3275
f 2402/3377/3274 2400/3378/3275 2401/3379/3276
f 2401/3379/3276 2400/3378/3275 2389/3380/3259
f 2401/3379/3276 2389/3380/3259 2396/3381/3261
f 2405/3382/3277 2406/3383/3278 2412/3384/3279
f 2412/3384/3279 2406/3383/3278 2411/3385/3280
f 2411/3385/3280 2406/3383/3278 2407/3386/3281
f 2411/3385/3280 2407/3386/3281 2410/3387/3282
f 2410/3387/3282 2407/3386/3281 2408/3388/3283
f 2410/3387/3282 2408/3388/3283 2409/3389/3284
f 2409/3389/3284 2408/3388/3283 2397/3390/3285
f 2409/3389/3284 2397/3390/3285 2404/3391/3286
f 2413/3392/3287 2414/3393/3288 2420/3394/3289
f 2420/3394/3289 2414/3393/3288 2419/3395/3290
f 2419/3395/3290 2414/3393/3288 2415/3396/3291
f 2419/3395/3290 2415/3396/3291 2418/3397/3292
f 2418/3397/3292 2415/3396/3291 2416/3398/3293
f 2418/3397/3292 2416/3398/3293 2417/3399/3294
f 2417/3399/3294 2416/3398/3293 2405/3400/3295
f 2417/3399/3294 2405/3400/3295 2412/3401/3296
f 2368/3402/3297 2413/3403/3287 2369/3404/3298
f 2369/3404/3298 2413/3403/3287 2420/3405/3289
f 2421/3406/3299 2422/3407/3300 2424/3408/3301
f 2424/3408/3301 2422/3407/3300 2423/3409/3302
f 2425/3410/3303 2421/3411/3304 2426/3412/3305
f 2426/3412/3305 2421/3411/3304 2424/3413/3306
f 2427/3414/3307 2428/3415/3308 2442/3416/3309
f 2442/3416/3309 2428/3415/3308 2441/3417/3310
f 2441/3417/3310 2428/3415/3308 2429/3418/3311
f 2441/3417/3310 2429/3418/3311 2440/3419/3312
f 2440/3419/3312 2429/3418/3311 2430/3420/3313
f 2440/3419/3312 2430/3420/3313 2439/3421/3314
f 2439/3421/3314 2430/3420/3313 2431/3422/3315
f 2439/3421/3314 2431/3422/3315 2438/3423/3316
f 2438/3423/3316 2431/3422/3315 2432/3424/3317
f 2438/3423/3316 2432/3424/3317 2437/3425/3318
f 2437/3425/3318 2432/3424/3317 2433/3426/3319
f 2437/3425/3318 2433/3426/3319 2436/3427/3320
f 2436/3427/3320 2433/3426/3319 2434/3428/3321
f 2436/3427/3320 2434/3428/3321 2435/3429/3322
f 2435/3429/3322 2434/3428/3321 2425/3430/3303
f 2435/3429/3322 2425/3430/3303 2426/3431/3305
f 2443/3432/3323 2444/3433/3324 2450/3434/3325
f 2450/3434/3325 2444/3433/3324 2449/3435/3326
f 2449/3435/3326 2444/3433/3324 2445/3436/3327
f 2449/3435/3326 2445/3436/3327 2448/3437/3328
f 2448/3437/3328 2445/3436/3327 2446/3438/3329
f 2448/3437/3328 2446/3438/3329 2447/3439/3330
f 2447/3439/3330 2446/3438/3329 2427/3440/3331
f 2447/3439/3330 2427/3440/3331 2442/3441/3332
f 2451/3442/3333 2452/3443/3334 2458/3444/3335
f 2458/3444/3335 2452/3443/3334 2457/3445/3336
f 2457/3445/3336 2452/3443/3334 2453/3446/3337
f 2457/3445/3336 2453/3446/3337 2456/3447/3338
f 2456/3447/3338 2453/3446/3337 2454/3448/3339
f 2456/3447/3338 2454/3448/3339 2455/3449/3340
f 2455/3449/3340 2454/3448/3339 2443/3450/3341
f 2455/3449/3340 2443/3450/3341 2450/3451/3342
f 2459/3452/3343 2460/3453/3344 2466/3454/3345
f 2466/3454/3345 2460/3453/3344 2465/3455/3346
f 2465/3455/3346 2460/3453/3344 2461/3456/3347
f 2465/3455/3346 2461/3456/3347 2464/3457/3348
f 2464/3457/3348 2461/3456/3347 2462/3458/3349
f 2464/3457/3348 2462/3458/3349 2463/3459/3350
f 2463/3459/3350 2462/3458/3349 2451/3460/3333
f 2463/3459/3350 2451/3460/3333 2458/3461/3335
f 2467/3462/3351 2468/3463/3352 2474/3464/3353
f 2474/3464/3353 2468/3463/3352 2473/3465/3354
f 2473/3465/3354 2468/3463/3352 2469/3466/3355
f 2473/3465/3354 2469/3466/3355 2472/3467/3356
f 2472/3467/3356 2469/3466/3355 2470/3468/3357
f 2472/3467/3356 2470/3468/3357 2471/3469/3358
f 2471/3469/3358 2470/3468/3357 2459/3470/3359
f 2471/3469/3358 2459/3470/3359 2466/3471/3360
f 2475/3472/3361 2476/3473/3362 2482/3474/3363
f 2482/3474/3363 2476/3473/3362 2481/3475/3364
f 2481/3475/3364 2476/3473/3362 2477/3476/3365
f 2481/3475/3364 2477/3476/3365 2480/3477/3366
f 2480/3477/3366 2477/3476/3365 2478/3478/3367
f 2480/3477/3366 2478/3478/3367 2479/3479/3368
f 2479/3479/3368 2478/3478/3367 2467/3480/3369
f 2479/3479/3368 2467/3480/3369 2474/3481/3370
f 2483/3482/3371 2484/3483/3372 2490/3484/3373
f 2490/3484/3373 2484/3483/3372 2489/3485/3374
f 2489/3485/3374 2484/3483/3372 2485/3486/3375
f 2489/3485/3374 2485/3486/3375 2488/3487/3376
f 2488/3487/3376 2485/3486/3375 2486/3488/3377
f 2488/3487/3376 2486/3488/3377 2487/3489/3378
f 2487/3489/3378 2486/3488/3377 2475/3490/3379
f 2487/3489/3378 2475/3490/3379 2482/3491/3380
f 2491/3492/3381 2483/3493/3371 2492/3494/3382
f 2492/3494/3382 2483/3493/3371 2490/3495/3373
f 2493/3496/3383 2491/3497/3384 2494/3498/3385
f 2494/3498/3385 2491/3497/3384 2492/3499/3386
f 2422/3500/3387 2493/3501/3388 2423/3502/3389
f 2423/3502/3389 2493/3501/3388 2494/3503/3390
f 2494/3504/3391 2492/3505/3392 2423/3506/3393
f 2423/3506/3393 2492/3505/3392 2370/3507/3394
f 2423/3506/3393 2370/3507/3394 2424/3508/3395
f 2424/3508/3395 2370/3507/3394 2369/3509/3396
f 2424/3508/3395 2369/3509/3396 2426/3510/3397
f 2426/3510/3397 2369/3509/3396 2420/3511/3398
f 2426/3510/3397 2420/3511/3398 2419/3512/3399
f 2370/3507/3394 2492/3505/3392 2372/3513/3400
f 2372/3513/3400 2492/3505/3392 2490/3514/3401
f 2372/3513/3400 2490/3514/3401 2377/3515/3402
f 2377/3515/3402 2490/3514/3401 2489/3516/3403
f 2377/3515/3402 2489/3516/3403 2378/3517/3404
f 2378/3517/3404 2489/3516/3403 2488/3518/3405
f 2378/3517/3404 2488/3518/3405 2487/3519/3406
f 2487/3519/3406 2482/3520/3407 2378/3517/3404
f 2378/3517/3404 2482/3520/3407 2481/3521/3408
f 2378/3517/3404 2481/3521/3408 2480/3522/3409
f 2480/3522/3409 2479/3523/3410 2378/3517/3404
f 2378/3517/3404 2479/3523/3410 2474/3524/3411
f 2378/3517/3404 2474/3524/3411 2473/3525/3412
f 2472/3526/3413 2393/3527/3414 2473/3525/3412
f 2473/3525/3412 2393/3527/3414 2388/3528/3415
f 2473/3525/3412 2388/3528/3415 2387/3529/3416
f 2393/3527/3414 2472/3526/3413 2394/3530/3417
f 2394/3530/3417 2472/3526/3413 2471/3531/3418
f 2394/3530/3417 2471/3531/3418 2466/3532/3419
f 2466/3532/3419 2465/3533/3420 2394/3530/3417
f 2394/3530/3417 2465/3533/3420 2395/3534/3421
f 2395/3534/3421 2465/3533/3420 2464/3535/3422
f 2395/3534/3421 2464/3535/3422 2463/3536/3423
f 2395/3534/3421 2463/3536/3423 2396/3537/3424
f 2396/3537/3424 2463/3536/3423 2458/3538/3425
f 2396/3537/3424 2458/3538/3425 2457/3539/3426
f 2396/3537/3424 2457/3539/3426 2401/3540/3427
f 2401/3540/3427 2457/3539/3426 2456/3541/3428
f 2401/3540/3427 2456/3541/3428 2455/3542/3429
f 2401/3540/3427 2455/3542/3429 2402/3543/3430
f 2402/3543/3430 2455/3542/3429 2450/3544/3431
f 2402/3543/3430 2450/3544/3431 2449/3545/3432
f 2402/3543/3430 2449/3545/3432 2403/3546/3433
f 2403/3546/3433 2449/3545/3432 2448/3547/3434
f 2403/3546/3433 2448/3547/3434 2404/3548/3435
f 2404/3548/3435 2448/3547/3434 2447/3549/3436
f 2404/3548/3435 2447/3549/3436 2409/3550/3437
f 2409/3550/3437 2447/3549/3436 2442/3551/3438
f 2409/3550/3437 2442/3551/3438 2441/3552/3439
f 2409/3550/3437 2441/3552/3439 2410/3553/3440
f 2410/3553/3440 2441/3552/3439 2440/3554/3441
f 2410/3553/3440 2440/3554/3441 2439/3555/3442
f 2410/3553/3440 2439/3555/3442 2411/3556/3443
f 2411/3556/3443 2439/3555/3442 2438/3557/3444
f 2411/3556/3443 2438/3557/3444 2412/3558/3445
f 2412/3558/3445 2438/3557/3444 2437/3559/3446
f 2412/3558/3445 2437/3559/3446 2417/3560/3447
f 2417/3560/3447 2437/3559/3446 2436/3561/3448
f 2417/3560/3447 2436/3561/3448 2418/3562/3449
f 2418/3562/3449 2436/3561/3448 2435/3563/3450
f 2418/3562/3449 2435/3563/3450 2419/3512/3399
f 2419/3512/3399 2435/3563/3450 2426/3510/3397
f 2387/3529/3416 2386/3564/3451 2473/3525/3412
f 2473/3525/3412 2386/3564/3451 2385/3565/3452
f 2473/3525/3412 2385/3565/3452 2380/3566/3453
f 2380/3566/3453 2379/3567/3454 2473/3525/3412
f 2473/3525/3412 2379/3567/3454 2378/3517/3404
f 2493/3568/3455 2422/3569/3456 2491/3570/3457
f 2491/3570/3457 2422/3569/3456 2367/3571/3458
f 2491/3570/3457 2367/3571/3458 2371/3572/3459
f 2422/3569/3456 2421/3573/3460 2367/3571/3458
f 2367/3571/3458 2421/3573/3460 2368/3574/3461
f 2368/3574/3461 2421/3573/3460 2425/3575/3462
f 2368/3574/3461 2425/3575/3462 2413/3576/3463
f 2413/3576/3463 2425/3575/3462 2414/3577/3464
f 2414/3577/3464 2425/3575/3462 2434/3578/3465
f 2414/3577/3464 2434/3578/3465 2415/3579/3466
f 2415/3579/3466 2434/3578/3465 2433/3580/3467
f 2415/3579/3466 2433/3580/3467 2416/3581/3468
f 2416/3581/3468 2433/3580/3467 2432/3582/3469
f 2416/3581/3468 2432/3582/3469 2405/3583/3470
f 2405/3583/3470 2432/3582/3469 2431/3584/3471
f 2405/3583/3470 2431/3584/3471 2406/3585/3472
f 2406/3585/3472 2431/3584/3471 2430/3586/3473
f 2406/3585/3472 2430/3586/3473 2407/3587/3474
f 2407/3587/3474 2430/3586/3473 2429/3588/3475
f 2407/3587/3474 2429/3588/3475 2428/3589/3476
f 2407/3587/3474 2428/3589/3476 2408/3590/3477
f 2408/3590/3477 2428/3589/3476 2427/3591/3478
f 2408/3590/3477 2427/3591/3478 2446/3592/3479
f 2408/3590/3477 2446/3592/3479 2397/3593/3480
f 2397/3593/3480 2446/3592/3479 2445/3594/3481
f 2397/3593/3480 2445/3594/3481 2398/3595/3482
f 2398/3595/3482 2445/3594/3481 2444/3596/3483
f 2398/3595/3482 2444/3596/3483 2399/3597/3484
f 2399/3597/3484 2444/3596/3483 2443/3598/3485
f 2399/3597/3484 2443/3598/3485 2454/3599/3486
f 2399/3597/3484 2454/3599/3486 2400/3600/3487
f 2400/3600/3487 2454/3599/3486 2453/3601/3488
f 2400/3600/3487 2453/3601/3488 2452/3602/3489
f 2400/3600/3487 2452/3602/3489 2389/3603/3490
f 2389/3603/3490 2452/3602/3489 2451/3604/3491
f 2389/3603/3490 2451/3604/3491 2462/3605/3492
f 2389/3603/3490 2462/3605/3492 2390/3606/3493
f 2390/3606/3493 2462/3605/3492 2461/3607/3494
f 2390/3606/3493 2461/3607/3494 2460/3608/3495
f 2390/3606/3493 2460/3608/3495 2391/3609/3496
f 2391/3609/3496 2460/3608/3495 2459/3610/3497
f 2391/3609/3496 2459/3610/3497 2470/3611/3498
f 2470/3611/3498 2469/3612/3499 2391/3609/3496
f 2391/3609/3496 2469/3612/3499 2392/3613/3500
f 2392/3613/3500 2469/3612/3499 2468/3614/3501
f 2392/3613/3500 2468/3614/3501 2467/3615/3502
f 2478/3616/3503 2374/3617/3504 2467/3615/3502
f 2467/3615/3502 2374/3617/3504 2373/3618/3505
f 2467/3615/3502 2373/3618/3505 2384/3619/3506
f 2478/3616/3503 2477/3620/3507 2374/3617/3504
f 2374/3617/3504 2477/3620/3507 2476/3621/3508
f 2374/3617/3504 2476/3621/3508 2475/3622/3509
f 2475/3622/3509 2486/3623/3510 2374/3617/3504
f 2374/3617/3504 2486/3623/3510 2485/3624/3511
f 2374/3617/3504 2485/3624/3511 2375/3625/3512
f 2375/3625/3512 2485/3624/3511 2484/3626/3513
f 2375/3625/3512 2484/3626/3513 2376/3627/3514
f 2376/3627/3514 2484/3626/3513 2483/3628/3515
f 2376/3627/3514 2483/3628/3515 2371/3572/3459
f 2371/3572/3459 2483/3628/3515 2491/3570/3457
f 2384/3619/3506 2383/3629/3516 2467/3615/3502
f 2467/3615/3502 2383/3629/3516 2382/3630/3517
f 2467/3615/3502 2382/3630/3517 2381/3631/3518
f 2381/3631/3518 2392/3613/3500 2467/3615/3502
g Panel_Logo_4

v -1.057832 2.000000 109.533424
v -1.333412 2.000000 108.791269
v -1.333412 2.200000 108.791269
v -1.057832 2.200000 109.533424
v -0.787709 2.000000 108.791269
v -0.787709 2.200000 108.791269
v -1.637642 2.000000 108.000000
v -2.076933 2.000000 108.000000
v -2.076933 2.200000 108.000000
v -1.637642 2.200000 108.000000
v -1.463016 2.000000 108.454298
v -1.463016 2.200000 108.454298
v -0.663562 2.000000 108.454298
v -0.663562 2.200000 108.454298
v -0.498487 2.000000 108.000000
v -0.498487 2.200000 108.000000
v -0.070110 2.000000 108.000000
v -0.070110 2.200000 108.000000
v -0.849102 2.000000 110.000000
v -0.849102 2.200000 110.000000
v -1.276113 2.000000 110.000000
v -1.276113 2.200000 110.000000
vt 0.000000 0.000000 0.000000
vt 0.791668 0.000000 0.000000
vt 0.000000 0.200000 0.000000
vt 0.791668 0.200000 0.000000
vt 0.000000 0.000000 0.000000
vt 0.789785 0.000000 0.000000
vt 0.000000 0.200000 0.000000
vt 0.789785 0.200000 0.000000
vt 0.000000 0.000000 0.000000
vt 0.545702 0.000000 0.000000
vt 0.000000 0.200000 0.000000
vt 0.545702 0.200000 0.000000
vt 0.000000 0.000000 0.000000
vt 0.439291 0.000000 0.000000
vt 0.000000 0.200000 0.000000
vt 0.439291 0.200000 0.000000
vt 0.000000 0.000000 0.000000
vt 0.486703 0.000000 0.000000
vt 0.000000 0.200000 0.000000
vt 0.486703 0.200000 0.000000
vt 0.000000 0.000000 0.000000
vt 0.799454 0.000000 0.000000
vt 0.000000 0.200000 0.000000
vt 0.799454 0.200000 0.000000
vt 0.000000 0.000000 0.000000
vt 0.483359 0.000000 0.000000
vt 0.000000 0.200000 0.000000
vt 0.483359 0.200000 0.000000
vt 0.000000 0.000000 0.000000
vt 0.428377 0.000000 0.000000
vt 0.000000 0.200000 0.000000
vt 0.428377 0.200000 0.000000
vt 0.000000 0.000000 0.000000
vt 2.146352 0.000000 0.000000
vt 0.000000 0.200000 0.000000
vt 2.146352 0.200000 0.000000
vt 0.000000 0.000000 0.000000
vt 0.427011 0.000000 0.000000
vt 0.000000 0.200000 0.000000
vt 0.427011 0.200000 0.000000
vt 0.000000 0.000000 0.000000
vt 2.154370 0.000000 0.000000
vt 0.000000 0.200000 0.000000
vt 2.154370 0.200000 0.000000
vt -1.000682 1.276114 0.000000
vt 0.208049 1.333412 0.000000
vt 0.999318 2.076933 0.000000
vt 0.545020 1.463017 0.000000
vt 0.999318 1.637642 0.000000
vt -0.534106 1.057833 0.000000
vt -1.000682 0.849102 0.000000
vt 0.208049 0.787710 0.000000
vt 0.999318 0.070111 0.000000
vt 0.545020 0.663562 0.000000
vt 0.999318 0.498488 0.000000
vt -2.076933 -0.999318 0.000000
vt -1.333412 -0.208049 0.000000
vt -1.276114 1.000682 0.000000
vt -1.057833 0.534106 0.000000
vt -0.849102 1.000682 0.000000
vt -0.787710 -0.208049 0.000000
vt -0.070111 -0.999318 0.000000
vt -0.663562 -0.545020 0.000000
vt -0.498488 -0.999318 0.000000
vt -1.637642 -0.999318 0.000000
vt -1.463017 -0.545020 0.000000
vn 0.937458 0.000000 -0.348100
vn 0.937458 0.000000 -0.348100
vn 0.937458 0.000000 -0.348100
vn 0.937458 0.000000 -0.348100
vn -0.939692 0.000000 -0.342021
vn -0.939692 0.000000 -0.342021
vn -0.939692 0.000000 -0.342021
vn -0.939692 0.000000 -0.342021
vn -0.000000 0.000000 1.000000
vn -0.000000 0.000000 1.000000
vn -0.000000 0.000000 1.000000
vn -0.000000 0.000000 1.000000
vn 0.000000 0.000000 -1.000000
vn 0.000000 0.000000 -1.000000
vn 0.000000 0.000000 -1.000000
vn 0.000000 0.000000 -1.000000
vn 0.933417 0.000000 -0.358792
vn 0.933417 0.000000 -0.358792
vn 0.933417 0.000000 -0.358792
vn 0.933417 0.000000 -0.358792
vn 0.000000 0.000000 -1.000000
vn 0.000000 0.000000 -1.000000
vn 0.000000 0.000000 -1.000000
vn 0.000000 0.000000 -1.000000
vn -0.939876 0.000000 -0.341516
vn -0.939876 0.000000 -0.341516
vn -0.939876 0.000000 -0.341516
vn -0.939876 0.000000 -0.341516
vn 0.000000 0.000000 -1.000000
vn 0.000000 0.000000 -1.000000
vn 0.000000 0.000000 -1.000000
vn 0.000000 0.000000 -1.000000
vn 0.931814 0.000000 0.362937
vn 0.931814 0.000000 0.362937
vn 0.931814 0.000000 0.362937
vn 0.931814 0.000000 0.362937
vn -0.000000 0.000000 1.000000
vn -0.000000 0.000000 1.000000
vn -0.000000 0.000000 1.000000
vn -0.000000 0.000000 1.000000
vn -0.928345 0.000000 0.371719
vn -0.928345 0.000000 0.371719
vn -0.928345 0.000000 0.371719
vn -0.928345 0.000000 0.371719
vn 0.000000 1.000000 0.000000
vn 0.000000 1.000000 0.000000
vn 0.000000 1.000000 0.000000
vn 0.000000 1.000000 0.000000
vn 0.000000 1.000000 0.000000
vn 0.000000 1.000000 0.000000
vn 0.000000 1.000000 0.000000
vn 0.000000 1.000000 0.000000
vn 0.000000 1.000000 0.000000
vn 0.000000 1.000000 0.000000
vn 0.000000 1.000000 0.000000
vn -0.000000 -1.000000 -0.000000
vn -0.000000 -1.000000 -0.000000
vn -0.000000 -1.000000 -0.000000
vn -0.000000 -1.000000 -0.000000
vn -0.000000 -1.000000 -0.000000
vn -0.000000 -1.000000 -0.000000
vn -0.000000 -1.000000 -0.000000
vn -0.000000 -1.000000 -0.000000
vn -0.000000 -1.000000 -0.000000
vn -0.000000 -1.000000 -0.000000
vn -0.000000 -1.000000 -0.000000
f 2495/3632/3519 2496/3633/3520 2498/3634/3521
f 2498/3634/3521 2496/3633/3520 2497/3635/3522
f 2499/3636/3523 2495/3637/3524 2500/3638/3525
f 2500/3638/3525 2495/3637/3524 2498/3639/3526
f 2496/3640/3527 2499/3641/3528 2497/3642/3529
f 2497/3642/3529 2499/3641/3528 2500/3643/3530
f 2501/3644/3531 2502/3645/3532 2504/3646/3533
f 2504/3646/3533 2502/3645/3532 2503/3647/3534
f 2505/3648/3535 2501/3649/3536 2506/3650/3537
f 2506/3650/3537 2501/3649/3536 2504/3651/3538
f 2507/3652/3539 2505/3653/3540 2508/3654/3541
f 2508/3654/3541 2505/3653/3540 2506/3655/3542
f 2509/3656/3543 2507/3657/3544 2510/3658/3545
f 2510/3658/3545 2507/3657/3544 2508/3659/3546
f 2511/3660/3547 2509/3661/3548 2512/3662/3549
f 2512/3662/3549 2509/3661/3548 2510/3663/3550
f 2513/3664/3551 2511/3665/3552 2514/3666/3553
f 2514/3666/3553 2511/3665/3552 2512/3667/3554
f 2515/3668/3555 2513/3669/3556 2516/3670/3557
f 2516/3670/3557 2513/3669/3556 2514/3671/3558
f 2502/3672/3559 2515/3673/3560 2503/3674/3561
f 2503/3674/3561 2515/3673/3560 2516/3675/3562
f 2516/3676/3563 2497/3677/3564 2503/3678/3565
f 2503/3678/3565 2497/3677/3564 2506/3679/3566
f 2503/3678/3565 2506/3679/3566 2504/3680/3567
f 2497/3677/3564 2516/3676/3563 2498/3681/3568
f 2498/3681/3568 2516/3676/3563 2514/3682/3569
f 2498/3681/3568 2514/3682/3569 2500/3683/3570
f 2500/3683/3570 2514/3682/3569 2512/3684/3571
f 2500/3683/3570 2512/3684/3571 2508/3685/3572
f 2508/3685/3572 2512/3684/3571 2510/3686/3573
f 2500/3683/3570 2508/3685/3572 2497/3677/3564
f 2497/3677/3564 2508/3685/3572 2506/3679/3566
f 2502/3687/3574 2496/3688/3575 2515/3689/3576
f 2515/3689/3576 2496/3688/3575 2495/3690/3577
f 2515/3689/3576 2495/3690/3577 2513/3691/3578
f 2513/3691/3578 2495/3690/3577 2499/3692/3579
f 2513/3691/3578 2499/3692/3579 2511/3693/3580
f 2511/3693/3580 2499/3692/3579 2507/3694/3581
f 2511/3693/3580 2507/3694/3581 2509/3695/3582
f 2501/3696/3583 2505/3697/3584 2502/3687/3574
f 2502/3687/3574 2505/3697/3584 2496/3688/3575
f 2505/3697/3584 2507/3694/3581 2496/3688/3575
f 2496/3688/3575 2507/3694/3581 2499/3692/3579
g Panel_Logo_5

v 1.471203 2.000000 109.983629
v 1.471203 2.000000 108.000000
v 1.471203 2.200000 108.000000
v 1.471203 2.200000 109.983629
v 1.067383 2.000000 109.983629
v 1.067383 2.200000 109.983629
v 1.067383 2.000000 108.336971
v 1.067383 2.200000 108.336971
v 0.063290 2.000000 108.336971
v 0.063290 2.200000 108.336971
v 0.063290 2.000000 108.000000
v 0.063290 2.200000 108.000000
vt 0.000000 0.000000 0.000000
vt 1.983629 0.000000 0.000000
vt 0.000000 0.200000 0.000000
vt 1.983629 0.200000 0.000000
vt 0.000000 0.000000 0.000000
vt 0.403820 0.000000 0.000000
vt 0.000000 0.200000 0.000000
vt 0.403820 0.200000 0.000000
vt 0.000000 0.000000 0.000000
vt 1.646658 0.000000 0.000000
vt 0.000000 0.200000 0.000000
vt 1.646658 0.200000 0.000000
vt 0.000000 0.000000 0.000000
vt 1.004093 0.000000 0.000000
vt 0.000000 0.200000 0.000000
vt 1.004093 0.200000 0.000000
vt 0.000000 0.000000 0.000000
vt 0.336971 0.000000 0.000000
vt 0.000000 0.200000 0.000000
vt 0.336971 0.200000 0.000000
vt 0.000000 0.000000 0.000000
vt 1.407913 0.000000 0.000000
vt 0.000000 0.200000 0.000000
vt 1.407913 0.200000 0.000000
vt -0.984311 -1.471202 0.000000
vt 0.999318 -1.471202 0.000000
vt 0.662346 -1.067382 0.000000
vt 0.999318 -0.063290 0.000000
vt 0.662346 -0.063290 0.000000
vt -0.984311 -1.067382 0.000000
vt 0.063290 -0.662346 0.000000
vt 0.063290 -0.999318 0.000000
vt 1.067382 -0.662346 0.000000
vt 1.471202 -0.999318 0.000000
vt 1.471202 0.984311 0.000000
vt 1.067382 0.984311 0.000000
vn 1.000000 0.000000 0.000000
vn 1.000000 0.000000 0.000000
vn 1.000000 0.000000 0.000000
vn 1.000000 0.000000 0.000000
vn -0.000000 0.000000 1.000000
vn -0.000000 0.000000 1.000000
vn -0.000000 0.000000 1.000000
vn -0.000000 0.000000 1.000000
vn -1.000000 0.000000 -0.000000
vn -1.000000 0.000000 -0.000000
vn -1.000000 0.000000 -0.000000
vn -1.000000 0.000000 -0.000000
vn -0.000000 0.000000 1.000000
vn -0.000000 0.000000 1.000000
vn -0.000000 0.000000 1.000000
vn -0.000000 0.000000 1.000000
vn -1.000000 0.000000 -0.000000
vn -1.000000 0.000000 -0.000000
vn -1.000000 0.000000 -0.000000
vn -1.000000 0.000000 -0.000000
vn 0.000000 0.000000 -1.000000
vn 0.000000 0.000000 -1.000000
vn 0.000000 0.000000 -1.000000
vn 0.000000 0.000000 -1.000000
vn 0.000000 1.000000 0.000000
vn 0.000000 1.000000 0.000000
vn 0.000000 1.000000 0.000000
vn 0.000000 1.000000 0.000000
vn 0.000000 1.000000 0.000000
vn 0.000000 1.000000 0.000000
vn -0.000000 -1.000000 -0.000000
vn -0.000000 -1.000000 -0.000000
vn -0.000000 -1.000000 -0.000000
vn -0.000000 -1.000000 -0.000000
vn -0.000000 -1.000000 -0.000000
vn -0.000000 -1.000000 -0.000000
f 2517/3698/3585 2518/3699/3586 2520/3700/3587
f 2520/3700/3587 2518/3699/3586 2519/3701/3588
f 2521/3702/3589 2517/3703/3590 2522/3704/3591
f 2522/3704/3591 2517/3703/3590 2520/3705/3592
f 2523/3706/3593 2521/3707/3594 2524/3708/3595
f 2524/3708/3595 2521/3707/3594 2522/3709/3596
f 2525/3710/3597 2523/3711/3598 2526/3712/3599
f 2526/3712/3599 2523/3711/3598 2524/3713/3600
f 2527/3714/3601 2525/3715/3602 2528/3716/3603
f 2528/3716/3603 2525/3715/3602 2526/3717/3604
f 2518/3718/3605 2527/3719/3606 2519/3720/3607
f 2519/3720/3607 2527/3719/3606 2528/3721/3608
f 2520/3722/3609 2519/3723/3610 2524/3724/3611
f 2524/3724/3611 2519/3723/3610 2528/3725/3612
f 2524/3724/3611 2528/3725/3612 2526/3726/3613
f 2524/3724/3611 2522/3727/3614 2520/3722/3609
f 2525/3728/3615 2527/3729/3616 2523/3730/3617
f 2523/3730/3617 2527/3729/3616 2518/3731/3618
f 2523/3730/3617 2518/3731/3618 2517/3732/3619
f 2517/3732/3619 2521/3733/3620 2523/3730/3617
g Panel_Logo_6

v 5.776204 2.000000 110.000000
v 5.776204 2.000000 108.000000
v 5.776204 2.200000 108.000000
v 5.776204 2.200000 110.000000
v 5.171838 2.000000 110.000000
v 5.171838 2.200000 110.000000
v 4.808946 2.000000 108.635744
v 4.808946 2.200000 108.635744
v 4.450146 2.000000 110.000000
v 4.450146 2.200000 110.000000
v 3.844416 2.000000 110.000000
v 3.844416 2.200000 110.000000
v 3.844416 2.000000 108.000000
v 3.844416 2.200000 108.000000
v 4.219587 2.000000 108.000000
v 4.219587 2.200000 108.000000
v 4.219587 2.000000 109.574352
v 4.219587 2.200000 109.574352
v 4.616586 2.000000 108.000000
v 4.616586 2.200000 108.000000
v 5.005399 2.000000 108.000000
v 5.005399 2.200000 108.000000
v 5.401033 2.000000 109.574352
v 5.401033 2.200000 109.574352
v 5.401033 2.000000 108.000000
v 5.401033 2.200000 108.000000
vt 0.000000 0.000000 0.000000
vt 2.000000 0.000000 0.000000
vt 0.000000 0.200000 0.000000
vt 2.000000 0.200000 0.000000
vt 0.000000 0.000000 0.000000
vt 0.604365 0.000000 0.000000
vt 0.000000 0.200000 0.000000
vt 0.604365 0.200000 0.000000
vt 0.000000 0.000000 0.000000
vt 1.411696 0.000000 0.000000
vt 0.000000 0.200000 0.000000
vt 1.411696 0.200000 0.000000
vt 0.000000 0.000000 0.000000
vt 1.410650 0.000000 0.000000
vt 0.000000 0.200000 0.000000
vt 1.410650 0.200000 0.000000
vt 0.000000 0.000000 0.000000
vt 0.605730 0.000000 0.000000
vt 0.000000 0.200000 0.000000
vt 0.605730 0.200000 0.000000
vt 0.000000 0.000000 0.000000
vt 2.000000 0.000000 0.000000
vt 0.000000 0.200000 0.000000
vt 2.000000 0.200000 0.000000
vt 0.000000 0.000000 0.000000
vt 0.375170 0.000000 0.000000
vt 0.000000 0.200000 0.000000
vt 0.375170 0.200000 0.000000
vt 0.000000 0.000000 0.000000
vt 1.574352 0.000000 0.000000
vt 0.000000 0.200000 0.000000
vt 1.574352 0.200000 0.000000
vt 0.000000 0.000000 0.000000
vt 1.623635 0.000000 0.000000
vt 0.000000 0.200000 0.000000
vt 1.623635 0.200000 0.000000
vt 0.000000 0.000000 0.000000
vt 0.388813 0.000000 0.000000
vt 0.000000 0.200000 0.000000
vt 0.388813 0.200000 0.000000
vt 0.000000 0.000000 0.000000
vt 1.623302 0.000000 0.000000
vt 0.000000 0.200000 0.000000
vt 1.623302 0.200000 0.000000
vt 0.000000 0.000000 0.000000
vt 1.574352 0.000000 0.000000
vt 0.000000 0.200000 0.000000
vt 1.574352 0.200000 0.000000
vt 0.000000 0.000000 0.000000
vt 0.375171 0.000000 0.000000
vt 0.000000 0.200000 0.000000
vt 0.375171 0.200000 0.000000
vt 0.999318 -5.401033 0.000000
vt -0.575034 -5.401033 0.000000
vt 0.999318 -5.776203 0.000000
vt -1.000682 -5.776203 0.000000
vt -1.000682 -5.171838 0.000000
vt 0.363574 -4.808945 0.000000
vt 0.999318 -5.005398 0.000000
vt 0.999318 -4.616585 0.000000
vt -0.575034 -4.219587 0.000000
vt -1.000682 -4.450146 0.000000
vt -1.000682 -3.844416 0.000000
vt 0.999318 -3.844416 0.000000
vt 0.999318 -4.219587 0.000000
vt 5.401033 -0.999318 0.000000
vt 5.776203 -0.999318 0.000000
vt 5.401033 0.575034 0.000000
vt 5.776203 1.000682 0.000000
vt 5.171838 1.000682 0.000000
vt 4.808945 -0.363574 0.000000
vt 5.005398 -0.999318 0.000000
vt 4.616585 -0.999318 0.000000
vt 4.219587 0.575034 0.000000
vt 4.450146 1.000682 0.000000
vt 3.844416 1.000682 0.000000
vt 3.844416 -0.999318 0.000000
vt 4.219587 -0.999318 0.000000
vn 1.000000 0.000000 0.000000
vn 1.000000 0.000000 0.000000
vn 1.000000 0.000000 0.000000
vn 1.000000 0.000000 0.000000
vn -0.000000 0.000000 1.000000
vn -0.000000 0.000000 1.000000
vn -0.000000 0.000000 1.000000
vn -0.000000 0.000000 1.000000
vn -0.966395 0.000000 0.257061
vn -0.966395 0.000000 0.257061
vn -0.966395 0.000000 0.257061
vn -0.966395 0.000000 0.257061
vn 0.967112 0.000000 0.254351
vn 0.967112 0.000000 0.254351
vn 0.967112 0.000000 0.254351
vn 0.967112 0.000000 0.254351
vn -0.000000 0.000000 1.000000
vn -0.000000 0.000000 1.000000
vn -0.000000 0.000000 1.000000
vn -0.000000 0.000000 1.000000
vn -1.000000 0.000000 -0.000000
vn -1.000000 0.000000 -0.000000
vn -1.000000 0.000000 -0.000000
vn -1.000000 0.000000 -0.000000
vn 0.000000 0.000000 -1.000000
vn 0.000000 0.000000 -1.000000
vn 0.000000 0.000000 -1.000000
vn 0.000000 0.000000 -1.000000
vn 1.000000 0.000000 0.000000
vn 1.000000 0.000000 0.000000
vn 1.000000 0.000000 0.000000
vn 1.000000 0.000000 0.000000
vn -0.969646 0.000000 -0.244512
vn -0.969646 0.000000 -0.244512
vn -0.969646 0.000000 -0.244512
vn -0.969646 0.000000 -0.244512
vn 0.000000 0.000000 -1.000000
vn 0.000000 0.000000 -1.000000
vn 0.000000 0.000000 -1.000000
vn 0.000000 0.000000 -1.000000
vn 0.969845 0.000000 -0.243722
vn 0.969845 0.000000 -0.243722
vn 0.969845 0.000000 -0.243722
vn 0.969845 0.000000 -0.243722
vn -1.000000 0.000000 -0.000000
vn -1.000000 0.000000 -0.000000
vn -1.000000 0.000000 -0.000000
vn -1.000000 0.000000 -0.000000
vn 0.000000 0.000000 -1.000000
vn 0.000000 0.000000 -1.000000
vn 0.000000 0.000000 -1.000000
vn 0.000000 0.000000 -1.000000
vn 0.000000 1.000000 0.000000
vn 0.000000 1.000000 0.000000
vn 0.000000 1.000000 0.000000
vn 0.000000 1.000000 0.000000
vn 0.000000 1.000000 0.000000
vn 0.000000 1.000000 0.000000
vn 0.000000 1.000000 0.000000
vn 0.000000 1.000000 0.000000
vn 0.000000 1.000000 0.000000
vn 0.000000 1.000000 0.000000
vn 0.000000 1.000000 0.000000
vn 0.000000 1.000000 0.000000
vn 0.000000 1.000000 0.000000
vn -0.000000 -1.000000 -0.000000
vn -0.000000 -1.000000 -0.000000
vn -0.000000 -1.000000 -0.000000
vn -0.000000 -1.000000 -0.000000
vn -0.000000 -1.000000 -0.000000
vn -0.000000 -1.000000 -0.000000
vn -0.000000 -1.000000 -0.000000
vn -0.000000 -1.000000 -0.000000
vn -0.000000 -1.000000 -0.000000
vn -0.000000 -1.000000 -0.000000
vn -0.000000 -1.000000 -0.000000
vn -0.000000 -1.000000 -0.000000
vn -0.000000 -1.000000 -0.000000
f 2529/3734/3621 2530/3735/3622 2532/3736/3623
f 2532/3736/3623 2530/3735/3622 2531/3737/3624
f 2533/3738/3625 2529/3739/3626 2534/3740/3627
f 2534/3740/3627 2529/3739/3626 2532/3741/3628
f 2535/3742/3629 2533/3743/3630 2536/3744/3631
f 2536/3744/3631 2533/3743/3630 2534/3745/3632
f 2537/3746/3633 2535/3747/3634 2538/3748/3635
f 2538/3748/3635 2535/3747/3634 2536/3749/3636
f 2539/3750/3637 2537/3751/3638 2540/3752/3639
f 2540/3752/3639 2537/3751/3638 2538/3753/3640
f 2541/3754/3641 2539/3755/3642 2542/3756/3643
f 2542/3756/3643 2539/3755/3642 2540/3757/3644
f 2543/3758/3645 2541/3759/3646 2544/3760/3647
f 2544/3760/3647 2541/3759/3646 2542/3761/3648
f 2545/3762/3649 2543/3763/3650 2546/3764/3651
f 2546/3764/3651 2543/3763/3650 2544/3765/3652
f 2547/3766/3653 2545/3767/3654 2548/3768/3655
f 2548/3768/3655 2545/3767/3654 2546/3769/3656
f 2549/3770/3657 2547/3771/3658 2550/3772/3659
f 2550/3772/3659 2547/3771/3658 2548/3773/3660
f 2551/3774/3661 2549/3775/3662 2552/3776/3663
f 2552/3776/3663 2549/3775/3662 2550/3777/3664
f 2553/3778/3665 2551/3779/3666 2554/3780/3667
f 2554/3780/3667 2551/3779/3666 2552/3781/3668
f 2530/3782/3669 2553/3783/3670 2531/3784/3671
f 2531/3784/3671 2553/3783/3670 2554/3785/3672
f 2554/3786/3673 2552/3787/3674 2531/3788/3675
f 2531/3788/3675 2552/3787/3674 2532/3789/3676
f 2532/3789/3676 2552/3787/3674 2534/3790/3677
f 2534/3790/3677 2552/3787/3674 2536/3791/3678
f 2536/3791/3678 2552/3787/3674 2550/3792/3679
f 2536/3791/3678 2550/3792/3679 2548/3793/3680
f 2548/3793/3680 2546/3794/3681 2536/3791/3678
f 2536/3791/3678 2546/3794/3681 2538/3795/3682
f 2538/3795/3682 2546/3794/3681 2540/3796/3683
f 2540/3796/3683 2546/3794/3681 2542/3797/3684
f 2542/3797/3684 2546/3794/3681 2544/3798/3685
f 2553/3799/3686 2530/3800/3687 2551/3801/3688
f 2551/3801/3688 2530/3800/3687 2529/3802/3689
f 2551/3801/3688 2529/3802/3689 2533/3803/3690
f 2533/3803/3690 2535/3804/3691 2551/3801/3688
f 2551/3801/3688 2535/3804/3691 2549/3805/3692
f 2549/3805/3692 2535/3804/3691 2547/3806/3693
f 2547/3806/3693 2535/3804/3691 2545/3807/3694
f 2545/3807/3694 2535/3804/3691 2537/3808/3695
f 2545/3807/3694 2537/3808/3695 2539/3809/3696
f 2539/3809/3696 2541/3810/3697 2545/3807/3694
f 2545/3807/3694 2541/3810/3697 2543/3811/3698
g Power_Box

v 18.000000 12.000000 15.000000
v 18.000000 20.000000 15.000000
v 18.000000 28.000000 15.000000
v 10.000000 28.000000 15.000000
v 2.000000 28.000000 15.000000
v 2.000000 20.000000 15.000000
v 2.000000 12.000000 15.000000
v 10.000000 12.000000 15.000000
v 10.000000 20.000000 15.000000
v 18.000000 28.000000 1.000000
v 18.000000 20.000000 1.000000
v 18.000000 12.000000 1.000000
v 10.000000 12.000000 1.000000
v 2.000000 12.000000 1.000000
v 2.000000 20.000000 1.000000
v 2.000000 28.000000 1.000000
v 10.000000 28.000000 1.000000
v 10.000000 20.000000 1.000000
v 2.000000 12.000000 8.000000
v 18.000000 12.000000 8.000000
v 10.000000 12.000000 8.000000
v 2.000000 28.000000 8.000000
v 2.000000 20.000000 8.000000
v 18.000000 28.000000 8.000000
v 10.000000 28.000000 8.000000
v 18.000000 20.000000 8.000000
vt 0.000000 -8.000000 0.000000
vt 8.000000 -8.000000 0.000000
vt 0.000000 0.000000 0.000000
vt 8.000000 0.000000 0.000000
vt 0.000000 8.000000 0.000000
vt 8.000000 8.000000 0.000000
vt -8.000000 8.000000 0.000000
vt -8.000000 0.000000 0.000000
vt -8.000000 -8.000000 0.000000
vt -0.000000 8.000000 0.000000
vt -8.000000 8.000000 0.000000
vt 0.000000 0.000000 0.000000
vt -8.000000 0.000000 0.000000
vt -0.000000 -8.000000 0.000000
vt -8.000000 -8.000000 0.000000
vt 8.000000 -8.000000 0.000000
vt 8.000000 0.000000 0.000000
vt 8.000000 8.000000 0.000000
vt -7.000000 -8.000000 0.000000
vt -0.000000 -8.000000 0.000000
vt -7.000000 0.000000 0.000000
vt 0.000000 0.000000 0.000000
vt -7.000000 8.000000 0.000000
vt -0.000000 8.000000 0.000000
vt 7.000000 0.000000 0.000000
vt 7.000000 8.000000 0.000000
vt 7.000000 -8.000000 0.000000
vt 7.000000 8.000000 0.000000
vt -0.000000 8.000000 0.000000
vt 7.000000 0.000000 0.000000
vt 0.000000 0.000000 0.000000
vt 7.000000 -8.000000 0.000000
vt -0.000000 -8.000000 0.000000
vt -7.000000 0.000000 0.000000
vt -7.000000 -8.000000 0.000000
vt -7.000000 8.000000 0.000000
vt 7.000000 8.000000 0.000000
vt -0.000000 8.000000 0.000000
vt 7.000000 0.000000 0.000000
vt 0.000000 0.000000 0.000000
vt 7.000000 -8.000000 0.000000
vt -0.000000 -8.000000 0.000000
vt -7.000000 0.000000 0.000000
vt -7.000000 -8.000000 0.000000
vt -7.000000 8.000000 0.000000
vt -7.000000 -8.000000 0.000000
vt -0.000000 -8.000000 0.000000
vt -7.000000 0.000000 0.000000
vt 0.000000 0.000000 0.000000
vt -7.000000 8.000000 0.000000
vt -0.000000 8.000000 0.000000
vt 7.000000 0.000000 0.000000
vt 7.000000 8.000000 0.000000
vt 7.000000 -8.000000 0.000000
vn 0.000000 0.000000 1.000000
vn 0.000000 0.000000 1.000000
vn 0.000000 0.000000 1.000000
vn 0.000000 0.000000 1.000000
vn 0.000000 0.000000 1.000000
vn 0.000000 0.000000 1.000000
vn 0.000000 0.000000 1.000000
vn 0.000000 0.000000 1.000000
vn 0.000000 0.000000 1.000000
vn -0.000000 -0.000000 -1.000000
vn -0.000000 -0.000000 -1.000000
vn -0.000000 -0.000000 -1.000000
vn -0.000000 -0.000000 -1.000000
vn -0.000000 -0.000000 -1.000000
vn -0.000000 -0.000000 -1.000000
vn -0.000000 -0.000000 -1.000000
vn -0.000000 -0.000000 -1.000000
vn -0.000000 -0.000000 -1.000000
vn -0.000000 -1.000000 -0.000000
vn -0.000000 -1.000000 -0.000000
vn -0.000000 -1.000000 -0.000000
vn -0.000000 -1.000000 -0.000000
vn -0.000000 -1.000000 -0.000000
vn -0.000000 -1.000000 -0.000000
vn -0.000000 -1.000000 -0.000000
vn -0.000000 -1.000000 -0.000000
vn -0.000000 -1.000000 -0.000000
vn -1.000000 -0.000000 -0.000000
vn -1.000000 -0.000000 -0.000000
vn -1.000000 -0.000000 -0.000000
vn -1.000000 -0.000000 -0.000000
vn -1.000000 -0.000000 -0.000000
vn -1.000000 -0.000000 -0.000000
vn -1.000000 -0.000000 -0.000000
vn -1.000000 -0.000000 -0.000000
vn -1.000000 -0.000000 -0.000000
vn -0.000000 1.000000 -0.000000
vn -0.000000 1.000000 -0.000000
vn -0.000000 1.000000 -0.000000
vn -0.000000 1.000000 -0.000000
vn -0.000000 1.000000 -0.000000
vn -0.000000 1.000000 -0.000000
vn -0.000000 1.000000 -0.000000
vn -0.000000 1.000000 -0.000000
vn -0.000000 1.000000 -0.000000
vn 1.000000 -0.000000 -0.000000
vn 1.000000 -0.000000 -0.000000
vn 1.000000 -0.000000 -0.000000
vn 1.000000 -0.000000 -0.000000
vn 1.000000 -0.000000 -0.000000
vn 1.000000 -0.000000 -0.000000
vn 1.000000 -0.000000 -0.000000
vn 1.000000 -0.000000 -0.000000
vn 1.000000 -0.000000 -0.000000
usemtl é»_ããã
f 2562/3812/3699 2555/3813/3700 2563/3814/3701
f 2563/3814/3701 2555/3813/3700 2556/3815/3702
f 2563/3814/3701 2556/3815/3702 2558/3816/3703
f 2558/3816/3703 2556/3815/3702 2557/3817/3704
f 2558/3816/3703 2559/3818/3705 2563/3814/3701
f 2563/3814/3701 2559/3818/3705 2560/3819/3706
f 2563/3814/3701 2560/3819/3706 2562/3812/3699
f 2562/3812/3699 2560/3819/3706 2561/3820/3707
f 2571/3821/3708 2564/3822/3709 2572/3823/3710
f 2572/3823/3710 2564/3822/3709 2565/3824/3711
f 2572/3823/3710 2565/3824/3711 2567/3825/3712
f 2567/3825/3712 2565/3824/3711 2566/3826/3713
f 2567/3825/3712 2568/3827/3714 2572/3823/3710
f 2572/3823/3710 2568/3827/3714 2569/3828/3715
f 2572/3823/3710 2569/3828/3715 2571/3821/3708
f 2571/3821/3708 2569/3828/3715 2570/3829/3716
f 2561/3830/3717 2573/3831/3718 2562/3832/3719
f 2562/3832/3719 2573/3831/3718 2575/3833/3720
f 2562/3832/3719 2575/3833/3720 2555/3834/3721
f 2555/3834/3721 2575/3833/3720 2574/3835/3722
f 2574/3835/3722 2575/3833/3720 2567/3836/3723
f 2574/3835/3722 2567/3836/3723 2566/3837/3724
f 2573/3831/3718 2568/3838/3725 2575/3833/3720
f 2575/3833/3720 2568/3838/3725 2567/3836/3723
f 2559/3839/3726 2576/3840/3727 2560/3841/3728
f 2560/3841/3728 2576/3840/3727 2577/3842/3729
f 2560/3841/3728 2577/3842/3729 2561/3843/3730
f 2561/3843/3730 2577/3842/3729 2573/3844/3731
f 2573/3844/3731 2577/3842/3729 2569/3845/3732
f 2573/3844/3731 2569/3845/3732 2568/3846/3733
f 2576/3840/3727 2570/3847/3734 2577/3842/3729
f 2577/3842/3729 2570/3847/3734 2569/3845/3732
f 2557/3848/3735 2578/3849/3736 2558/3850/3737
f 2558/3850/3737 2578/3849/3736 2579/3851/3738
f 2558/3850/3737 2579/3851/3738 2559/3852/3739
f 2559/3852/3739 2579/3851/3738 2576/3853/3740
f 2576/3853/3740 2579/3851/3738 2571/3854/3741
f 2576/3853/3740 2571/3854/3741 2570/3855/3742
f 2578/3849/3736 2564/3856/3743 2579/3851/3738
f 2579/3851/3738 2564/3856/3743 2571/3854/3741
f 2555/3857/3744 2574/3858/3745 2556/3859/3746
f 2556/3859/3746 2574/3858/3745 2580/3860/3747
f 2556/3859/3746 2580/3860/3747 2557/3861/3748
f 2557/3861/3748 2580/3860/3747 2578/3862/3749
f 2578/3862/3749 2580/3860/3747 2565/3863/3750
f 2578/3862/3749 2565/3863/3750 2564/3864/3751
f 2574/3858/3745 2566/3865/3752 2580/3860/3747
f 2580/3860/3747 2566/3865/3752 2565/3863/3750
g Cone1_Base

v -16.000000 40.000000 3.000000
v -16.000000 50.000000 3.000000
v -16.000000 60.000000 3.000000
v -16.000000 70.000000 3.000000
v -26.000000 70.000000 3.000000
v -36.000000 70.000000 3.000000
v -46.000000 70.000000 3.000000
v -46.000000 60.000000 3.000000
v -46.000000 50.000000 3.000000
v -46.000000 40.000000 3.000000
v -36.000000 40.000000 3.000000
v -26.000000 40.000000 3.000000
v -26.000000 50.000000 3.000000
v -36.000000 50.000000 3.000000
v -26.000000 60.000000 3.000000
v -36.000000 60.000000 3.000000
v -16.000000 70.000000 0.000000
v -16.000000 60.000000 0.000000
v -16.000000 50.000000 0.000000
v -16.000000 40.000000 0.000000
v -26.000000 40.000000 0.000000
v -36.000000 40.000000 0.000000
v -46.000000 40.000000 0.000000
v -46.000000 50.000000 0.000000
v -46.000000 60.000000 0.000000
v -46.000000 70.000000 0.000000
v -36.000000 70.000000 0.000000
v -26.000000 70.000000 0.000000
v -26.000000 60.000000 0.000000
v -36.000000 60.000000 0.000000
v -26.000000 50.000000 0.000000
v -36.000000 50.000000 0.000000
vt 5.000000 -15.000000 0.000000
vt 15.000000 -15.000000 0.000000
vt 5.000000 -5.000000 0.000000
vt 15.000000 -5.000000 0.000000
vt 5.000000 5.000000 0.000000
vt 15.000000 5.000000 0.000000
vt 5.000000 15.000000 0.000000
vt 15.000000 15.000000 0.000000
vt -5.000000 15.000000 0.000000
vt -5.000000 5.000000 0.000000
vt -5.000000 -5.000000 0.000000
vt -5.000000 -15.000000 0.000000
vt -15.000000 -5.000000 0.000000
vt -15.000000 -15.000000 0.000000
vt -15.000000 15.000000 0.000000
vt -15.000000 5.000000 0.000000
vt -5.000000 15.000000 0.000000
vt -15.000000 15.000000 0.000000
vt -5.000000 5.000000 0.000000
vt -15.000000 5.000000 0.000000
vt -5.000000 -5.000000 0.000000
vt -15.000000 -5.000000 0.000000
vt -5.000000 -15.000000 0.000000
vt -15.000000 -15.000000 0.000000
vt 5.000000 -15.000000 0.000000
vt 5.000000 -5.000000 0.000000
vt 5.000000 5.000000 0.000000
vt 5.000000 15.000000 0.000000
vt 15.000000 5.000000 0.000000
vt 15.000000 15.000000 0.000000
vt 15.000000 -15.000000 0.000000
vt 15.000000 -5.000000 0.000000
vt -1.500000 -15.000000 0.000000
vt 1.500000 -15.000000 0.000000
vt -1.500000 -5.000000 0.000000
vt 1.500000 -5.000000 0.000000
vt -1.500000 5.000000 0.000000
vt 1.500000 5.000000 0.000000
vt -1.500000 15.000000 0.000000
vt 1.500000 15.000000 0.000000
vt 1.500000 15.000000 0.000000
vt -1.500000 15.000000 0.000000
vt 1.500000 5.000000 0.000000
vt -1.500000 5.000000 0.000000
vt 1.500000 -5.000000 0.000000
vt -1.500000 -5.000000 0.000000
vt 1.500000 -15.000000 0.000000
vt -1.500000 -15.000000 0.000000
vt 1.500000 15.000000 0.000000
vt -1.500000 15.000000 0.000000
vt 1.500000 5.000000 0.000000
vt -1.500000 5.000000 0.000000
vt 1.500000 -5.000000 0.000000
vt -1.500000 -5.000000 0.000000
vt 1.500000 -15.000000 0.000000
vt -1.500000 -15.000000 0.000000
vt -1.500000 -15.000000 0.000000
vt 1.500000 -15.000000 0.000000
vt -1.500000 -5.000000 0.000000
vt 1.500000 -5.000000 0.000000
vt -1.500000 5.000000 0.000000
vt 1.500000 5.000000 0.000000
vt -1.500000 15.000000 0.000000
vt 1.500000 15.000000 0.000000
vn 0.000000 0.000000 1.000000
vn 0.000000 0.000000 1.000000
vn 0.000000 0.000000 1.000000
vn 0.000000 0.000000 1.000000
vn 0.000000 0.000000 1.000000
vn 0.000000 0.000000 1.000000
vn 0.000000 0.000000 1.000000
vn 0.000000 0.000000 1.000000
vn 0.000000 0.000000 1.000000
vn 0.000000 0.000000 1.000000
vn 0.000000 0.000000 1.000000
vn 0.000000 0.000000 1.000000
vn 0.000000 0.000000 1.000000
vn 0.000000 0.000000 1.000000
vn 0.000000 0.000000 1.000000
vn 0.000000 0.000000 1.000000
vn -0.000000 -0.000000 -1.000000
vn -0.000000 -0.000000 -1.000000
vn -0.000000 -0.000000 -1.000000
vn -0.000000 -0.000000 -1.000000
vn -0.000000 -0.000000 -1.000000
vn -0.000000 -0.000000 -1.000000
vn -0.000000 -0.000000 -1.000000
vn -0.000000 -0.000000 -1.000000
vn -0.000000 -0.000000 -1.000000
vn -0.000000 -0.000000 -1.000000
vn -0.000000 -0.000000 -1.000000
vn -0.000000 -0.000000 -1.000000
vn -0.000000 -0.000000 -1.000000
vn -0.000000 -0.000000 -1.000000
vn -0.000000 -0.000000 -1.000000
vn -0.000000 -0.000000 -1.000000
vn -0.000000 -1.000000 -0.000000
vn -0.000000 -1.000000 -0.000000
vn -0.000000 -1.000000 -0.000000
vn -0.000000 -1.000000 -0.000000
vn -0.000000 -1.000000 -0.000000
vn -0.000000 -1.000000 -0.000000
vn -0.000000 -1.000000 -0.000000
vn -0.000000 -1.000000 -0.000000
vn -1.000000 -0.000000 -0.000000
vn -1.000000 -0.000000 -0.000000
vn -1.000000 -0.000000 -0.000000
vn -1.000000 -0.000000 -0.000000
vn -1.000000 -0.000000 -0.000000
vn -1.000000 -0.000000 -0.000000
vn -1.000000 -0.000000 -0.000000
vn -1.000000 -0.000000 -0.000000
vn -0.000000 1.000000 -0.000000
vn -0.000000 1.000000 -0.000000
vn -0.000000 1.000000 -0.000000
vn -0.000000 1.000000 -0.000000
vn -0.000000 1.000000 -0.000000
vn -0.000000 1.000000 -0.000000
vn -0.000000 1.000000 -0.000000
vn -0.000000 1.000000 -0.000000
vn 1.000000 -0.000000 -0.000000
vn 1.000000 -0.000000 -0.000000
vn 1.000000 -0.000000 -0.000000
vn 1.000000 -0.000000 -0.000000
vn 1.000000 -0.000000 -0.000000
vn 1.000000 -0.000000 -0.000000
vn 1.000000 -0.000000 -0.000000
vn 1.000000 -0.000000 -0.000000
f 2592/3866/3753 2581/3867/3754 2593/3868/3755
f 2593/3868/3755 2581/3867/3754 2582/3869/3756
f 2593/3868/3755 2582/3869/3756 2595/3870/3757
f 2595/3870/3757 2582/3869/3756 2583/3871/3758
f 2595/3870/3757 2583/3871/3758 2585/3872/3759
f 2585/3872/3759 2583/3871/3758 2584/3873/3760
f 2585/3872/3759 2586/3874/3761 2595/3870/3757
f 2595/3870/3757 2586/3874/3761 2596/3875/3762
f 2595/3870/3757 2596/3875/3762 2593/3868/3755
f 2593/3868/3755 2596/3875/3762 2594/3876/3763
f 2593/3868/3755 2594/3876/3763 2592/3866/3753
f 2592/3866/3753 2594/3876/3763 2591/3877/3764
f 2591/3877/3764 2594/3876/3763 2589/3878/3765
f 2591/3877/3764 2589/3878/3765 2590/3879/3766
f 2586/3874/3761 2587/3880/3767 2596/3875/3762
f 2596/3875/3762 2587/3880/3767 2588/3881/3768
f 2596/3875/3762 2588/3881/3768 2594/3876/3763
f 2594/3876/3763 2588/3881/3768 2589/3878/3765
f 2608/3882/3769 2597/3883/3770 2609/3884/3771
f 2609/3884/3771 2597/3883/3770 2598/3885/3772
f 2609/3884/3771 2598/3885/3772 2611/3886/3773
f 2611/3886/3773 2598/3885/3772 2599/3887/3774
f 2611/3886/3773 2599/3887/3774 2601/3888/3775
f 2601/3888/3775 2599/3887/3774 2600/3889/3776
f 2601/3888/3775 2602/3890/3777 2611/3886/3773
f 2611/3886/3773 2602/3890/3777 2612/3891/3778
f 2611/3886/3773 2612/3891/3778 2609/3884/3771
f 2609/3884/3771 2612/3891/3778 2610/3892/3779
f 2609/3884/3771 2610/3892/3779 2608/3882/3769
f 2608/3882/3769 2610/3892/3779 2607/3893/3780
f 2607/3893/3780 2610/3892/3779 2605/3894/3781
f 2607/3893/3780 2605/3894/3781 2606/3895/3782
f 2602/3890/3777 2603/3896/3783 2612/3891/3778
f 2612/3891/3778 2603/3896/3783 2604/3897/3784
f 2612/3891/3778 2604/3897/3784 2610/3892/3779
f 2610/3892/3779 2604/3897/3784 2605/3894/3781
f 2590/3898/3785 2603/3899/3786 2591/3900/3787
f 2591/3900/3787 2603/3899/3786 2602/3901/3788
f 2591/3900/3787 2602/3901/3788 2592/3902/3789
f 2592/3902/3789 2602/3901/3788 2601/3903/3790
f 2592/3902/3789 2601/3903/3790 2581/3904/3791
f 2581/3904/3791 2601/3903/3790 2600/3905/3792
f 2587/3906/3793 2606/3907/3794 2588/3908/3795
f 2588/3908/3795 2606/3907/3794 2605/3909/3796
f 2588/3908/3795 2605/3909/3796 2589/3910/3797
f 2589/3910/3797 2605/3909/3796 2604/3911/3798
f 2589/3910/3797 2604/3911/3798 2590/3912/3799
f 2590/3912/3799 2604/3911/3798 2603/3913/3800
f 2584/3914/3801 2597/3915/3802 2585/3916/3803
f 2585/3916/3803 2597/3915/3802 2608/3917/3804
f 2585/3916/3803 2608/3917/3804 2586/3918/3805
f 2586/3918/3805 2608/3917/3804 2607/3919/3806
f 2586/3918/3805 2607/3919/3806 2587/3920/3807
f 2587/3920/3807 2607/3919/3806 2606/3921/3808
f 2581/3922/3809 2600/3923/3810 2582/3924/3811
f 2582/3924/3811 2600/3923/3810 2599/3925/3812
f 2582/3924/3811 2599/3925/3812 2583/3926/3813
f 2583/3926/3813 2599/3925/3812 2598/3927/3814
f 2583/3926/3813 2598/3927/3814 2584/3928/3815
f 2584/3928/3815 2598/3927/3814 2597/3929/3816
g Cone1_Flange

v -17.000000 55.000000 3.000000
v -17.156368 57.086592 3.000000
v -17.621981 59.126572 3.000000
v -18.386436 61.074372 3.000000
v -19.432657 62.886481 3.000000
v -20.737274 64.522418 3.000000
v -22.271143 65.945641 3.000000
v -24.000000 67.124356 3.000000
v -25.885226 68.032232 3.000000
v -27.884707 68.648991 3.000000
v -29.953779 68.960853 3.000000
v -32.046221 68.960853 3.000000
v -34.115293 68.648991 3.000000
v -36.114774 68.032232 3.000000
v -38.000000 67.124356 3.000000
v -39.728857 65.945641 3.000000
v -41.262726 64.522418 3.000000
v -42.567343 62.886481 3.000000
v -43.613564 61.074372 3.000000
v -44.378019 59.126572 3.000000
v -44.843632 57.086592 3.000000
v -45.000000 55.000000 3.000000
v -44.843632 52.913408 3.000000
v -44.378019 50.873428 3.000000
v -43.613564 48.925628 3.000000
v -42.567343 47.113519 3.000000
v -41.262726 45.477582 3.000000
v -39.728857 44.054359 3.000000
v -38.000000 42.875644 3.000000
v -36.114774 41.967768 3.000000
v -34.115293 41.351009 3.000000
v -32.046221 41.039147 3.000000
v -29.953779 41.039147 3.000000
v -27.884707 41.351009 3.000000
v -25.885226 41.967768 3.000000
v -24.000000 42.875644 3.000000
v -22.271143 44.054359 3.000000
v -20.737274 45.477582 3.000000
v -19.432657 47.113519 3.000000
v -18.386436 48.925628 3.000000
v -17.621981 50.873428 3.000000
v -17.156368 52.913408 3.000000
v -17.000000 55.000000 5.000000
v -17.156368 52.913408 5.000000
v -17.621981 50.873428 5.000000
v -18.386436 48.925628 5.000000
v -19.432657 47.113519 5.000000
v -20.737274 45.477582 5.000000
v -22.271143 44.054359 5.000000
v -24.000000 42.875644 5.000000
v -25.885226 41.967768 5.000000
v -27.884707 41.351009 5.000000
v -29.953779 41.039147 5.000000
v -32.046221 41.039147 5.000000
v -34.115293 41.351009 5.000000
v -36.114774 41.967768 5.000000
v -38.000000 42.875644 5.000000
v -39.728857 44.054359 5.000000
v -41.262726 45.477582 5.000000
v -42.567343 47.113519 5.000000
v -43.613564 48.925628 5.000000
v -44.378019 50.873428 5.000000
v -44.843632 52.913408 5.000000
v -45.000000 55.000000 5.000000
v -44.843632 57.086592 5.000000
v -44.378019 59.126572 5.000000
v -43.613564 61.074372 5.000000
v -42.567343 62.886481 5.000000
v -41.262726 64.522418 5.000000
v -39.728857 65.945641 5.000000
v -38.000000 67.124356 5.000000
v -36.114774 68.032232 5.000000
v -34.115293 68.648991 5.000000
v -32.046221 68.960853 5.000000
v -29.953779 68.960853 5.000000
v -27.884707 68.648991 5.000000
v -25.885226 68.032232 5.000000
v -24.000000 67.124356 5.000000
v -22.271143 65.945641 5.000000
v -20.737274 64.522418 5.000000
v -19.432657 62.886481 5.000000
v -18.386436 61.074372 5.000000
v -17.621981 59.126572 5.000000
v -17.156368 57.086592 5.000000
v -35.666667 59.653618 3.000000
v -26.333333 59.653618 3.000000
v -26.333333 50.346382 3.000000
v -35.666667 50.346382 3.000000
v -35.666667 50.346382 5.000000
v -26.333333 50.346382 5.000000
v -26.333333 59.653618 5.000000
v -35.666667 59.653618 5.000000
vt 1.000000 2.094395 0.000000
vt -1.000000 2.094395 0.000000
vt 1.000000 0.000000 0.000000
vt -1.000000 0.000000 0.000000
vt 1.000000 -2.094395 0.000000
vt -1.000000 -2.094395 0.000000
vt 1.000000 -4.188790 0.000000
vt -1.000000 -4.188790 0.000000
vt 1.000000 -6.283185 0.000000
vt -1.000000 -6.283185 0.000000
vt 1.000000 -8.377580 0.000000
vt -1.000000 -8.377580 0.000000
vt 1.000000 -10.471976 0.000000
vt -1.000000 -10.471976 0.000000
vt 1.000000 -12.566371 0.000000
vt -1.000000 -12.566371 0.000000
vt 1.000000 -14.660766 0.000000
vt -1.000000 -14.660766 0.000000
vt 1.000000 -16.755161 0.000000
vt -1.000000 -16.755161 0.000000
vt 1.000000 -18.849556 0.000000
vt -1.000000 -18.849556 0.000000
vt 1.000000 -20.943951 0.000000
vt -1.000000 -20.943951 0.000000
vt 1.000000 -23.038346 0.000000
vt -1.000000 -23.038346 0.000000
vt 1.000000 -25.132741 0.000000
vt -1.000000 -25.132741 0.000000
vt 1.000000 -27.227136 0.000000
vt -1.000000 -27.227136 0.000000
vt 1.000000 -29.321531 0.000000
vt -1.000000 -29.321531 0.000000
vt 1.000000 -31.415927 0.000000
vt -1.000000 -31.415927 0.000000
vt 1.000000 -33.510322 0.000000
vt -1.000000 -33.510322 0.000000
vt 1.000000 -35.604717 0.000000
vt -1.000000 -35.604717 0.000000
vt 1.000000 -37.699112 0.000000
vt -1.000000 -37.699112 0.000000
vt 1.000000 -39.793507 0.000000
vt -1.000000 -39.793507 0.000000
vt 1.000000 -41.887902 0.000000
vt -1.000000 -41.887902 0.000000
vt 1.000000 -43.982297 0.000000
vt -1.000000 -43.982297 0.000000
vt 1.000000 43.982297 0.000000
vt -1.000000 43.982297 0.000000
vt 1.000000 41.887902 0.000000
vt -1.000000 41.887902 0.000000
vt 1.000000 39.793507 0.000000
vt -1.000000 39.793507 0.000000
vt 1.000000 37.699112 0.000000
vt -1.000000 37.699112 0.000000
vt 1.000000 35.604717 0.000000
vt -1.000000 35.604717 0.000000
vt 1.000000 33.510322 0.000000
vt -1.000000 33.510322 0.000000
vt 1.000000 31.415927 0.000000
vt -1.000000 31.415927 0.000000
vt 1.000000 29.321531 0.000000
vt -1.000000 29.321531 0.000000
vt 1.000000 27.227136 0.000000
vt -1.000000 27.227136 0.000000
vt 1.000000 25.132741 0.000000
vt -1.000000 25.132741 0.000000
vt 1.000000 23.038346 0.000000
vt -1.000000 23.038346 0.000000
vt 1.000000 20.943951 0.000000
vt -1.000000 20.943951 0.000000
vt 1.000000 18.849556 0.000000
vt -1.000000 18.849556 0.000000
vt 1.000000 16.755161 0.000000
vt -1.000000 16.755161 0.000000
vt 1.000000 14.660766 0.000000
vt -1.000000 14.660766 0.000000
vt 1.000000 12.566371 0.000000
vt -1.000000 12.566371 0.000000
vt 1.000000 10.471976 0.000000
vt -1.000000 10.471976 0.000000
vt 1.000000 8.377580 0.000000
vt -1.000000 8.377580 0.000000
vt 1.000000 6.283185 0.000000
vt -1.000000 6.283185 0.000000
vt 1.000000 4.188790 0.000000
vt -1.000000 4.188790 0.000000
vt -13.843632 -2.086592 0.000000
vt -4.666667 -4.653618 0.000000
vt -14.000000 0.000000 0.000000
vt -4.666667 4.653618 0.000000
vt -13.843632 2.086592 0.000000
vt -13.378019 4.126572 0.000000
vt -12.613564 6.074372 0.000000
vt -11.567343 7.886481 0.000000
vt -10.262726 9.522418 0.000000
vt -8.728857 10.945641 0.000000
vt -7.000000 12.124356 0.000000
vt -5.114774 13.032232 0.000000
vt -3.115293 13.648991 0.000000
vt -1.046221 13.960853 0.000000
vt 4.666667 4.653618 0.000000
vt 1.046221 13.960853 0.000000
vt 3.115293 13.648991 0.000000
vt 5.114774 13.032232 0.000000
vt 7.000000 12.124356 0.000000
vt 8.728857 10.945641 0.000000
vt 10.262726 9.522418 0.000000
vt 11.567343 7.886481 0.000000
vt 12.613564 6.074372 0.000000
vt 13.378019 4.126572 0.000000
vt 13.843632 2.086592 0.000000
vt 14.000000 0.000000 0.000000
vt 4.666667 -4.653618 0.000000
vt 13.843632 -2.086592 0.000000
vt 13.378019 -4.126572 0.000000
vt 12.613564 -6.074372 0.000000
vt 11.567343 -7.886481 0.000000
vt 10.262726 -9.522418 0.000000
vt 8.728857 -10.945641 0.000000
vt 7.000000 -12.124356 0.000000
vt 5.114774 -13.032232 0.000000
vt 3.115293 -13.648991 0.000000
vt 1.046221 -13.960853 0.000000
vt -1.046221 -13.960853 0.000000
vt -3.115293 -13.648991 0.000000
vt -5.114774 -13.032232 0.000000
vt -7.000000 -12.124356 0.000000
vt -8.728857 -10.945641 0.000000
vt -10.262726 -9.522418 0.000000
vt -11.567343 -7.886481 0.000000
vt -12.613564 -6.074372 0.000000
vt -13.378019 -4.126572 0.000000
vt 13.843632 2.086592 0.000000
vt 4.666667 4.653618 0.000000
vt 14.000000 0.000000 0.000000
vt 4.666667 -4.653618 0.000000
vt 13.843632 -2.086592 0.000000
vt 13.378019 -4.126572 0.000000
vt 12.613564 -6.074372 0.000000
vt 11.567343 -7.886481 0.000000
vt 10.262726 -9.522418 0.000000
vt 8.728857 -10.945641 0.000000
vt 7.000000 -12.124356 0.000000
vt 5.114774 -13.032232 0.000000
vt 3.115293 -13.648991 0.000000
vt 1.046221 -13.960853 0.000000
vt -4.666667 -4.653618 0.000000
vt -1.046221 -13.960853 0.000000
vt -3.115293 -13.648991 0.000000
vt -5.114774 -13.032232 0.000000
vt -7.000000 -12.124356 0.000000
vt -8.728857 -10.945641 0.000000
vt -10.262726 -9.522418 0.000000
vt -11.567343 -7.886481 0.000000
vt -12.613564 -6.074372 0.000000
vt -13.378019 -4.126572 0.000000
vt -13.843632 -2.086592 0.000000
vt -14.000000 0.000000 0.000000
vt -4.666667 4.653618 0.000000
vt -13.843632 2.086592 0.000000
vt -13.378019 4.126572 0.000000
vt -12.613564 6.074372 0.000000
vt -11.567343 7.886481 0.000000
vt -10.262726 9.522418 0.000000
vt -8.728857 10.945641 0.000000
vt -7.000000 12.124356 0.000000
vt -5.114774 13.032232 0.000000
vt -3.115293 13.648991 0.000000
vt -1.046221 13.960853 0.000000
vt 1.046221 13.960853 0.000000
vt 3.115293 13.648991 0.000000
vt 5.114774 13.032232 0.000000
vt 7.000000 12.124356 0.000000
vt 8.728857 10.945641 0.000000
vt 10.262726 9.522418 0.000000
vt 11.567343 7.886481 0.000000
vt 12.613564 6.074372 0.000000
vt 13.378019 4.126572 0.000000
vn 0.988831 0.149042 -0.000000
vn 0.988831 0.149042 -0.000000
vn 1.000000 -0.000000 -0.000000
vn 1.000000 -0.000000 -0.000000
vn 0.988831 -0.149042 -0.000000
vn 0.988831 -0.149042 -0.000000
vn 0.955573 -0.294755 -0.000000
vn 0.955573 -0.294755 -0.000000
vn 0.900969 -0.433884 -0.000000
vn 0.900969 -0.433884 -0.000000
vn 0.826239 -0.563320 -0.000000
vn 0.826239 -0.563320 -0.000000
vn 0.733052 -0.680173 -0.000000
vn 0.733052 -0.680173 -0.000000
vn 0.623490 -0.781831 -0.000000
vn 0.623490 -0.781831 -0.000000
vn 0.500000 -0.866025 -0.000000
vn 0.500000 -0.866025 -0.000000
vn 0.365341 -0.930874 -0.000000
vn 0.365341 -0.930874 -0.000000
vn 0.222521 -0.974928 -0.000000
vn 0.222521 -0.974928 -0.000000
vn 0.074730 -0.997204 -0.000000
vn 0.074730 -0.997204 -0.000000
vn -0.074730 -0.997204 0.000000
vn -0.074730 -0.997204 0.000000
vn -0.222521 -0.974928 0.000000
vn -0.222521 -0.974928 0.000000
vn -0.365341 -0.930874 0.000000
vn -0.365341 -0.930874 0.000000
vn -0.500000 -0.866025 0.000000
vn -0.500000 -0.866025 0.000000
vn -0.623490 -0.781831 0.000000
vn -0.623490 -0.781831 0.000000
vn -0.733052 -0.680173 0.000000
vn -0.733052 -0.680173 0.000000
vn -0.826239 -0.563320 0.000000
vn -0.826239 -0.563320 0.000000
vn -0.900969 -0.433884 0.000000
vn -0.900969 -0.433884 0.000000
vn -0.955573 -0.294755 0.000000
vn -0.955573 -0.294755 0.000000
vn -0.988831 -0.149042 0.000000
vn -0.988831 -0.149042 0.000000
vn -1.000000 -0.000000 0.000000
vn -1.000000 -0.000000 0.000000
vn -0.988831 0.149042 -0.000000
vn -0.988831 0.149042 -0.000000
vn -0.955573 0.294755 -0.000000
vn -0.955573 0.294755 -0.000000
vn -0.900969 0.433884 -0.000000
vn -0.900969 0.433884 -0.000000
vn -0.826239 0.563320 -0.000000
vn -0.826239 0.563320 -0.000000
vn -0.733052 0.680173 -0.000000
vn -0.733052 0.680173 -0.000000
vn -0.623490 0.781831 -0.000000
vn -0.623490 0.781831 -0.000000
vn -0.500000 0.866025 -0.000000
vn -0.500000 0.866025 -0.000000
vn -0.365341 0.930874 -0.000000
vn -0.365341 0.930874 -0.000000
vn -0.222521 0.974928 -0.000000
vn -0.222521 0.974928 -0.000000
vn -0.074730 0.997204 -0.000000
vn -0.074730 0.997204 -0.000000
vn 0.074730 0.997204 -0.000000
vn 0.074730 0.997204 -0.000000
vn 0.222521 0.974928 -0.000000
vn 0.222521 0.974928 -0.000000
vn 0.365341 0.930874 -0.000000
vn 0.365341 0.930874 -0.000000
vn 0.500000 0.866025 -0.000000
vn 0.500000 0.866025 -0.000000
vn 0.623490 0.781831 -0.000000
vn 0.623490 0.781831 -0.000000
vn 0.733052 0.680173 -0.000000
vn 0.733052 0.680173 -0.000000
vn 0.826239 0.563320 -0.000000
vn 0.826239 0.563320 -0.000000
vn 0.900969 0.433884 -0.000000
vn 0.900969 0.433884 -0.000000
vn 0.955573 0.294755 -0.000000
vn 0.955573 0.294755 -0.000000
vn 0.000000 0.000000 -1.000000
vn 0.000000 0.000000 -1.000000
vn 0.000000 0.000000 -1.000000
vn 0.000000 0.000000 -1.000000
vn 0.000000 0.000000 -1.000000
vn 0.000000 0.000000 -1.000000
vn 0.000000 0.000000 -1.000000
vn 0.000000 0.000000 -1.000000
vn 0.000000 0.000000 -1.000000
vn 0.000000 0.000000 -1.000000
vn 0.000000 0.000000 -1.000000
vn 0.000000 0.000000 -1.000000
vn 0.000000 0.000000 -1.000000
vn 0.000000 0.000000 -1.000000
vn 0.000000 0.000000 -1.000000
vn 0.000000 0.000000 -1.000000
vn 0.000000 0.000000 -1.000000
vn 0.000000 0.000000 -1.000000
vn 0.000000 0.000000 -1.000000
vn 0.000000 0.000000 -1.000000
vn 0.000000 0.000000 -1.000000
vn 0.000000 0.000000 -1.000000
vn 0.000000 0.000000 -1.000000
vn 0.000000 0.000000 -1.000000
vn 0.000000 0.000000 -1.000000
vn 0.000000 0.000000 -1.000000
vn 0.000000 0.000000 -1.000000
vn 0.000000 0.000000 -1.000000
vn 0.000000 0.000000 -1.000000
vn 0.000000 0.000000 -1.000000
vn 0.000000 0.000000 -1.000000
vn 0.000000 0.000000 -1.000000
vn 0.000000 0.000000 -1.000000
vn 0.000000 0.000000 -1.000000
vn 0.000000 0.000000 -1.000000
vn 0.000000 0.000000 -1.000000
vn 0.000000 0.000000 -1.000000
vn 0.000000 0.000000 -1.000000
vn 0.000000 0.000000 -1.000000
vn 0.000000 0.000000 -1.000000
vn 0.000000 0.000000 -1.000000
vn 0.000000 0.000000 -1.000000
vn 0.000000 0.000000 -1.000000
vn 0.000000 0.000000 -1.000000
vn 0.000000 0.000000 -1.000000
vn 0.000000 0.000000 -1.000000
vn 0.000000 0.000000 1.000000
vn 0.000000 0.000000 1.000000
vn 0.000000 0.000000 1.000000
vn 0.000000 0.000000 1.000000
vn 0.000000 0.000000 1.000000
vn 0.000000 0.000000 1.000000
vn 0.000000 0.000000 1.000000
vn 0.000000 0.000000 1.000000
vn 0.000000 0.000000 1.000000
vn 0.000000 0.000000 1.000000
vn 0.000000 0.000000 1.000000
vn 0.000000 0.000000 1.000000
vn 0.000000 0.000000 1.000000
vn 0.000000 0.000000 1.000000
vn 0.000000 0.000000 1.000000
vn 0.000000 0.000000 1.000000
vn 0.000000 0.000000 1.000000
vn 0.000000 0.000000 1.000000
vn 0.000000 0.000000 1.000000
vn 0.000000 0.000000 1.000000
vn 0.000000 0.000000 1.000000
vn 0.000000 0.000000 1.000000
vn 0.000000 0.000000 1.000000
vn 0.000000 0.000000 1.000000
vn 0.000000 0.000000 1.000000
vn 0.000000 0.000000 1.000000
vn 0.000000 0.000000 1.000000
vn 0.000000 0.000000 1.000000
vn 0.000000 0.000000 1.000000
vn 0.000000 0.000000 1.000000
vn 0.000000 0.000000 1.000000
vn 0.000000 0.000000 1.000000
vn 0.000000 0.000000 1.000000
vn 0.000000 0.000000 1.000000
vn 0.000000 0.000000 1.000000
vn 0.000000 0.000000 1.000000
vn 0.000000 0.000000 1.000000
vn 0.000000 0.000000 1.000000
vn 0.000000 0.000000 1.000000
vn 0.000000 0.000000 1.000000
vn 0.000000 0.000000 1.000000
vn 0.000000 0.000000 1.000000
vn 0.000000 0.000000 1.000000
vn 0.000000 0.000000 1.000000
vn 0.000000 0.000000 1.000000
vn 0.000000 0.000000 1.000000
usemtl ã³ã¼ã³_ãªã¬ã³ã¸ã¬ãã
f 2614/3930/3817 2696/3931/3818 2613/3932/3819
f 2613/3932/3819 2696/3931/3818 2655/3933/3820
f 2613/3932/3819 2655/3933/3820 2654/3934/3821
f 2654/3934/3821 2655/3933/3820 2656/3935/3822
f 2654/3934/3821 2656/3935/3822 2653/3936/3823
f 2653/3936/3823 2656/3935/3822 2657/3937/3824
f 2653/3936/3823 2657/3937/3824 2652/3938/3825
f 2652/3938/3825 2657/3937/3824 2658/3939/3826
f 2652/3938/3825 2658/3939/3826 2651/3940/3827
f 2651/3940/3827 2658/3939/3826 2659/3941/3828
f 2651/3940/3827 2659/3941/3828 2650/3942/3829
f 2650/3942/3829 2659/3941/3828 2660/3943/3830
f 2650/3942/3829 2660/3943/3830 2649/3944/3831
f 2649/3944/3831 2660/3943/3830 2661/3945/3832
f 2649/3944/3831 2661/3945/3832 2648/3946/3833
f 2648/3946/3833 2661/3945/3832 2662/3947/3834
f 2648/3946/3833 2662/3947/3834 2647/3948/3835
f 2647/3948/3835 2662/3947/3834 2663/3949/3836
f 2647/3948/3835 2663/3949/3836 2646/3950/3837
f 2646/3950/3837 2663/3949/3836 2664/3951/3838
f 2646/3950/3837 2664/3951/3838 2645/3952/3839
f 2645/3952/3839 2664/3951/3838 2665/3953/3840
f 2645/3952/3839 2665/3953/3840 2644/3954/3841
f 2644/3954/3841 2665/3953/3840 2666/3955/3842
f 2644/3954/3841 2666/3955/3842 2643/3956/3843
f 2643/3956/3843 2666/3955/3842 2667/3957/3844
f 2643/3956/3843 2667/3957/3844 2642/3958/3845
f 2642/3958/3845 2667/3957/3844 2668/3959/3846
f 2642/3958/3845 2668/3959/3846 2641/3960/3847
f 2641/3960/3847 2668/3959/3846 2669/3961/3848
f 2641/3960/3847 2669/3961/3848 2640/3962/3849
f 2640/3962/3849 2669/3961/3848 2670/3963/3850
f 2640/3962/3849 2670/3963/3850 2639/3964/3851
f 2639/3964/3851 2670/3963/3850 2671/3965/3852
f 2639/3964/3851 2671/3965/3852 2638/3966/3853
f 2638/3966/3853 2671/3965/3852 2672/3967/3854
f 2638/3966/3853 2672/3967/3854 2637/3968/3855
f 2637/3968/3855 2672/3967/3854 2673/3969/3856
f 2637/3968/3855 2673/3969/3856 2636/3970/3857
f 2636/3970/3857 2673/3969/3856 2674/3971/3858
f 2636/3970/3857 2674/3971/3858 2635/3972/3859
f 2635/3972/3859 2674/3971/3858 2675/3973/3860
f 2635/3972/3859 2675/3973/3860 2634/3974/3861
f 2634/3974/3861 2675/3973/3860 2676/3975/3862
f 2634/3976/3861 2676/3977/3862 2633/3978/3863
f 2633/3978/3863 2676/3977/3862 2677/3979/3864
f 2633/3978/3863 2677/3979/3864 2632/3980/3865
f 2632/3980/3865 2677/3979/3864 2678/3981/3866
f 2632/3980/3865 2678/3981/3866 2631/3982/3867
f 2631/3982/3867 2678/3981/3866 2679/3983/3868
f 2631/3982/3867 2679/3983/3868 2630/3984/3869
f 2630/3984/3869 2679/3983/3868 2680/3985/3870
f 2630/3984/3869 2680/3985/3870 2629/3986/3871
f 2629/3986/3871 2680/3985/3870 2681/3987/3872
f 2629/3986/3871 2681/3987/3872 2628/3988/3873
f 2628/3988/3873 2681/3987/3872 2682/3989/3874
f 2628/3988/3873 2682/3989/3874 2627/3990/3875
f 2627/3990/3875 2682/3989/3874 2683/3991/3876
f 2627/3990/3875 2683/3991/3876 2626/3992/3877
f 2626/3992/3877 2683/3991/3876 2684/3993/3878
f 2626/3992/3877 2684/3993/3878 2625/3994/3879
f 2625/3994/3879 2684/3993/3878 2685/3995/3880
f 2625/3994/3879 2685/3995/3880 2624/3996/3881
f 2624/3996/3881 2685/3995/3880 2686/3997/3882
f 2624/3996/3881 2686/3997/3882 2623/3998/3883
f 2623/3998/3883 2686/3997/3882 2687/3999/3884
f 2623/3998/3883 2687/3999/3884 2622/4000/3885
f 2622/4000/3885 2687/3999/3884 2688/4001/3886
f 2622/4000/3885 2688/4001/3886 2621/4002/3887
f 2621/4002/3887 2688/4001/3886 2689/4003/3888
f 2621/4002/3887 2689/4003/3888 2620/4004/3889
f 2620/4004/3889 2689/4003/3888 2690/4005/3890
f 2620/4004/3889 2690/4005/3890 2619/4006/3891
f 2619/4006/3891 2690/4005/3890 2691/4007/3892
f 2619/4006/3891 2691/4007/3892 2618/4008/3893
f 2618/4008/3893 2691/4007/3892 2692/4009/3894
f 2618/4008/3893 2692/4009/3894 2617/4010/3895
f 2617/4010/3895 2692/4009/3894 2693/4011/3896
f 2617/4010/3895 2693/4011/3896 2616/4012/3897
f 2616/4012/3897 2693/4011/3896 2694/4013/3898
f 2616/4012/3897 2694/4013/3898 2615/4014/3899
f 2615/4014/3899 2694/4013/3898 2695/4015/3900
f 2615/4014/3899 2695/4015/3900 2614/3930/3817
f 2614/3930/3817 2695/4015/3900 2696/3931/3818
f 2654/4016/3901 2699/4017/3902 2613/4018/3903
f 2613/4018/3903 2699/4017/3902 2698/4019/3904
f 2613/4018/3903 2698/4019/3904 2614/4020/3905
f 2614/4020/3905 2698/4019/3904 2615/4021/3906
f 2615/4021/3906 2698/4019/3904 2616/4022/3907
f 2616/4022/3907 2698/4019/3904 2617/4023/3908
f 2617/4023/3908 2698/4019/3904 2618/4024/3909
f 2618/4024/3909 2698/4019/3904 2619/4025/3910
f 2619/4025/3910 2698/4019/3904 2620/4026/3911
f 2620/4026/3911 2698/4019/3904 2621/4027/3912
f 2621/4027/3912 2698/4019/3904 2622/4028/3913
f 2622/4028/3913 2698/4019/3904 2623/4029/3914
f 2623/4029/3914 2698/4019/3904 2697/4030/3915
f 2623/4029/3914 2697/4030/3915 2624/4031/3916
f 2624/4031/3916 2697/4030/3915 2625/4032/3917
f 2625/4032/3917 2697/4030/3915 2626/4033/3918
f 2626/4033/3918 2697/4030/3915 2627/4034/3919
f 2627/4034/3919 2697/4030/3915 2628/4035/3920
f 2628/4035/3920 2697/4030/3915 2629/4036/3921
f 2629/4036/3921 2697/4030/3915 2630/4037/3922
f 2630/4037/3922 2697/4030/3915 2631/4038/3923
f 2631/4038/3923 2697/4030/3915 2632/4039/3924
f 2632/4039/3924 2697/4030/3915 2633/4040/3925
f 2633/4040/3925 2697/4030/3915 2634/4041/3926
f 2634/4041/3926 2697/4030/3915 2700/4042/3927
f 2634/4041/3926 2700/4042/3927 2635/4043/3928
f 2635/4043/3928 2700/4042/3927 2636/4044/3929
f 2636/4044/3929 2700/4042/3927 2637/4045/3930
f 2637/4045/3930 2700/4042/3927 2638/4046/3931
f 2638/4046/3931 2700/4042/3927 2639/4047/3932
f 2639/4047/3932 2700/4042/3927 2640/4048/3933
f 2640/4048/3933 2700/4042/3927 2641/4049/3934
f 2641/4049/3934 2700/4042/3927 2642/4050/3935
f 2642/4050/3935 2700/4042/3927 2643/4051/3936
f 2643/4051/3936 2700/4042/3927 2644/4052/3937
f 2644/4052/3937 2700/4042/3927 2699/4017/3902
f 2644/4052/3937 2699/4017/3902 2645/4053/3938
f 2645/4053/3938 2699/4017/3902 2646/4054/3939
f 2646/4054/3939 2699/4017/3902 2647/4055/3940
f 2647/4055/3940 2699/4017/3902 2648/4056/3941
f 2648/4056/3941 2699/4017/3902 2649/4057/3942
f 2649/4057/3942 2699/4017/3902 2650/4058/3943
f 2650/4058/3943 2699/4017/3902 2651/4059/3944
f 2651/4059/3944 2699/4017/3902 2652/4060/3945
f 2652/4060/3945 2699/4017/3902 2653/4061/3946
f 2653/4061/3946 2699/4017/3902 2654/4016/3901
f 2699/4017/3902 2700/4042/3927 2698/4019/3904
f 2698/4019/3904 2700/4042/3927 2697/4030/3915
f 2696/4062/3947 2703/4063/3948 2655/4064/3949
f 2655/4064/3949 2703/4063/3948 2702/4065/3950
f 2655/4064/3949 2702/4065/3950 2656/4066/3951
f 2656/4066/3951 2702/4065/3950 2657/4067/3952
f 2657/4067/3952 2702/4065/3950 2658/4068/3953
f 2658/4068/3953 2702/4065/3950 2659/4069/3954
f 2659/4069/3954 2702/4065/3950 2660/4070/3955
f 2660/4070/3955 2702/4065/3950 2661/4071/3956
f 2661/4071/3956 2702/4065/3950 2662/4072/3957
f 2662/4072/3957 2702/4065/3950 2663/4073/3958
f 2663/4073/3958 2702/4065/3950 2664/4074/3959
f 2664/4074/3959 2702/4065/3950 2665/4075/3960
f 2665/4075/3960 2702/4065/3950 2701/4076/3961
f 2665/4075/3960 2701/4076/3961 2666/4077/3962
f 2666/4077/3962 2701/4076/3961 2667/4078/3963
f 2667/4078/3963 2701/4076/3961 2668/4079/3964
f 2668/4079/3964 2701/4076/3961 2669/4080/3965
f 2669/4080/3965 2701/4076/3961 2670/4081/3966
f 2670/4081/3966 2701/4076/3961 2671/4082/3967
f 2671/4082/3967 2701/4076/3961 2672/4083/3968
f 2672/4083/3968 2701/4076/3961 2673/4084/3969
f 2673/4084/3969 2701/4076/3961 2674/4085/3970
f 2674/4085/3970 2701/4076/3961 2675/4086/3971
f 2675/4086/3971 2701/4076/3961 2676/4087/3972
f 2676/4087/3972 2701/4076/3961 2704/4088/3973
f 2676/4087/3972 2704/4088/3973 2677/4089/3974
f 2677/4089/3974 2704/4088/3973 2678/4090/3975
f 2678/4090/3975 2704/4088/3973 2679/4091/3976
f 2679/4091/3976 2704/4088/3973 2680/4092/3977
f 2680/4092/3977 2704/4088/3973 2681/4093/3978
f 2681/4093/3978 2704/4088/3973 2682/4094/3979
f 2682/4094/3979 2704/4088/3973 2683/4095/3980
f 2683/4095/3980 2704/4088/3973 2684/4096/3981
f 2684/4096/3981 2704/4088/3973 2685/4097/3982
f 2685/4097/3982 2704/4088/3973 2686/4098/3983
f 2686/4098/3983 2704/4088/3973 2703/4063/3948
f 2686/4098/3983 2703/4063/3948 2687/4099/3984
f 2687/4099/3984 2703/4063/3948 2688/4100/3985
f 2688/4100/3985 2703/4063/3948 2689/4101/3986
f 2689/4101/3986 2703/4063/3948 2690/4102/3987
f 2690/4102/3987 2703/4063/3948 2691/4103/3988
f 2691/4103/3988 2703/4063/3948 2692/4104/3989
f 2692/4104/3989 2703/4063/3948 2693/4105/3990
f 2693/4105/3990 2703/4063/3948 2694/4106/3991
f 2694/4106/3991 2703/4063/3948 2695/4107/3992
f 2695/4107/3992 2703/4063/3948 2696/4062/3947
f 2703/4063/3948 2704/4088/3973 2702/4065/3950
f 2702/4065/3950 2704/4088/3973 2701/4076/3961
g Cone1_Body

v -20.000000 55.000000 5.000000
v -20.198784 57.081764 5.000000
v -20.787953 59.088287 5.000000
v -21.746211 60.947049 5.000000
v -23.038926 62.590869 5.000000
v -24.619374 63.960335 5.000000
v -26.430435 65.005952 5.000000
v -28.406652 65.689927 5.000000
v -30.476599 65.987541 5.000000
v -32.565463 65.888036 5.000000
v -34.597748 65.395009 5.000000
v -36.500000 64.526279 5.000000
v -38.203468 63.313245 5.000000
v -39.646584 61.799749 5.000000
v -40.777190 60.040492 5.000000
v -41.554423 58.099058 5.000000
v -41.950191 56.045616 5.000000
v -41.950191 53.954384 5.000000
v -41.554423 51.900942 5.000000
v -40.777190 49.959508 5.000000
v -39.646584 48.200251 5.000000
v -38.203468 46.686755 5.000000
v -36.500000 45.473721 5.000000
v -34.597748 44.604991 5.000000
v -32.565463 44.111964 5.000000
v -30.476599 44.012459 5.000000
v -28.406652 44.310073 5.000000
v -26.430435 44.994048 5.000000
v -24.619374 46.039665 5.000000
v -23.038926 47.409131 5.000000
v -21.746211 49.052951 5.000000
v -20.787953 50.911713 5.000000
v -20.198784 52.918236 5.000000
v -28.500000 55.000000 45.000000
v -28.585185 54.352952 45.000000
v -28.834936 53.750000 45.000000
v -29.232233 53.232233 45.000000
v -29.750000 52.834936 45.000000
v -30.352952 52.585185 45.000000
v -31.000000 52.500000 45.000000
v -31.647048 52.585185 45.000000
v -32.250000 52.834936 45.000000
v -32.767767 53.232233 45.000000
v -33.165064 53.750000 45.000000
v -33.414815 54.352952 45.000000
v -33.500000 55.000000 45.000000
v -33.414815 55.647048 45.000000
v -33.165064 56.250000 45.000000
v -32.767767 56.767767 45.000000
v -32.250000 57.165064 45.000000
v -31.647048 57.414815 45.000000
v -31.000000 57.500000 45.000000
v -30.352952 57.414815 45.000000
v -29.750000 57.165064 45.000000
v -29.232233 56.767767 45.000000
v -28.834936 56.250000 45.000000
v -28.585185 55.647048 45.000000
v -39.875000 55.000000 15.000000
v -37.750000 55.000000 25.000000
v -35.625000 55.000000 35.000000
v -34.890798 52.499536 35.000000
v -31.220066 50.380239 35.000000
v -26.889136 52.880702 35.000000
v -26.889136 57.119298 35.000000
v -31.220066 59.619761 35.000000
v -34.890798 57.500464 35.000000
v -22.165187 55.843622 15.000000
v -24.280565 55.641628 25.000000
v -26.395942 55.439634 35.000000
v -26.395942 54.560366 35.000000
v -24.280565 54.358372 25.000000
v -22.165187 54.156378 15.000000
v -22.484500 57.500376 15.000000
v -24.523422 56.901695 25.000000
v -26.562345 56.303013 35.000000
v -23.111585 59.066760 15.000000
v -25.000361 58.093029 25.000000
v -24.023779 60.486161 15.000000
v -25.694142 59.172573 25.000000
v -27.364504 57.858985 35.000000
v -25.188111 61.707277 15.000000
v -26.579690 60.101310 25.000000
v -27.971269 58.495342 35.000000
v -26.562500 62.685975 15.000000
v -27.625000 60.845671 25.000000
v -28.687500 59.005367 35.000000
v -28.097272 63.386882 15.000000
v -28.792291 61.378756 25.000000
v -29.487311 59.370629 35.000000
v -29.736956 63.784665 15.000000
v -30.039375 61.681295 25.000000
v -30.341794 59.577924 35.000000
v -31.422290 63.864948 15.000000
v -31.321178 61.742355 25.000000
v -33.092361 63.624828 15.000000
v -32.591373 61.559728 25.000000
v -32.090385 59.494629 35.000000
v -34.686808 63.072984 15.000000
v -33.804051 61.140016 25.000000
v -32.921294 59.207048 35.000000
v -36.148005 62.229362 15.000000
v -34.915384 60.498388 25.000000
v -33.682763 58.767414 35.000000
v -37.423140 61.124451 15.000000
v -35.885205 59.658033 25.000000
v -34.347270 58.191615 35.000000
v -38.466125 59.798187 15.000000
v -36.678461 58.649326 25.000000
v -39.239265 58.298504 15.000000
v -37.266484 57.508722 25.000000
v -35.293702 56.718939 35.000000
v -39.714617 56.679605 15.000000
v -37.628019 56.277446 25.000000
v -35.541420 55.875287 35.000000
v -39.714617 53.320395 15.000000
v -37.628019 53.722554 25.000000
v -35.541420 54.124713 35.000000
v -39.239265 51.701496 15.000000
v -37.266484 52.491278 25.000000
v -35.293702 53.281061 35.000000
v -38.466125 50.201813 15.000000
v -36.678461 51.350674 25.000000
v -37.423140 48.875549 15.000000
v -35.885205 50.341967 25.000000
v -34.347270 51.808385 35.000000
v -36.148005 47.770638 15.000000
v -34.915384 49.501612 25.000000
v -33.682763 51.232586 35.000000
v -34.686808 46.927016 15.000000
v -33.804051 48.859984 25.000000
v -32.921294 50.792952 35.000000
v -33.092361 46.375172 15.000000
v -32.591373 48.440272 25.000000
v -32.090385 50.505371 35.000000
v -31.422290 46.135052 15.000000
v -31.321178 48.257645 25.000000
v -29.736956 46.215335 15.000000
v -30.039375 48.318705 25.000000
v -30.341794 50.422076 35.000000
v -28.097272 46.613118 15.000000
v -28.792291 48.621244 25.000000
v -29.487311 50.629371 35.000000
v -26.562500 47.314025 15.000000
v -27.625000 49.154329 25.000000
v -28.687500 50.994633 35.000000
v -25.188111 48.292723 15.000000
v -26.579690 49.898690 25.000000
v -27.971269 51.504658 35.000000
v -24.023779 49.513839 15.000000
v -25.694142 50.827427 25.000000
v -27.364504 52.141015 35.000000
v -23.111585 50.933240 15.000000
v -25.000361 51.906971 25.000000
v -22.484500 52.499624 15.000000
v -24.523422 53.098305 25.000000
v -26.562345 53.696987 35.000000
v -30.975096 55.000000 5.000000
vt 20.446577 1.285197 0.000000
vt 10.223288 0.642598 0.000000
vt 20.446577 0.000000 0.000000
vt 10.223288 -0.642598 0.000000
vt 20.446577 -1.285197 0.000000
vt 10.223288 -1.927795 0.000000
vt 20.446577 -2.570394 0.000000
vt 10.223288 -3.212992 0.000000
vt 20.446577 -3.855591 0.000000
vt 10.223288 -4.498189 0.000000
vt 20.446577 -5.140788 0.000000
vt 10.223288 -5.783386 0.000000
vt 20.446577 -6.425985 0.000000
vt 10.223288 -7.068583 0.000000
vt 20.446577 -7.711182 0.000000
vt 10.223288 -8.353780 0.000000
vt 20.446577 -8.996379 0.000000
vt 10.223288 -9.638977 0.000000
vt 20.446577 -10.281576 0.000000
vt 10.223288 -10.924174 0.000000
vt 20.446577 -11.566773 0.000000
vt 10.223288 -12.209371 0.000000
vt 20.446577 -12.851970 0.000000
vt 10.223288 -13.494568 0.000000
vt 20.446577 -14.137167 0.000000
vt 10.223288 -14.779765 0.000000
vt 20.446577 -15.422364 0.000000
vt 10.223288 -16.064962 0.000000
vt 20.446577 -16.707561 0.000000
vt 10.223288 -17.350159 0.000000
vt 20.446577 -17.992758 0.000000
vt 10.223288 -18.635356 0.000000
vt 20.446577 -19.277955 0.000000
vt 10.223288 -19.920553 0.000000
vt 20.446577 -20.563152 0.000000
vt 10.223288 -21.205750 0.000000
vt 20.446577 -21.848349 0.000000
vt 20.446577 20.563152 0.000000
vt 10.223288 21.205750 0.000000
vt 10.223288 19.920553 0.000000
vt 20.446577 19.277955 0.000000
vt 10.223288 18.635356 0.000000
vt 20.446577 17.992758 0.000000
vt 10.223288 17.350159 0.000000
vt 20.446577 16.707561 0.000000
vt 10.223288 16.064962 0.000000
vt 20.446577 15.422364 0.000000
vt 10.223288 14.779765 0.000000
vt 20.446577 14.137167 0.000000
vt 10.223288 13.494568 0.000000
vt 20.446577 12.851970 0.000000
vt 10.223288 12.209371 0.000000
vt 20.446577 11.566773 0.000000
vt 10.223288 10.924174 0.000000
vt 20.446577 10.281576 0.000000
vt 10.223288 9.638977 0.000000
vt 20.446577 8.996379 0.000000
vt 10.223288 8.353780 0.000000
vt 20.446577 7.711182 0.000000
vt 10.223288 7.068583 0.000000
vt 20.446577 6.425985 0.000000
vt 10.223288 5.783386 0.000000
vt 20.446577 5.140788 0.000000
vt 10.223288 4.498189 0.000000
vt 20.446577 3.855591 0.000000
vt 10.223288 3.212992 0.000000
vt 20.446577 2.570394 0.000000
vt 10.223288 1.927795 0.000000
vt -20.446577 -1.767146 0.000000
vt -10.223288 -0.642598 0.000000
vt -20.446577 0.000000 0.000000
vt -10.223288 0.642598 0.000000
vt -20.446577 1.767146 0.000000
vt -10.223288 1.927795 0.000000
vt -10.223288 3.212992 0.000000
vt 0.000000 1.927795 0.000000
vt 0.000000 3.212992 0.000000
vt -20.446577 -3.534292 0.000000
vt -10.223288 -3.212992 0.000000
vt -10.223288 -1.927795 0.000000
vt 0.000000 -1.927795 0.000000
vt 0.000000 -0.642598 0.000000
vt -10.223288 -4.498189 0.000000
vt -20.446577 -5.301438 0.000000
vt -10.223288 -5.783386 0.000000
vt -20.446577 -7.068583 0.000000
vt -10.223288 -7.068583 0.000000
vt -10.223288 -8.353780 0.000000
vt 0.000000 -8.353780 0.000000
vt 0.000000 -9.638977 0.000000
vt -20.446577 -8.835729 0.000000
vt -10.223288 -9.638977 0.000000
vt 0.000000 -10.924174 0.000000
vt -20.446577 -10.602875 0.000000
vt -10.223288 -10.924174 0.000000
vt 0.000000 -12.209371 0.000000
vt -20.446577 -12.370021 0.000000
vt -10.223288 -12.209371 0.000000
vt 0.000000 -13.494568 0.000000
vt -10.223288 -13.494568 0.000000
vt -20.446577 -14.137167 0.000000
vt -10.223288 -14.779765 0.000000
vt -20.446577 -15.904313 0.000000
vt -10.223288 -16.064962 0.000000
vt -10.223288 -17.350159 0.000000
vt 0.000000 -17.350159 0.000000
vt 0.000000 -18.635356 0.000000
vt -20.446577 -17.671459 0.000000
vt -10.223288 -18.635356 0.000000
vt 0.000000 -19.920553 0.000000
vt -20.446577 -19.438605 0.000000
vt -10.223288 -19.920553 0.000000
vt 0.000000 -21.205750 0.000000
vt 0.000000 21.205750 0.000000
vt -20.446577 -21.205750 0.000000
vt -10.223288 -21.205750 0.000000
vt -10.223288 21.205750 0.000000
vt 0.000000 19.920553 0.000000
vt -20.446577 21.205750 0.000000
vt -10.223288 19.920553 0.000000
vt -20.446577 19.438605 0.000000
vt -10.223288 18.635356 0.000000
vt -20.446577 17.671459 0.000000
vt -10.223288 17.350159 0.000000
vt -20.446577 15.904313 0.000000
vt -10.223288 16.064962 0.000000
vt -10.223288 14.779765 0.000000
vt 0.000000 14.779765 0.000000
vt 0.000000 13.494568 0.000000
vt -20.446577 14.137167 0.000000
vt -10.223288 13.494568 0.000000
vt 0.000000 12.209371 0.000000
vt -20.446577 12.370021 0.000000
vt -10.223288 12.209371 0.000000
vt 0.000000 10.924174 0.000000
vt -10.223288 10.924174 0.000000
vt -20.446577 10.602875 0.000000
vt -10.223288 9.638977 0.000000
vt -20.446577 8.835729 0.000000
vt -10.223288 8.353780 0.000000
vt -20.446577 7.068583 0.000000
vt -10.223288 7.068583 0.000000
vt -10.223288 5.783386 0.000000
vt 0.000000 5.783386 0.000000
vt 0.000000 4.498189 0.000000
vt -20.446577 5.301438 0.000000
vt -10.223288 4.498189 0.000000
vt -20.446577 3.534292 0.000000
vt 0.000000 0.642598 0.000000
vt 0.000000 7.068583 0.000000
vt 0.000000 8.353780 0.000000
vt 0.000000 9.638977 0.000000
vt 0.000000 16.064962 0.000000
vt 0.000000 17.350159 0.000000
vt 0.000000 18.635356 0.000000
vt 0.000000 -16.064962 0.000000
vt 0.000000 -14.779765 0.000000
vt 0.000000 -7.068583 0.000000
vt 0.000000 -5.783386 0.000000
vt 0.000000 -4.498189 0.000000
vt 0.000000 -3.212992 0.000000
vt -10.801216 2.081764 0.000000
vt -11.000000 0.000000 0.000000
vt -0.024904 0.000000 0.000000
vt -10.801216 -2.081764 0.000000
vt -10.212047 -4.088287 0.000000
vt -9.253789 -5.947049 0.000000
vt -7.961074 -7.590869 0.000000
vt -6.380626 -8.960335 0.000000
vt -4.569565 -10.005952 0.000000
vt -2.593348 -10.689927 0.000000
vt -0.523401 -10.987541 0.000000
vt 1.565463 -10.888036 0.000000
vt 3.597748 -10.395009 0.000000
vt 5.500000 -9.526279 0.000000
vt 7.203468 -8.313245 0.000000
vt 8.646584 -6.799749 0.000000
vt 9.777190 -5.040492 0.000000
vt 10.554423 -3.099058 0.000000
vt 10.950191 -1.045616 0.000000
vt 10.950191 1.045616 0.000000
vt 10.554423 3.099058 0.000000
vt 9.777190 5.040492 0.000000
vt 8.646584 6.799749 0.000000
vt 7.203468 8.313245 0.000000
vt 5.500000 9.526279 0.000000
vt 3.597748 10.395009 0.000000
vt 1.565463 10.888036 0.000000
vt -0.523401 10.987541 0.000000
vt -2.593348 10.689927 0.000000
vt -4.569565 10.005952 0.000000
vt -6.380626 8.960335 0.000000
vt -7.961074 7.590869 0.000000
vt -9.253789 5.947049 0.000000
vt -10.212047 4.088287 0.000000
vt 2.414815 0.647048 0.000000
vt -2.414815 0.647048 0.000000
vt 2.500000 0.000000 0.000000
vt -2.500000 0.000000 0.000000
vt 2.414815 -0.647048 0.000000
vt -2.414815 -0.647048 0.000000
vt 2.165064 -1.250000 0.000000
vt -2.165064 -1.250000 0.000000
vt 1.767767 -1.767767 0.000000
vt -1.767767 -1.767767 0.000000
vt 1.250000 -2.165064 0.000000
vt -1.250000 -2.165064 0.000000
vt 0.647048 -2.414815 0.000000
vt -0.647048 -2.414815 0.000000
vt 0.000000 -2.500000 0.000000
vt -2.165064 1.250000 0.000000
vt 2.165064 1.250000 0.000000
vt -1.767767 1.767767 0.000000
vt 1.767767 1.767767 0.000000
vt -1.250000 2.165064 0.000000
vt 1.250000 2.165064 0.000000
vt -0.647048 2.414815 0.000000
vt 0.647048 2.414815 0.000000
vt 0.000000 2.500000 0.000000
vn 0.960482 0.185118 0.207859
vn 0.973730 0.092980 0.207859
vn 0.978159 -0.000000 0.207859
vn 0.973730 -0.092980 0.207859
vn 0.960482 -0.185118 0.207859
vn 0.938537 -0.275579 0.207859
vn 0.908091 -0.363545 0.207859
vn 0.869422 -0.448218 0.207859
vn 0.822880 -0.528833 0.207859
vn 0.768885 -0.604658 0.207859
vn 0.707927 -0.675007 0.207859
vn 0.640558 -0.739243 0.207859
vn 0.567388 -0.796785 0.207859
vn 0.489079 -0.847110 0.207859
vn 0.406342 -0.889765 0.207859
vn 0.319924 -0.924361 0.207859
vn 0.230610 -0.950586 0.207859
vn 0.139207 -0.968203 0.207859
vn 0.046543 -0.977051 0.207859
vn -0.046543 -0.977051 0.207859
vn -0.139207 -0.968203 0.207859
vn -0.230610 -0.950586 0.207859
vn -0.319924 -0.924361 0.207859
vn -0.406342 -0.889765 0.207859
vn -0.489079 -0.847110 0.207859
vn -0.567388 -0.796785 0.207859
vn -0.640558 -0.739243 0.207859
vn -0.707927 -0.675007 0.207859
vn -0.768885 -0.604658 0.207859
vn -0.822880 -0.528833 0.207859
vn -0.869422 -0.448218 0.207859
vn -0.908091 -0.363545 0.207859
vn -0.938537 -0.275579 0.207859
vn -0.960482 -0.185118 0.207859
vn -0.973730 -0.092980 0.207859
vn -0.978159 -0.000000 0.207859
vn -0.973730 0.092980 0.207859
vn -0.960482 0.185118 0.207859
vn -0.938537 0.275579 0.207859
vn -0.908091 0.363545 0.207859
vn -0.869422 0.448218 0.207859
vn -0.822880 0.528833 0.207859
vn -0.768885 0.604658 0.207859
vn -0.707927 0.675007 0.207859
vn -0.640558 0.739243 0.207859
vn -0.567388 0.796785 0.207859
vn -0.489079 0.847110 0.207859
vn -0.406342 0.889765 0.207859
vn -0.319924 0.924361 0.207859
vn -0.230610 0.950586 0.207859
vn -0.139207 0.968203 0.207859
vn -0.046543 0.977051 0.207859
vn 0.046543 0.977051 0.207859
vn 0.139207 0.968203 0.207859
vn 0.230610 0.950586 0.207859
vn 0.319924 0.924361 0.207859
vn 0.406342 0.889765 0.207859
vn 0.489079 0.847110 0.207859
vn 0.567388 0.796785 0.207859
vn 0.640558 0.739243 0.207859
vn 0.707927 0.675007 0.207859
vn 0.768885 0.604658 0.207859
vn 0.822880 0.528833 0.207859
vn 0.869422 0.448218 0.207859
vn 0.908091 0.363545 0.207859
vn 0.938537 0.275579 0.207859
vn 0.944829 -0.253166 0.207859
vn 0.973730 -0.092980 0.207859
vn 0.978159 -0.000000 0.207859
vn 0.973730 0.092980 0.207859
vn 0.944829 0.253166 0.207859
vn 0.938537 0.275579 0.207859
vn 0.869422 0.448218 0.207859
vn 0.938537 0.275579 0.207859
vn 0.869422 0.448218 0.207859
vn 0.847110 -0.489079 0.207859
vn 0.869422 -0.448218 0.207859
vn 0.938537 -0.275579 0.207859
vn 0.938537 -0.275579 0.207859
vn 0.973730 -0.092980 0.207859
vn 0.768885 -0.604658 0.207859
vn 0.691663 -0.691663 0.207859
vn 0.640558 -0.739243 0.207859
vn 0.489079 -0.847110 0.207859
vn 0.489079 -0.847110 0.207859
vn 0.319924 -0.924361 0.207859
vn 0.319924 -0.924361 0.207859
vn 0.139207 -0.968203 0.207859
vn 0.253166 -0.944829 0.207859
vn 0.139207 -0.968203 0.207859
vn -0.046543 -0.977051 0.207859
vn 0.000000 -0.978159 0.207859
vn -0.046543 -0.977051 0.207859
vn -0.230610 -0.950586 0.207859
vn -0.253166 -0.944829 0.207859
vn -0.230610 -0.950586 0.207859
vn -0.406342 -0.889765 0.207859
vn -0.406342 -0.889765 0.207859
vn -0.489079 -0.847110 0.207859
vn -0.567388 -0.796785 0.207859
vn -0.691663 -0.691663 0.207859
vn -0.707927 -0.675007 0.207859
vn -0.822880 -0.528833 0.207859
vn -0.822880 -0.528833 0.207859
vn -0.908091 -0.363545 0.207859
vn -0.847110 -0.489079 0.207859
vn -0.908091 -0.363545 0.207859
vn -0.960482 -0.185118 0.207859
vn -0.944829 -0.253166 0.207859
vn -0.960482 -0.185118 0.207859
vn -0.978159 -0.000000 0.207859
vn -0.978159 -0.000000 0.207859
vn -0.978159 -0.000000 0.207859
vn -0.960482 0.185118 0.207859
vn -0.960482 0.185118 0.207859
vn -0.944829 0.253166 0.207859
vn -0.908091 0.363545 0.207859
vn -0.847110 0.489079 0.207859
vn -0.822880 0.528833 0.207859
vn -0.691663 0.691663 0.207859
vn -0.707927 0.675007 0.207859
vn -0.567388 0.796785 0.207859
vn -0.567388 0.796785 0.207859
vn -0.406342 0.889765 0.207859
vn -0.489079 0.847110 0.207859
vn -0.406342 0.889765 0.207859
vn -0.230610 0.950586 0.207859
vn -0.253166 0.944829 0.207859
vn -0.230610 0.950586 0.207859
vn -0.046543 0.977051 0.207859
vn -0.046543 0.977051 0.207859
vn 0.000000 0.978159 0.207859
vn 0.139207 0.968203 0.207859
vn 0.253166 0.944829 0.207859
vn 0.319924 0.924361 0.207859
vn 0.489079 0.847110 0.207859
vn 0.489079 0.847110 0.207859
vn 0.640558 0.739243 0.207859
vn 0.640558 0.739243 0.207859
vn 0.768885 0.604658 0.207859
vn 0.691663 0.691663 0.207859
vn 0.768885 0.604658 0.207859
vn 0.847110 0.489079 0.207859
vn 0.973730 0.092980 0.207859
vn 0.489079 0.847110 0.207859
vn 0.319924 0.924361 0.207859
vn 0.139207 0.968203 0.207859
vn -0.707927 0.675007 0.207859
vn -0.822880 0.528833 0.207859
vn -0.908091 0.363545 0.207859
vn -0.707927 -0.675007 0.207859
vn -0.567388 -0.796785 0.207859
vn 0.489079 -0.847110 0.207859
vn 0.640558 -0.739243 0.207859
vn 0.768885 -0.604658 0.207859
vn 0.869422 -0.448218 0.207859
vn 0.000000 0.000000 -1.000000
vn 0.000000 0.000000 -1.000000
vn 0.000000 0.000000 -1.000000
vn 0.000000 0.000000 -1.000000
vn 0.000000 0.000000 -1.000000
vn 0.000000 0.000000 -1.000000
vn 0.000000 0.000000 -1.000000
vn 0.000000 0.000000 -1.000000
vn 0.000000 0.000000 -1.000000
vn 0.000000 0.000000 -1.000000
vn 0.000000 0.000000 -1.000000
vn 0.000000 0.000000 -1.000000
vn 0.000000 0.000000 -1.000000
vn 0.000000 0.000000 -1.000000
vn 0.000000 0.000000 -1.000000
vn 0.000000 0.000000 -1.000000
vn 0.000000 0.000000 -1.000000
vn 0.000000 0.000000 -1.000000
vn 0.000000 0.000000 -1.000000
vn 0.000000 0.000000 -1.000000
vn 0.000000 0.000000 -1.000000
vn 0.000000 0.000000 -1.000000
vn 0.000000 0.000000 -1.000000
vn 0.000000 0.000000 -1.000000
vn 0.000000 0.000000 -1.000000
vn 0.000000 0.000000 -1.000000
vn 0.000000 0.000000 -1.000000
vn 0.000000 0.000000 -1.000000
vn 0.000000 0.000000 -1.000000
vn 0.000000 0.000000 -1.000000
vn 0.000000 0.000000 -1.000000
vn 0.000000 0.000000 -1.000000
vn 0.000000 0.000000 -1.000000
vn 0.000000 0.000000 -1.000000
vn 0.000000 0.000000 1.000000
vn 0.000000 0.000000 1.000000
vn 0.000000 0.000000 1.000000
vn 0.000000 0.000000 1.000000
vn 0.000000 0.000000 1.000000
vn 0.000000 0.000000 1.000000
vn 0.000000 0.000000 1.000000
vn 0.000000 0.000000 1.000000
vn 0.000000 0.000000 1.000000
vn 0.000000 0.000000 1.000000
vn 0.000000 0.000000 1.000000
vn 0.000000 0.000000 1.000000
vn 0.000000 0.000000 1.000000
vn 0.000000 0.000000 1.000000
vn 0.000000 0.000000 1.000000
vn 0.000000 0.000000 1.000000
vn 0.000000 0.000000 1.000000
vn 0.000000 0.000000 1.000000
vn 0.000000 0.000000 1.000000
vn 0.000000 0.000000 1.000000
vn 0.000000 0.000000 1.000000
vn 0.000000 0.000000 1.000000
vn 0.000000 0.000000 1.000000
vn 0.000000 0.000000 1.000000
f 2706/4108/3993 2771/4109/3994 2705/4110/3995
f 2705/4110/3995 2771/4109/3994 2776/4111/3996
f 2705/4110/3995 2776/4111/3996 2737/4112/3997
f 2737/4112/3997 2776/4111/3996 2858/4113/3998
f 2737/4112/3997 2858/4113/3998 2736/4114/3999
f 2736/4114/3999 2858/4113/3998 2856/4115/4000
f 2736/4114/3999 2856/4115/4000 2735/4116/4001
f 2735/4116/4001 2856/4115/4000 2853/4117/4002
f 2735/4116/4001 2853/4117/4002 2734/4118/4003
f 2734/4118/4003 2853/4117/4002 2850/4119/4004
f 2734/4118/4003 2850/4119/4004 2733/4120/4005
f 2733/4120/4005 2850/4119/4004 2847/4121/4006
f 2733/4120/4005 2847/4121/4006 2732/4122/4007
f 2732/4122/4007 2847/4121/4006 2844/4123/4008
f 2732/4122/4007 2844/4123/4008 2731/4124/4009
f 2731/4124/4009 2844/4123/4008 2841/4125/4010
f 2731/4124/4009 2841/4125/4010 2730/4126/4011
f 2730/4126/4011 2841/4125/4010 2839/4127/4012
f 2730/4126/4011 2839/4127/4012 2729/4128/4013
f 2729/4128/4013 2839/4127/4012 2836/4129/4014
f 2729/4128/4013 2836/4129/4014 2728/4130/4015
f 2728/4130/4015 2836/4129/4014 2833/4131/4016
f 2728/4130/4015 2833/4131/4016 2727/4132/4017
f 2727/4132/4017 2833/4131/4016 2830/4133/4018
f 2727/4132/4017 2830/4133/4018 2726/4134/4019
f 2726/4134/4019 2830/4133/4018 2827/4135/4020
f 2726/4134/4019 2827/4135/4020 2725/4136/4021
f 2725/4136/4021 2827/4135/4020 2825/4137/4022
f 2725/4136/4021 2825/4137/4022 2724/4138/4023
f 2724/4138/4023 2825/4137/4022 2822/4139/4024
f 2724/4138/4023 2822/4139/4024 2723/4140/4025
f 2723/4140/4025 2822/4139/4024 2819/4141/4026
f 2723/4140/4025 2819/4141/4026 2722/4142/4027
f 2722/4142/4027 2819/4141/4026 2762/4143/4028
f 2722/4142/4027 2762/4143/4028 2721/4144/4029
f 2721/4145/4029 2762/4146/4028 2816/4147/4030
f 2721/4145/4029 2816/4147/4030 2720/4148/4031
f 2720/4148/4031 2816/4147/4030 2813/4149/4032
f 2720/4148/4031 2813/4149/4032 2719/4150/4033
f 2719/4150/4033 2813/4149/4032 2811/4151/4034
f 2719/4150/4033 2811/4151/4034 2718/4152/4035
f 2718/4152/4035 2811/4151/4034 2808/4153/4036
f 2718/4152/4035 2808/4153/4036 2717/4154/4037
f 2717/4154/4037 2808/4153/4036 2805/4155/4038
f 2717/4154/4037 2805/4155/4038 2716/4156/4039
f 2716/4156/4039 2805/4155/4038 2802/4157/4040
f 2716/4156/4039 2802/4157/4040 2715/4158/4041
f 2715/4158/4041 2802/4157/4040 2799/4159/4042
f 2715/4158/4041 2799/4159/4042 2714/4160/4043
f 2714/4160/4043 2799/4159/4042 2797/4161/4044
f 2714/4160/4043 2797/4161/4044 2713/4162/4045
f 2713/4162/4045 2797/4161/4044 2794/4163/4046
f 2713/4162/4045 2794/4163/4046 2712/4164/4047
f 2712/4164/4047 2794/4163/4046 2791/4165/4048
f 2712/4164/4047 2791/4165/4048 2711/4166/4049
f 2711/4166/4049 2791/4165/4048 2788/4167/4050
f 2711/4166/4049 2788/4167/4050 2710/4168/4051
f 2710/4168/4051 2788/4167/4050 2785/4169/4052
f 2710/4168/4051 2785/4169/4052 2709/4170/4053
f 2709/4170/4053 2785/4169/4052 2782/4171/4054
f 2709/4170/4053 2782/4171/4054 2708/4172/4055
f 2708/4172/4055 2782/4171/4054 2780/4173/4056
f 2708/4172/4055 2780/4173/4056 2707/4174/4057
f 2707/4174/4057 2780/4173/4056 2777/4175/4058
f 2707/4174/4057 2777/4175/4058 2706/4108/3993
f 2706/4108/3993 2777/4175/4058 2771/4109/3994
f 2739/4176/4059 2774/4177/4060 2738/4178/4061
f 2738/4178/4061 2774/4177/4060 2773/4179/4062
f 2738/4178/4061 2773/4179/4062 2761/4180/4063
f 2761/4180/4063 2773/4179/4062 2779/4181/4064
f 2761/4180/4063 2779/4181/4064 2768/4182/4065
f 2768/4182/4065 2779/4181/4064 2778/4183/4066
f 2768/4182/4065 2778/4183/4066 2781/4184/4067
f 2781/4184/4067 2778/4183/4066 2777/4175/4058
f 2781/4184/4067 2777/4175/4058 2780/4173/4056
f 2740/4185/4068 2767/4186/4069 2739/4176/4059
f 2739/4176/4059 2767/4186/4069 2860/4187/4070
f 2739/4176/4059 2860/4187/4070 2774/4177/4060
f 2774/4177/4060 2860/4187/4070 2859/4188/4071
f 2774/4177/4060 2859/4188/4071 2775/4189/4072
f 2775/4189/4072 2859/4188/4071 2858/4113/3998
f 2775/4189/4072 2858/4113/3998 2776/4111/3996
f 2767/4186/4069 2740/4185/4068 2855/4190/4073
f 2855/4190/4073 2740/4185/4068 2741/4191/4074
f 2855/4190/4073 2741/4191/4074 2852/4192/4075
f 2852/4192/4075 2741/4191/4074 2742/4193/4076
f 2852/4192/4075 2742/4193/4076 2849/4194/4077
f 2849/4194/4077 2742/4193/4076 2846/4195/4078
f 2849/4194/4077 2846/4195/4078 2845/4196/4079
f 2845/4196/4079 2846/4195/4078 2842/4197/4080
f 2845/4196/4079 2842/4197/4080 2841/4125/4010
f 2841/4125/4010 2842/4197/4080 2839/4127/4012
f 2742/4193/4076 2743/4198/4081 2846/4195/4078
f 2846/4195/4078 2743/4198/4081 2843/4199/4082
f 2846/4195/4078 2843/4199/4082 2842/4197/4080
f 2842/4197/4080 2843/4199/4082 2840/4200/4083
f 2842/4197/4080 2840/4200/4083 2839/4127/4012
f 2839/4127/4012 2840/4200/4083 2836/4129/4014
f 2743/4198/4081 2744/4201/4084 2843/4199/4082
f 2843/4199/4082 2744/4201/4084 2766/4202/4085
f 2843/4199/4082 2766/4202/4085 2840/4200/4083
f 2840/4200/4083 2766/4202/4085 2837/4203/4086
f 2840/4200/4083 2837/4203/4086 2836/4129/4014
f 2836/4129/4014 2837/4203/4086 2833/4131/4016
f 2744/4201/4084 2745/4204/4087 2766/4202/4085
f 2766/4202/4085 2745/4204/4087 2838/4205/4088
f 2766/4202/4085 2838/4205/4088 2837/4203/4086
f 2837/4203/4086 2838/4205/4088 2834/4206/4089
f 2837/4203/4086 2834/4206/4089 2833/4131/4016
f 2833/4131/4016 2834/4206/4089 2830/4133/4018
f 2838/4205/4088 2745/4204/4087 2835/4207/4090
f 2835/4207/4090 2745/4204/4087 2746/4208/4091
f 2835/4207/4090 2746/4208/4091 2832/4209/4092
f 2832/4209/4092 2746/4208/4091 2747/4210/4093
f 2832/4209/4092 2747/4210/4093 2829/4211/4094
f 2829/4211/4094 2747/4210/4093 2765/4212/4095
f 2829/4211/4094 2765/4212/4095 2826/4213/4096
f 2826/4213/4096 2765/4212/4095 2823/4214/4097
f 2826/4213/4096 2823/4214/4097 2822/4139/4024
f 2822/4139/4024 2823/4214/4097 2819/4141/4026
f 2747/4210/4093 2748/4215/4098 2765/4212/4095
f 2765/4212/4095 2748/4215/4098 2824/4216/4099
f 2765/4212/4095 2824/4216/4099 2823/4214/4097
f 2823/4214/4097 2824/4216/4099 2820/4217/4100
f 2823/4214/4097 2820/4217/4100 2819/4141/4026
f 2819/4141/4026 2820/4217/4100 2762/4143/4028
f 2748/4215/4098 2749/4218/4101 2824/4216/4099
f 2824/4216/4099 2749/4218/4101 2821/4219/4102
f 2824/4216/4099 2821/4219/4102 2820/4217/4100
f 2820/4217/4100 2821/4219/4102 2763/4220/4103
f 2820/4217/4100 2763/4220/4103 2762/4143/4028
f 2762/4146/4028 2763/4221/4103 2816/4147/4030
f 2749/4218/4101 2750/4222/4104 2821/4219/4102
f 2821/4219/4102 2750/4222/4104 2764/4223/4105
f 2821/4219/4102 2764/4223/4105 2763/4220/4103
f 2763/4221/4103 2764/4224/4105 2817/4225/4106
f 2763/4221/4103 2817/4225/4106 2816/4147/4030
f 2816/4147/4030 2817/4225/4106 2813/4149/4032
f 2764/4224/4105 2750/4226/4104 2818/4227/4107
f 2818/4227/4107 2750/4226/4104 2751/4228/4108
f 2818/4227/4107 2751/4228/4108 2815/4229/4109
f 2815/4229/4109 2751/4228/4108 2752/4230/4110
f 2815/4229/4109 2752/4230/4110 2770/4231/4111
f 2770/4231/4111 2752/4230/4110 2753/4232/4112
f 2770/4231/4111 2753/4232/4112 2810/4233/4113
f 2810/4233/4113 2753/4232/4112 2807/4234/4114
f 2810/4233/4113 2807/4234/4114 2806/4235/4115
f 2806/4235/4115 2807/4234/4114 2803/4236/4116
f 2806/4235/4115 2803/4236/4116 2802/4157/4040
f 2802/4157/4040 2803/4236/4116 2799/4159/4042
f 2753/4232/4112 2754/4237/4117 2807/4234/4114
f 2807/4234/4114 2754/4237/4117 2804/4238/4118
f 2807/4234/4114 2804/4238/4118 2803/4236/4116
f 2803/4236/4116 2804/4238/4118 2800/4239/4119
f 2803/4236/4116 2800/4239/4119 2799/4159/4042
f 2799/4159/4042 2800/4239/4119 2797/4161/4044
f 2754/4237/4117 2755/4240/4120 2804/4238/4118
f 2804/4238/4118 2755/4240/4120 2801/4241/4121
f 2804/4238/4118 2801/4241/4121 2800/4239/4119
f 2800/4239/4119 2801/4241/4121 2798/4242/4122
f 2800/4239/4119 2798/4242/4122 2797/4161/4044
f 2797/4161/4044 2798/4242/4122 2794/4163/4046
f 2801/4241/4121 2755/4240/4120 2769/4243/4123
f 2769/4243/4123 2755/4240/4120 2756/4244/4124
f 2769/4243/4123 2756/4244/4124 2796/4245/4125
f 2796/4245/4125 2756/4244/4124 2757/4246/4126
f 2796/4245/4125 2757/4246/4126 2793/4247/4127
f 2793/4247/4127 2757/4246/4126 2758/4248/4128
f 2793/4247/4127 2758/4248/4128 2790/4249/4129
f 2790/4249/4129 2758/4248/4128 2787/4250/4130
f 2790/4249/4129 2787/4250/4130 2786/4251/4131
f 2786/4251/4131 2787/4250/4130 2783/4252/4132
f 2786/4251/4131 2783/4252/4132 2782/4171/4054
f 2782/4171/4054 2783/4252/4132 2780/4173/4056
f 2758/4248/4128 2759/4253/4133 2787/4250/4130
f 2787/4250/4130 2759/4253/4133 2784/4254/4134
f 2787/4250/4130 2784/4254/4134 2783/4252/4132
f 2783/4252/4132 2784/4254/4134 2781/4184/4067
f 2783/4252/4132 2781/4184/4067 2780/4173/4056
f 2759/4253/4133 2760/4255/4135 2784/4254/4134
f 2784/4254/4134 2760/4255/4135 2768/4182/4065
f 2784/4254/4134 2768/4182/4065 2781/4184/4067
f 2760/4255/4135 2761/4180/4063 2768/4182/4065
f 2817/4225/4106 2764/4224/4105 2818/4227/4107
f 2775/4189/4072 2776/4111/3996 2772/4256/4136
f 2772/4256/4136 2776/4111/3996 2771/4109/3994
f 2772/4256/4136 2771/4109/3994 2778/4183/4066
f 2778/4183/4066 2771/4109/3994 2777/4175/4058
f 2774/4177/4060 2775/4189/4072 2773/4179/4062
f 2773/4179/4062 2775/4189/4072 2772/4256/4136
f 2773/4179/4062 2772/4256/4136 2779/4181/4064
f 2779/4181/4064 2772/4256/4136 2778/4183/4066
f 2782/4171/4054 2785/4169/4052 2786/4251/4131
f 2786/4251/4131 2785/4169/4052 2789/4257/4137
f 2786/4251/4131 2789/4257/4137 2790/4249/4129
f 2790/4249/4129 2789/4257/4137 2793/4247/4127
f 2785/4169/4052 2788/4167/4050 2789/4257/4137
f 2789/4257/4137 2788/4167/4050 2792/4258/4138
f 2789/4257/4137 2792/4258/4138 2793/4247/4127
f 2793/4247/4127 2792/4258/4138 2796/4245/4125
f 2788/4167/4050 2791/4165/4048 2792/4258/4138
f 2792/4258/4138 2791/4165/4048 2795/4259/4139
f 2792/4258/4138 2795/4259/4139 2796/4245/4125
f 2796/4245/4125 2795/4259/4139 2769/4243/4123
f 2791/4165/4048 2794/4163/4046 2795/4259/4139
f 2795/4259/4139 2794/4163/4046 2798/4242/4122
f 2795/4259/4139 2798/4242/4122 2769/4243/4123
f 2769/4243/4123 2798/4242/4122 2801/4241/4121
f 2802/4157/4040 2805/4155/4038 2806/4235/4115
f 2806/4235/4115 2805/4155/4038 2809/4260/4140
f 2806/4235/4115 2809/4260/4140 2810/4233/4113
f 2810/4233/4113 2809/4260/4140 2770/4231/4111
f 2805/4155/4038 2808/4153/4036 2809/4260/4140
f 2809/4260/4140 2808/4153/4036 2812/4261/4141
f 2809/4260/4140 2812/4261/4141 2770/4231/4111
f 2770/4231/4111 2812/4261/4141 2815/4229/4109
f 2808/4153/4036 2811/4151/4034 2812/4261/4141
f 2812/4261/4141 2811/4151/4034 2814/4262/4142
f 2812/4261/4141 2814/4262/4142 2815/4229/4109
f 2815/4229/4109 2814/4262/4142 2818/4227/4107
f 2811/4151/4034 2813/4149/4032 2814/4262/4142
f 2814/4262/4142 2813/4149/4032 2817/4225/4106
f 2814/4262/4142 2817/4225/4106 2818/4227/4107
f 2822/4139/4024 2825/4137/4022 2826/4213/4096
f 2826/4213/4096 2825/4137/4022 2828/4263/4143
f 2826/4213/4096 2828/4263/4143 2829/4211/4094
f 2829/4211/4094 2828/4263/4143 2832/4209/4092
f 2825/4137/4022 2827/4135/4020 2828/4263/4143
f 2828/4263/4143 2827/4135/4020 2831/4264/4144
f 2828/4263/4143 2831/4264/4144 2832/4209/4092
f 2832/4209/4092 2831/4264/4144 2835/4207/4090
f 2827/4135/4020 2830/4133/4018 2831/4264/4144
f 2831/4264/4144 2830/4133/4018 2834/4206/4089
f 2831/4264/4144 2834/4206/4089 2835/4207/4090
f 2835/4207/4090 2834/4206/4089 2838/4205/4088
f 2841/4125/4010 2844/4123/4008 2845/4196/4079
f 2845/4196/4079 2844/4123/4008 2848/4265/4145
f 2845/4196/4079 2848/4265/4145 2849/4194/4077
f 2849/4194/4077 2848/4265/4145 2852/4192/4075
f 2844/4123/4008 2847/4121/4006 2848/4265/4145
f 2848/4265/4145 2847/4121/4006 2851/4266/4146
f 2848/4265/4145 2851/4266/4146 2852/4192/4075
f 2852/4192/4075 2851/4266/4146 2855/4190/4073
f 2847/4121/4006 2850/4119/4004 2851/4266/4146
f 2851/4266/4146 2850/4119/4004 2854/4267/4147
f 2851/4266/4146 2854/4267/4147 2855/4190/4073
f 2855/4190/4073 2854/4267/4147 2767/4186/4069
f 2850/4119/4004 2853/4117/4002 2854/4267/4147
f 2854/4267/4147 2853/4117/4002 2857/4268/4148
f 2854/4267/4147 2857/4268/4148 2767/4186/4069
f 2767/4186/4069 2857/4268/4148 2860/4187/4070
f 2853/4117/4002 2856/4115/4000 2857/4268/4148
f 2857/4268/4148 2856/4115/4000 2859/4188/4071
f 2857/4268/4148 2859/4188/4071 2860/4187/4070
f 2858/4113/3998 2859/4188/4071 2856/4115/4000
f 2706/4269/4149 2705/4270/4150 2861/4271/4151
f 2861/4271/4151 2705/4270/4150 2737/4272/4152
f 2861/4271/4151 2737/4272/4152 2736/4273/4153
f 2736/4273/4153 2735/4274/4154 2861/4271/4151
f 2861/4271/4151 2735/4274/4154 2734/4275/4155
f 2861/4271/4151 2734/4275/4155 2733/4276/4156
f 2733/4276/4156 2732/4277/4157 2861/4271/4151
f 2861/4271/4151 2732/4277/4157 2731/4278/4158
f 2861/4271/4151 2731/4278/4158 2730/4279/4159
f 2730/4279/4159 2729/4280/4160 2861/4271/4151
f 2861/4271/4151 2729/4280/4160 2728/4281/4161
f 2861/4271/4151 2728/4281/4161 2727/4282/4162
f 2727/4282/4162 2726/4283/4163 2861/4271/4151
f 2861/4271/4151 2726/4283/4163 2725/4284/4164
f 2861/4271/4151 2725/4284/4164 2724/4285/4165
f 2724/4285/4165 2723/4286/4166 2861/4271/4151
f 2861/4271/4151 2723/4286/4166 2722/4287/4167
f 2861/4271/4151 2722/4287/4167 2721/4288/4168
f 2721/4288/4168 2720/4289/4169 2861/4271/4151
f 2861/4271/4151 2720/4289/4169 2719/4290/4170
f 2861/4271/4151 2719/4290/4170 2718/4291/4171
f 2718/4291/4171 2717/4292/4172 2861/4271/4151
f 2861/4271/4151 2717/4292/4172 2716/4293/4173
f 2861/4271/4151 2716/4293/4173 2715/4294/4174
f 2715/4294/4174 2714/4295/4175 2861/4271/4151
f 2861/4271/4151 2714/4295/4175 2713/4296/4176
f 2861/4271/4151 2713/4296/4176 2712/4297/4177
f 2712/4297/4177 2711/4298/4178 2861/4271/4151
f 2861/4271/4151 2711/4298/4178 2710/4299/4179
f 2861/4271/4151 2710/4299/4179 2709/4300/4180
f 2709/4300/4180 2708/4301/4181 2861/4271/4151
f 2861/4271/4151 2708/4301/4181 2707/4302/4182
f 2861/4271/4151 2707/4302/4182 2706/4269/4149
f 2761/4303/4183 2751/4304/4184 2738/4305/4185
f 2738/4305/4185 2751/4304/4184 2750/4306/4186
f 2738/4305/4185 2750/4306/4186 2739/4307/4187
f 2739/4307/4187 2750/4306/4186 2749/4308/4188
f 2739/4307/4187 2749/4308/4188 2740/4309/4189
f 2740/4309/4189 2749/4308/4188 2748/4310/4190
f 2740/4309/4189 2748/4310/4190 2741/4311/4191
f 2741/4311/4191 2748/4310/4190 2747/4312/4192
f 2741/4311/4191 2747/4312/4192 2742/4313/4193
f 2742/4313/4193 2747/4312/4192 2746/4314/4194
f 2742/4313/4193 2746/4314/4194 2743/4315/4195
f 2743/4315/4195 2746/4314/4194 2745/4316/4196
f 2743/4315/4195 2745/4316/4196 2744/4317/4197
f 2751/4304/4184 2761/4303/4183 2752/4318/4198
f 2752/4318/4198 2761/4303/4183 2760/4319/4199
f 2752/4318/4198 2760/4319/4199 2753/4320/4200
f 2753/4320/4200 2760/4319/4199 2759/4321/4201
f 2753/4320/4200 2759/4321/4201 2754/4322/4202
f 2754/4322/4202 2759/4321/4201 2758/4323/4203
f 2754/4322/4202 2758/4323/4203 2755/4324/4204
f 2755/4324/4204 2758/4323/4203 2757/4325/4205
f 2755/4324/4204 2757/4325/4205 2756/4326/4206
g Cone2_Base

v 15.000000 40.000000 3.000000
v 15.000000 50.000000 3.000000
v 15.000000 60.000000 3.000000
v 15.000000 70.000000 3.000000
v 5.000000 70.000000 3.000000
v -5.000000 70.000000 3.000000
v -15.000000 70.000000 3.000000
v -15.000000 60.000000 3.000000
v -15.000000 50.000000 3.000000
v -15.000000 40.000000 3.000000
v -5.000000 40.000000 3.000000
v 5.000000 40.000000 3.000000
v 5.000000 50.000000 3.000000
v -5.000000 50.000000 3.000000
v 5.000000 60.000000 3.000000
v -5.000000 60.000000 3.000000
v 15.000000 70.000000 0.000000
v 15.000000 60.000000 0.000000
v 15.000000 50.000000 0.000000
v 15.000000 40.000000 0.000000
v 5.000000 40.000000 0.000000
v -5.000000 40.000000 0.000000
v -15.000000 40.000000 0.000000
v -15.000000 50.000000 0.000000
v -15.000000 60.000000 0.000000
v -15.000000 70.000000 0.000000
v -5.000000 70.000000 0.000000
v 5.000000 70.000000 0.000000
v 5.000000 60.000000 0.000000
v -5.000000 60.000000 0.000000
v 5.000000 50.000000 0.000000
v -5.000000 50.000000 0.000000
vt 5.000000 -15.000000 0.000000
vt 15.000000 -15.000000 0.000000
vt 5.000000 -5.000000 0.000000
vt 15.000000 -5.000000 0.000000
vt 5.000000 5.000000 0.000000
vt 15.000000 5.000000 0.000000
vt 5.000000 15.000000 0.000000
vt 15.000000 15.000000 0.000000
vt -5.000000 15.000000 0.000000
vt -5.000000 5.000000 0.000000
vt -5.000000 -5.000000 0.000000
vt -5.000000 -15.000000 0.000000
vt -15.000000 -5.000000 0.000000
vt -15.000000 -15.000000 0.000000
vt -15.000000 15.000000 0.000000
vt -15.000000 5.000000 0.000000
vt -5.000000 15.000000 0.000000
vt -15.000000 15.000000 0.000000
vt -5.000000 5.000000 0.000000
vt -15.000000 5.000000 0.000000
vt -5.000000 -5.000000 0.000000
vt -15.000000 -5.000000 0.000000
vt -5.000000 -15.000000 0.000000
vt -15.000000 -15.000000 0.000000
vt 5.000000 -15.000000 0.000000
vt 5.000000 -5.000000 0.000000
vt 5.000000 5.000000 0.000000
vt 5.000000 15.000000 0.000000
vt 15.000000 5.000000 0.000000
vt 15.000000 15.000000 0.000000
vt 15.000000 -15.000000 0.000000
vt 15.000000 -5.000000 0.000000
vt -1.500000 -15.000000 0.000000
vt 1.500000 -15.000000 0.000000
vt -1.500000 -5.000000 0.000000
vt 1.500000 -5.000000 0.000000
vt -1.500000 5.000000 0.000000
vt 1.500000 5.000000 0.000000
vt -1.500000 15.000000 0.000000
vt 1.500000 15.000000 0.000000
vt 1.500000 15.000000 0.000000
vt -1.500000 15.000000 0.000000
vt 1.500000 5.000000 0.000000
vt -1.500000 5.000000 0.000000
vt 1.500000 -5.000000 0.000000
vt -1.500000 -5.000000 0.000000
vt 1.500000 -15.000000 0.000000
vt -1.500000 -15.000000 0.000000
vt 1.500000 15.000000 0.000000
vt -1.500000 15.000000 0.000000
vt 1.500000 5.000000 0.000000
vt -1.500000 5.000000 0.000000
vt 1.500000 -5.000000 0.000000
vt -1.500000 -5.000000 0.000000
vt 1.500000 -15.000000 0.000000
vt -1.500000 -15.000000 0.000000
vt -1.500000 -15.000000 0.000000
vt 1.500000 -15.000000 0.000000
vt -1.500000 -5.000000 0.000000
vt 1.500000 -5.000000 0.000000
vt -1.500000 5.000000 0.000000
vt 1.500000 5.000000 0.000000
vt -1.500000 15.000000 0.000000
vt 1.500000 15.000000 0.000000
vn 0.000000 0.000000 1.000000
vn 0.000000 0.000000 1.000000
vn 0.000000 0.000000 1.000000
vn 0.000000 0.000000 1.000000
vn 0.000000 0.000000 1.000000
vn 0.000000 0.000000 1.000000
vn 0.000000 0.000000 1.000000
vn 0.000000 0.000000 1.000000
vn 0.000000 0.000000 1.000000
vn 0.000000 0.000000 1.000000
vn 0.000000 0.000000 1.000000
vn 0.000000 0.000000 1.000000
vn 0.000000 0.000000 1.000000
vn 0.000000 0.000000 1.000000
vn 0.000000 0.000000 1.000000
vn 0.000000 0.000000 1.000000
vn -0.000000 -0.000000 -1.000000
vn -0.000000 -0.000000 -1.000000
vn -0.000000 -0.000000 -1.000000
vn -0.000000 -0.000000 -1.000000
vn -0.000000 -0.000000 -1.000000
vn -0.000000 -0.000000 -1.000000
vn -0.000000 -0.000000 -1.000000
vn -0.000000 -0.000000 -1.000000
vn -0.000000 -0.000000 -1.000000
vn -0.000000 -0.000000 -1.000000
vn -0.000000 -0.000000 -1.000000
vn -0.000000 -0.000000 -1.000000
vn -0.000000 -0.000000 -1.000000
vn -0.000000 -0.000000 -1.000000
vn -0.000000 -0.000000 -1.000000
vn -0.000000 -0.000000 -1.000000
vn -0.000000 -1.000000 -0.000000
vn -0.000000 -1.000000 -0.000000
vn -0.000000 -1.000000 -0.000000
vn -0.000000 -1.000000 -0.000000
vn -0.000000 -1.000000 -0.000000
vn -0.000000 -1.000000 -0.000000
vn -0.000000 -1.000000 -0.000000
vn -0.000000 -1.000000 -0.000000
vn -1.000000 -0.000000 -0.000000
vn -1.000000 -0.000000 -0.000000
vn -1.000000 -0.000000 -0.000000
vn -1.000000 -0.000000 -0.000000
vn -1.000000 -0.000000 -0.000000
vn -1.000000 -0.000000 -0.000000
vn -1.000000 -0.000000 -0.000000
vn -1.000000 -0.000000 -0.000000
vn -0.000000 1.000000 -0.000000
vn -0.000000 1.000000 -0.000000
vn -0.000000 1.000000 -0.000000
vn -0.000000 1.000000 -0.000000
vn -0.000000 1.000000 -0.000000
vn -0.000000 1.000000 -0.000000
vn -0.000000 1.000000 -0.000000
vn -0.000000 1.000000 -0.000000
vn 1.000000 -0.000000 -0.000000
vn 1.000000 -0.000000 -0.000000
vn 1.000000 -0.000000 -0.000000
vn 1.000000 -0.000000 -0.000000
vn 1.000000 -0.000000 -0.000000
vn 1.000000 -0.000000 -0.000000
vn 1.000000 -0.000000 -0.000000
vn 1.000000 -0.000000 -0.000000
usemtl é»_ããã
f 2873/4327/4207 2862/4328/4208 2874/4329/4209
f 2874/4329/4209 2862/4328/4208 2863/4330/4210
f 2874/4329/4209 2863/4330/4210 2876/4331/4211
f 2876/4331/4211 2863/4330/4210 2864/4332/4212
f 2876/4331/4211 2864/4332/4212 2866/4333/4213
f 2866/4333/4213 2864/4332/4212 2865/4334/4214
f 2866/4333/4213 2867/4335/4215 2876/4331/4211
f 2876/4331/4211 2867/4335/4215 2877/4336/4216
f 2876/4331/4211 2877/4336/4216 2874/4329/4209
f 2874/4329/4209 2877/4336/4216 2875/4337/4217
f 2874/4329/4209 2875/4337/4217 2873/4327/4207
f 2873/4327/4207 2875/4337/4217 2872/4338/4218
f 2872/4338/4218 2875/4337/4217 2870/4339/4219
f 2872/4338/4218 2870/4339/4219 2871/4340/4220
f 2867/4335/4215 2868/4341/4221 2877/4336/4216
f 2877/4336/4216 2868/4341/4221 2869/4342/4222
f 2877/4336/4216 2869/4342/4222 2875/4337/4217
f 2875/4337/4217 2869/4342/4222 2870/4339/4219
f 2889/4343/4223 2878/4344/4224 2890/4345/4225
f 2890/4345/4225 2878/4344/4224 2879/4346/4226
f 2890/4345/4225 2879/4346/4226 2892/4347/4227
f 2892/4347/4227 2879/4346/4226 2880/4348/4228
f 2892/4347/4227 2880/4348/4228 2882/4349/4229
f 2882/4349/4229 2880/4348/4228 2881/4350/4230
f 2882/4349/4229 2883/4351/4231 2892/4347/4227
f 2892/4347/4227 2883/4351/4231 2893/4352/4232
f 2892/4347/4227 2893/4352/4232 2890/4345/4225
f 2890/4345/4225 2893/4352/4232 2891/4353/4233
f 2890/4345/4225 2891/4353/4233 2889/4343/4223
f 2889/4343/4223 2891/4353/4233 2888/4354/4234
f 2888/4354/4234 2891/4353/4233 2886/4355/4235
f 2888/4354/4234 2886/4355/4235 2887/4356/4236
f 2883/4351/4231 2884/4357/4237 2893/4352/4232
f 2893/4352/4232 2884/4357/4237 2885/4358/4238
f 2893/4352/4232 2885/4358/4238 2891/4353/4233
f 2891/4353/4233 2885/4358/4238 2886/4355/4235
f 2871/4359/4239 2884/4360/4240 2872/4361/4241
f 2872/4361/4241 2884/4360/4240 2883/4362/4242
f 2872/4361/4241 2883/4362/4242 2873/4363/4243
f 2873/4363/4243 2883/4362/4242 2882/4364/4244
f 2873/4363/4243 2882/4364/4244 2862/4365/4245
f 2862/4365/4245 2882/4364/4244 2881/4366/4246
f 2868/4367/4247 2887/4368/4248 2869/4369/4249
f 2869/4369/4249 2887/4368/4248 2886/4370/4250
f 2869/4369/4249 2886/4370/4250 2870/4371/4251
f 2870/4371/4251 2886/4370/4250 2885/4372/4252
f 2870/4371/4251 2885/4372/4252 2871/4373/4253
f 2871/4373/4253 2885/4372/4252 2884/4374/4254
f 2865/4375/4255 2878/4376/4256 2866/4377/4257
f 2866/4377/4257 2878/4376/4256 2889/4378/4258
f 2866/4377/4257 2889/4378/4258 2867/4379/4259
f 2867/4379/4259 2889/4378/4258 2888/4380/4260
f 2867/4379/4259 2888/4380/4260 2868/4381/4261
f 2868/4381/4261 2888/4380/4260 2887/4382/4262
f 2862/4383/4263 2881/4384/4264 2863/4385/4265
f 2863/4385/4265 2881/4384/4264 2880/4386/4266
f 2863/4385/4265 2880/4386/4266 2864/4387/4267
f 2864/4387/4267 2880/4386/4266 2879/4388/4268
f 2864/4387/4267 2879/4388/4268 2865/4389/4269
f 2865/4389/4269 2879/4388/4268 2878/4390/4270
g Cone2_Flange

v 14.000000 55.000000 3.000000
v 13.843632 57.086592 3.000000
v 13.378019 59.126572 3.000000
v 12.613564 61.074372 3.000000
v 11.567343 62.886481 3.000000
v 10.262726 64.522418 3.000000
v 8.728857 65.945641 3.000000
v 7.000000 67.124356 3.000000
v 5.114774 68.032232 3.000000
v 3.115293 68.648991 3.000000
v 1.046221 68.960853 3.000000
v -1.046221 68.960853 3.000000
v -3.115293 68.648991 3.000000
v -5.114774 68.032232 3.000000
v -7.000000 67.124356 3.000000
v -8.728857 65.945641 3.000000
v -10.262726 64.522418 3.000000
v -11.567343 62.886481 3.000000
v -12.613564 61.074372 3.000000
v -13.378019 59.126572 3.000000
v -13.843632 57.086592 3.000000
v -14.000000 55.000000 3.000000
v -13.843632 52.913408 3.000000
v -13.378019 50.873428 3.000000
v -12.613564 48.925628 3.000000
v -11.567343 47.113519 3.000000
v -10.262726 45.477582 3.000000
v -8.728857 44.054359 3.000000
v -7.000000 42.875644 3.000000
v -5.114774 41.967768 3.000000
v -3.115293 41.351009 3.000000
v -1.046221 41.039147 3.000000
v 1.046221 41.039147 3.000000
v 3.115293 41.351009 3.000000
v 5.114774 41.967768 3.000000
v 7.000000 42.875644 3.000000
v 8.728857 44.054359 3.000000
v 10.262726 45.477582 3.000000
v 11.567343 47.113519 3.000000
v 12.613564 48.925628 3.000000
v 13.378019 50.873428 3.000000
v 13.843632 52.913408 3.000000
v 14.000000 55.000000 5.000000
v 13.843632 52.913408 5.000000
v 13.378019 50.873428 5.000000
v 12.613564 48.925628 5.000000
v 11.567343 47.113519 5.000000
v 10.262726 45.477582 5.000000
v 8.728857 44.054359 5.000000
v 7.000000 42.875644 5.000000
v 5.114774 41.967768 5.000000
v 3.115293 41.351009 5.000000
v 1.046221 41.039147 5.000000
v -1.046221 41.039147 5.000000
v -3.115293 41.351009 5.000000
v -5.114774 41.967768 5.000000
v -7.000000 42.875644 5.000000
v -8.728857 44.054359 5.000000
v -10.262726 45.477582 5.000000
v -11.567343 47.113519 5.000000
v -12.613564 48.925628 5.000000
v -13.378019 50.873428 5.000000
v -13.843632 52.913408 5.000000
v -14.000000 55.000000 5.000000
v -13.843632 57.086592 5.000000
v -13.378019 59.126572 5.000000
v -12.613564 61.074372 5.000000
v -11.567343 62.886481 5.000000
v -10.262726 64.522418 5.000000
v -8.728857 65.945641 5.000000
v -7.000000 67.124356 5.000000
v -5.114774 68.032232 5.000000
v -3.115293 68.648991 5.000000
v -1.046221 68.960853 5.000000
v 1.046221 68.960853 5.000000
v 3.115293 68.648991 5.000000
v 5.114774 68.032232 5.000000
v 7.000000 67.124356 5.000000
v 8.728857 65.945641 5.000000
v 10.262726 64.522418 5.000000
v 11.567343 62.886481 5.000000
v 12.613564 61.074372 5.000000
v 13.378019 59.126572 5.000000
v 13.843632 57.086592 5.000000
v -4.666667 59.653618 3.000000
v 4.666667 59.653618 3.000000
v 4.666667 50.346382 3.000000
v -4.666667 50.346382 3.000000
v -4.666667 50.346382 5.000000
v 4.666667 50.346382 5.000000
v 4.666667 59.653618 5.000000
v -4.666667 59.653618 5.000000
vt 1.000000 2.094395 0.000000
vt -1.000000 2.094395 0.000000
vt 1.000000 0.000000 0.000000
vt -1.000000 0.000000 0.000000
vt 1.000000 -2.094395 0.000000
vt -1.000000 -2.094395 0.000000
vt 1.000000 -4.188790 0.000000
vt -1.000000 -4.188790 0.000000
vt 1.000000 -6.283185 0.000000
vt -1.000000 -6.283185 0.000000
vt 1.000000 -8.377580 0.000000
vt -1.000000 -8.377580 0.000000
vt 1.000000 -10.471976 0.000000
vt -1.000000 -10.471976 0.000000
vt 1.000000 -12.566371 0.000000
vt -1.000000 -12.566371 0.000000
vt 1.000000 -14.660766 0.000000
vt -1.000000 -14.660766 0.000000
vt 1.000000 -16.755161 0.000000
vt -1.000000 -16.755161 0.000000
vt 1.000000 -18.849556 0.000000
vt -1.000000 -18.849556 0.000000
vt 1.000000 -20.943951 0.000000
vt -1.000000 -20.943951 0.000000
vt 1.000000 -23.038346 0.000000
vt -1.000000 -23.038346 0.000000
vt 1.000000 -25.132741 0.000000
vt -1.000000 -25.132741 0.000000
vt 1.000000 -27.227136 0.000000
vt -1.000000 -27.227136 0.000000
vt 1.000000 -29.321531 0.000000
vt -1.000000 -29.321531 0.000000
vt 1.000000 -31.415927 0.000000
vt -1.000000 -31.415927 0.000000
vt 1.000000 -33.510322 0.000000
vt -1.000000 -33.510322 0.000000
vt 1.000000 -35.604717 0.000000
vt -1.000000 -35.604717 0.000000
vt 1.000000 -37.699112 0.000000
vt -1.000000 -37.699112 0.000000
vt 1.000000 -39.793507 0.000000
vt -1.000000 -39.793507 0.000000
vt 1.000000 -41.887902 0.000000
vt -1.000000 -41.887902 0.000000
vt 1.000000 -43.982297 0.000000
vt -1.000000 -43.982297 0.000000
vt 1.000000 43.982297 0.000000
vt -1.000000 43.982297 0.000000
vt 1.000000 41.887902 0.000000
vt -1.000000 41.887902 0.000000
vt 1.000000 39.793507 0.000000
vt -1.000000 39.793507 0.000000
vt 1.000000 37.699112 0.000000
vt -1.000000 37.699112 0.000000
vt 1.000000 35.604717 0.000000
vt -1.000000 35.604717 0.000000
vt 1.000000 33.510322 0.000000
vt -1.000000 33.510322 0.000000
vt 1.000000 31.415927 0.000000
vt -1.000000 31.415927 0.000000
vt 1.000000 29.321531 0.000000
vt -1.000000 29.321531 0.000000
vt 1.000000 27.227136 0.000000
vt -1.000000 27.227136 0.000000
vt 1.000000 25.132741 0.000000
vt -1.000000 25.132741 0.000000
vt 1.000000 23.038346 0.000000
vt -1.000000 23.038346 0.000000
vt 1.000000 20.943951 0.000000
vt -1.000000 20.943951 0.000000
vt 1.000000 18.849556 0.000000
vt -1.000000 18.849556 0.000000
vt 1.000000 16.755161 0.000000
vt -1.000000 16.755161 0.000000
vt 1.000000 14.660766 0.000000
vt -1.000000 14.660766 0.000000
vt 1.000000 12.566371 0.000000
vt -1.000000 12.566371 0.000000
vt 1.000000 10.471976 0.000000
vt -1.000000 10.471976 0.000000
vt 1.000000 8.377580 0.000000
vt -1.000000 8.377580 0.000000
vt 1.000000 6.283185 0.000000
vt -1.000000 6.283185 0.000000
vt 1.000000 4.188790 0.000000
vt -1.000000 4.188790 0.000000
vt -13.843632 -2.086592 0.000000
vt -4.666667 -4.653618 0.000000
vt -14.000000 0.000000 0.000000
vt -4.666667 4.653618 0.000000
vt -13.843632 2.086592 0.000000
vt -13.378019 4.126572 0.000000
vt -12.613564 6.074372 0.000000
vt -11.567343 7.886481 0.000000
vt -10.262726 9.522418 0.000000
vt -8.728857 10.945641 0.000000
vt -7.000000 12.124356 0.000000
vt -5.114774 13.032232 0.000000
vt -3.115293 13.648991 0.000000
vt -1.046221 13.960853 0.000000
vt 4.666667 4.653618 0.000000
vt 1.046221 13.960853 0.000000
vt 3.115293 13.648991 0.000000
vt 5.114774 13.032232 0.000000
vt 7.000000 12.124356 0.000000
vt 8.728857 10.945641 0.000000
vt 10.262726 9.522418 0.000000
vt 11.567343 7.886481 0.000000
vt 12.613564 6.074372 0.000000
vt 13.378019 4.126572 0.000000
vt 13.843632 2.086592 0.000000
vt 14.000000 0.000000 0.000000
vt 4.666667 -4.653618 0.000000
vt 13.843632 -2.086592 0.000000
vt 13.378019 -4.126572 0.000000
vt 12.613564 -6.074372 0.000000
vt 11.567343 -7.886481 0.000000
vt 10.262726 -9.522418 0.000000
vt 8.728857 -10.945641 0.000000
vt 7.000000 -12.124356 0.000000
vt 5.114774 -13.032232 0.000000
vt 3.115293 -13.648991 0.000000
vt 1.046221 -13.960853 0.000000
vt -1.046221 -13.960853 0.000000
vt -3.115293 -13.648991 0.000000
vt -5.114774 -13.032232 0.000000
vt -7.000000 -12.124356 0.000000
vt -8.728857 -10.945641 0.000000
vt -10.262726 -9.522418 0.000000
vt -11.567343 -7.886481 0.000000
vt -12.613564 -6.074372 0.000000
vt -13.378019 -4.126572 0.000000
vt 13.843632 2.086592 0.000000
vt 4.666667 4.653618 0.000000
vt 14.000000 0.000000 0.000000
vt 4.666667 -4.653618 0.000000
vt 13.843632 -2.086592 0.000000
vt 13.378019 -4.126572 0.000000
vt 12.613564 -6.074372 0.000000
vt 11.567343 -7.886481 0.000000
vt 10.262726 -9.522418 0.000000
vt 8.728857 -10.945641 0.000000
vt 7.000000 -12.124356 0.000000
vt 5.114774 -13.032232 0.000000
vt 3.115293 -13.648991 0.000000
vt 1.046221 -13.960853 0.000000
vt -4.666667 -4.653618 0.000000
vt -1.046221 -13.960853 0.000000
vt -3.115293 -13.648991 0.000000
vt -5.114774 -13.032232 0.000000
vt -7.000000 -12.124356 0.000000
vt -8.728857 -10.945641 0.000000
vt -10.262726 -9.522418 0.000000
vt -11.567343 -7.886481 0.000000
vt -12.613564 -6.074372 0.000000
vt -13.378019 -4.126572 0.000000
vt -13.843632 -2.086592 0.000000
vt -14.000000 0.000000 0.000000
vt -4.666667 4.653618 0.000000
vt -13.843632 2.086592 0.000000
vt -13.378019 4.126572 0.000000
vt -12.613564 6.074372 0.000000
vt -11.567343 7.886481 0.000000
vt -10.262726 9.522418 0.000000
vt -8.728857 10.945641 0.000000
vt -7.000000 12.124356 0.000000
vt -5.114774 13.032232 0.000000
vt -3.115293 13.648991 0.000000
vt -1.046221 13.960853 0.000000
vt 1.046221 13.960853 0.000000
vt 3.115293 13.648991 0.000000
vt 5.114774 13.032232 0.000000
vt 7.000000 12.124356 0.000000
vt 8.728857 10.945641 0.000000
vt 10.262726 9.522418 0.000000
vt 11.567343 7.886481 0.000000
vt 12.613564 6.074372 0.000000
vt 13.378019 4.126572 0.000000
vn 0.988831 0.149042 -0.000000
vn 0.988831 0.149042 -0.000000
vn 1.000000 -0.000000 -0.000000
vn 1.000000 -0.000000 -0.000000
vn 0.988831 -0.149042 -0.000000
vn 0.988831 -0.149042 -0.000000
vn 0.955573 -0.294755 -0.000000
vn 0.955573 -0.294755 -0.000000
vn 0.900969 -0.433884 -0.000000
vn 0.900969 -0.433884 -0.000000
vn 0.826239 -0.563320 -0.000000
vn 0.826239 -0.563320 -0.000000
vn 0.733052 -0.680173 -0.000000
vn 0.733052 -0.680173 -0.000000
vn 0.623490 -0.781831 -0.000000
vn 0.623490 -0.781831 -0.000000
vn 0.500000 -0.866025 -0.000000
vn 0.500000 -0.866025 -0.000000
vn 0.365341 -0.930874 -0.000000
vn 0.365341 -0.930874 -0.000000
vn 0.222521 -0.974928 -0.000000
vn 0.222521 -0.974928 -0.000000
vn 0.074730 -0.997204 -0.000000
vn 0.074730 -0.997204 -0.000000
vn -0.074730 -0.997204 0.000000
vn -0.074730 -0.997204 0.000000
vn -0.222521 -0.974928 0.000000
vn -0.222521 -0.974928 0.000000
vn -0.365341 -0.930874 0.000000
vn -0.365341 -0.930874 0.000000
vn -0.500000 -0.866025 0.000000
vn -0.500000 -0.866025 0.000000
vn -0.623490 -0.781831 0.000000
vn -0.623490 -0.781831 0.000000
vn -0.733052 -0.680173 0.000000
vn -0.733052 -0.680173 0.000000
vn -0.826239 -0.563320 0.000000
vn -0.826239 -0.563320 0.000000
vn -0.900969 -0.433884 0.000000
vn -0.900969 -0.433884 0.000000
vn -0.955573 -0.294755 0.000000
vn -0.955573 -0.294755 0.000000
vn -0.988831 -0.149042 0.000000
vn -0.988831 -0.149042 0.000000
vn -1.000000 -0.000000 0.000000
vn -1.000000 -0.000000 0.000000
vn -0.988831 0.149042 -0.000000
vn -0.988831 0.149042 -0.000000
vn -0.955573 0.294755 -0.000000
vn -0.955573 0.294755 -0.000000
vn -0.900969 0.433884 -0.000000
vn -0.900969 0.433884 -0.000000
vn -0.826239 0.563320 -0.000000
vn -0.826239 0.563320 -0.000000
vn -0.733052 0.680173 -0.000000
vn -0.733052 0.680173 -0.000000
vn -0.623490 0.781831 -0.000000
vn -0.623490 0.781831 -0.000000
vn -0.500000 0.866025 -0.000000
vn -0.500000 0.866025 -0.000000
vn -0.365341 0.930874 -0.000000
vn -0.365341 0.930874 -0.000000
vn -0.222521 0.974928 -0.000000
vn -0.222521 0.974928 -0.000000
vn -0.074730 0.997204 -0.000000
vn -0.074730 0.997204 -0.000000
vn 0.074730 0.997204 -0.000000
vn 0.074730 0.997204 -0.000000
vn 0.222521 0.974928 -0.000000
vn 0.222521 0.974928 -0.000000
vn 0.365341 0.930874 -0.000000
vn 0.365341 0.930874 -0.000000
vn 0.500000 0.866025 -0.000000
vn 0.500000 0.866025 -0.000000
vn 0.623490 0.781831 -0.000000
vn 0.623490 0.781831 -0.000000
vn 0.733052 0.680173 -0.000000
vn 0.733052 0.680173 -0.000000
vn 0.826239 0.563320 -0.000000
vn 0.826239 0.563320 -0.000000
vn 0.900969 0.433884 -0.000000
vn 0.900969 0.433884 -0.000000
vn 0.955573 0.294755 -0.000000
vn 0.955573 0.294755 -0.000000
vn 0.000000 0.000000 -1.000000
vn 0.000000 0.000000 -1.000000
vn 0.000000 0.000000 -1.000000
vn 0.000000 0.000000 -1.000000
vn 0.000000 0.000000 -1.000000
vn 0.000000 0.000000 -1.000000
vn 0.000000 0.000000 -1.000000
vn 0.000000 0.000000 -1.000000
vn 0.000000 0.000000 -1.000000
vn 0.000000 0.000000 -1.000000
vn 0.000000 0.000000 -1.000000
vn 0.000000 0.000000 -1.000000
vn 0.000000 0.000000 -1.000000
vn 0.000000 0.000000 -1.000000
vn 0.000000 0.000000 -1.000000
vn 0.000000 0.000000 -1.000000
vn 0.000000 0.000000 -1.000000
vn 0.000000 0.000000 -1.000000
vn 0.000000 0.000000 -1.000000
vn 0.000000 0.000000 -1.000000
vn 0.000000 0.000000 -1.000000
vn 0.000000 0.000000 -1.000000
vn 0.000000 0.000000 -1.000000
vn 0.000000 0.000000 -1.000000
vn 0.000000 0.000000 -1.000000
vn 0.000000 0.000000 -1.000000
vn 0.000000 0.000000 -1.000000
vn 0.000000 0.000000 -1.000000
vn 0.000000 0.000000 -1.000000
vn 0.000000 0.000000 -1.000000
vn 0.000000 0.000000 -1.000000
vn 0.000000 0.000000 -1.000000
vn 0.000000 0.000000 -1.000000
vn 0.000000 0.000000 -1.000000
vn 0.000000 0.000000 -1.000000
vn 0.000000 0.000000 -1.000000
vn 0.000000 0.000000 -1.000000
vn 0.000000 0.000000 -1.000000
vn 0.000000 0.000000 -1.000000
vn 0.000000 0.000000 -1.000000
vn 0.000000 0.000000 -1.000000
vn 0.000000 0.000000 -1.000000
vn 0.000000 0.000000 -1.000000
vn 0.000000 0.000000 -1.000000
vn 0.000000 0.000000 -1.000000
vn 0.000000 0.000000 -1.000000
vn 0.000000 0.000000 1.000000
vn 0.000000 0.000000 1.000000
vn 0.000000 0.000000 1.000000
vn 0.000000 0.000000 1.000000
vn 0.000000 0.000000 1.000000
vn 0.000000 0.000000 1.000000
vn 0.000000 0.000000 1.000000
vn 0.000000 0.000000 1.000000
vn 0.000000 0.000000 1.000000
vn 0.000000 0.000000 1.000000
vn 0.000000 0.000000 1.000000
vn 0.000000 0.000000 1.000000
vn 0.000000 0.000000 1.000000
vn 0.000000 0.000000 1.000000
vn 0.000000 0.000000 1.000000
vn 0.000000 0.000000 1.000000
vn 0.000000 0.000000 1.000000
vn 0.000000 0.000000 1.000000
vn 0.000000 0.000000 1.000000
vn 0.000000 0.000000 1.000000
vn 0.000000 0.000000 1.000000
vn 0.000000 0.000000 1.000000
vn 0.000000 0.000000 1.000000
vn 0.000000 0.000000 1.000000
vn 0.000000 0.000000 1.000000
vn 0.000000 0.000000 1.000000
vn 0.000000 0.000000 1.000000
vn 0.000000 0.000000 1.000000
vn 0.000000 0.000000 1.000000
vn 0.000000 0.000000 1.000000
vn 0.000000 0.000000 1.000000
vn 0.000000 0.000000 1.000000
vn 0.000000 0.000000 1.000000
vn 0.000000 0.000000 1.000000
vn 0.000000 0.000000 1.000000
vn 0.000000 0.000000 1.000000
vn 0.000000 0.000000 1.000000
vn 0.000000 0.000000 1.000000
vn 0.000000 0.000000 1.000000
vn 0.000000 0.000000 1.000000
vn 0.000000 0.000000 1.000000
vn 0.000000 0.000000 1.000000
vn 0.000000 0.000000 1.000000
vn 0.000000 0.000000 1.000000
vn 0.000000 0.000000 1.000000
vn 0.000000 0.000000 1.000000
usemtl ã³ã¼ã³_ãªã¬ã³ã¸ã¬ãã
f 2895/4391/4271 2977/4392/4272 2894/4393/4273
f 2894/4393/4273 2977/4392/4272 2936/4394/4274
f 2894/4393/4273 2936/4394/4274 2935/4395/4275
f 2935/4395/4275 2936/4394/4274 2937/4396/4276
f 2935/4395/4275 2937/4396/4276 2934/4397/4277
f 2934/4397/4277 2937/4396/4276 2938/4398/4278
f 2934/4397/4277 2938/4398/4278 2933/4399/4279
f 2933/4399/4279 2938/4398/4278 2939/4400/4280
f 2933/4399/4279 2939/4400/4280 2932/4401/4281
f 2932/4401/4281 2939/4400/4280 2940/4402/4282
f 2932/4401/4281 2940/4402/4282 2931/4403/4283
f 2931/4403/4283 2940/4402/4282 2941/4404/4284
f 2931/4403/4283 2941/4404/4284 2930/4405/4285
f 2930/4405/4285 2941/4404/4284 2942/4406/4286
f 2930/4405/4285 2942/4406/4286 2929/4407/4287
f 2929/4407/4287 2942/4406/4286 2943/4408/4288
f 2929/4407/4287 2943/4408/4288 2928/4409/4289
f 2928/4409/4289 2943/4408/4288 2944/4410/4290
f 2928/4409/4289 2944/4410/4290 2927/4411/4291
f 2927/4411/4291 2944/4410/4290 2945/4412/4292
f 2927/4411/4291 2945/4412/4292 2926/4413/4293
f 2926/4413/4293 2945/4412/4292 2946/4414/4294
f 2926/4413/4293 2946/4414/4294 2925/4415/4295
f 2925/4415/4295 2946/4414/4294 2947/4416/4296
f 2925/4415/4295 2947/4416/4296 2924/4417/4297
f 2924/4417/4297 2947/4416/4296 2948/4418/4298
f 2924/4417/4297 2948/4418/4298 2923/4419/4299
f 2923/4419/4299 2948/4418/4298 2949/4420/4300
f 2923/4419/4299 2949/4420/4300 2922/4421/4301
f 2922/4421/4301 2949/4420/4300 2950/4422/4302
f 2922/4421/4301 2950/4422/4302 2921/4423/4303
f 2921/4423/4303 2950/4422/4302 2951/4424/4304
f 2921/4423/4303 2951/4424/4304 2920/4425/4305
f 2920/4425/4305 2951/4424/4304 2952/4426/4306
f 2920/4425/4305 2952/4426/4306 2919/4427/4307
f 2919/4427/4307 2952/4426/4306 2953/4428/4308
f 2919/4427/4307 2953/4428/4308 2918/4429/4309
f 2918/4429/4309 2953/4428/4308 2954/4430/4310
f 2918/4429/4309 2954/4430/4310 2917/4431/4311
f 2917/4431/4311 2954/4430/4310 2955/4432/4312
f 2917/4431/4311 2955/4432/4312 2916/4433/4313
f 2916/4433/4313 2955/4432/4312 2956/4434/4314
f 2916/4433/4313 2956/4434/4314 2915/4435/4315
f 2915/4435/4315 2956/4434/4314 2957/4436/4316
f 2915/4437/4315 2957/4438/4316 2914/4439/4317
f 2914/4439/4317 2957/4438/4316 2958/4440/4318
f 2914/4439/4317 2958/4440/4318 2913/4441/4319
f 2913/4441/4319 2958/4440/4318 2959/4442/4320
f 2913/4441/4319 2959/4442/4320 2912/4443/4321
f 2912/4443/4321 2959/4442/4320 2960/4444/4322
f 2912/4443/4321 2960/4444/4322 2911/4445/4323
f 2911/4445/4323 2960/4444/4322 2961/4446/4324
f 2911/4445/4323 2961/4446/4324 2910/4447/4325
f 2910/4447/4325 2961/4446/4324 2962/4448/4326
f 2910/4447/4325 2962/4448/4326 2909/4449/4327
f 2909/4449/4327 2962/4448/4326 2963/4450/4328
f 2909/4449/4327 2963/4450/4328 2908/4451/4329
f 2908/4451/4329 2963/4450/4328 2964/4452/4330
f 2908/4451/4329 2964/4452/4330 2907/4453/4331
f 2907/4453/4331 2964/4452/4330 2965/4454/4332
f 2907/4453/4331 2965/4454/4332 2906/4455/4333
f 2906/4455/4333 2965/4454/4332 2966/4456/4334
f 2906/4455/4333 2966/4456/4334 2905/4457/4335
f 2905/4457/4335 2966/4456/4334 2967/4458/4336
f 2905/4457/4335 2967/4458/4336 2904/4459/4337
f 2904/4459/4337 2967/4458/4336 2968/4460/4338
f 2904/4459/4337 2968/4460/4338 2903/4461/4339
f 2903/4461/4339 2968/4460/4338 2969/4462/4340
f 2903/4461/4339 2969/4462/4340 2902/4463/4341
f 2902/4463/4341 2969/4462/4340 2970/4464/4342
f 2902/4463/4341 2970/4464/4342 2901/4465/4343
f 2901/4465/4343 2970/4464/4342 2971/4466/4344
f 2901/4465/4343 2971/4466/4344 2900/4467/4345
f 2900/4467/4345 2971/4466/4344 2972/4468/4346
f 2900/4467/4345 2972/4468/4346 2899/4469/4347
f 2899/4469/4347 2972/4468/4346 2973/4470/4348
f 2899/4469/4347 2973/4470/4348 2898/4471/4349
f 2898/4471/4349 2973/4470/4348 2974/4472/4350
f 2898/4471/4349 2974/4472/4350 2897/4473/4351
f 2897/4473/4351 2974/4472/4350 2975/4474/4352
f 2897/4473/4351 2975/4474/4352 2896/4475/4353
f 2896/4475/4353 2975/4474/4352 2976/4476/4354
f 2896/4475/4353 2976/4476/4354 2895/4391/4271
f 2895/4391/4271 2976/4476/4354 2977/4392/4272
f 2935/4477/4355 2980/4478/4356 2894/4479/4357
f 2894/4479/4357 2980/4478/4356 2979/4480/4358
f 2894/4479/4357 2979/4480/4358 2895/4481/4359
f 2895/4481/4359 2979/4480/4358 2896/4482/4360
f 2896/4482/4360 2979/4480/4358 2897/4483/4361
f 2897/4483/4361 2979/4480/4358 2898/4484/4362
f 2898/4484/4362 2979/4480/4358 2899/4485/4363
f 2899/4485/4363 2979/4480/4358 2900/4486/4364
f 2900/4486/4364 2979/4480/4358 2901/4487/4365
f 2901/4487/4365 2979/4480/4358 2902/4488/4366
f 2902/4488/4366 2979/4480/4358 2903/4489/4367
f 2903/4489/4367 2979/4480/4358 2904/4490/4368
f 2904/4490/4368 2979/4480/4358 2978/4491/4369
f 2904/4490/4368 2978/4491/4369 2905/4492/4370
f 2905/4492/4370 2978/4491/4369 2906/4493/4371
f 2906/4493/4371 2978/4491/4369 2907/4494/4372
f 2907/4494/4372 2978/4491/4369 2908/4495/4373
f 2908/4495/4373 2978/4491/4369 2909/4496/4374
f 2909/4496/4374 2978/4491/4369 2910/4497/4375
f 2910/4497/4375 2978/4491/4369 2911/4498/4376
f 2911/4498/4376 2978/4491/4369 2912/4499/4377
f 2912/4499/4377 2978/4491/4369 2913/4500/4378
f 2913/4500/4378 2978/4491/4369 2914/4501/4379
f 2914/4501/4379 2978/4491/4369 2915/4502/4380
f 2915/4502/4380 2978/4491/4369 2981/4503/4381
f 2915/4502/4380 2981/4503/4381 2916/4504/4382
f 2916/4504/4382 2981/4503/4381 2917/4505/4383
f 2917/4505/4383 2981/4503/4381 2918/4506/4384
f 2918/4506/4384 2981/4503/4381 2919/4507/4385
f 2919/4507/4385 2981/4503/4381 2920/4508/4386
f 2920/4508/4386 2981/4503/4381 2921/4509/4387
f 2921/4509/4387 2981/4503/4381 2922/4510/4388
f 2922/4510/4388 2981/4503/4381 2923/4511/4389
f 2923/4511/4389 2981/4503/4381 2924/4512/4390
f 2924/4512/4390 2981/4503/4381 2925/4513/4391
f 2925/4513/4391 2981/4503/4381 2980/4478/4356
f 2925/4513/4391 2980/4478/4356 2926/4514/4392
f 2926/4514/4392 2980/4478/4356 2927/4515/4393
f 2927/4515/4393 2980/4478/4356 2928/4516/4394
f 2928/4516/4394 2980/4478/4356 2929/4517/4395
f 2929/4517/4395 2980/4478/4356 2930/4518/4396
f 2930/4518/4396 2980/4478/4356 2931/4519/4397
f 2931/4519/4397 2980/4478/4356 2932/4520/4398
f 2932/4520/4398 2980/4478/4356 2933/4521/4399
f 2933/4521/4399 2980/4478/4356 2934/4522/4400
f 2934/4522/4400 2980/4478/4356 2935/4477/4355
f 2980/4478/4356 2981/4503/4381 2979/4480/4358
f 2979/4480/4358 2981/4503/4381 2978/4491/4369
f 2977/4523/4401 2984/4524/4402 2936/4525/4403
f 2936/4525/4403 2984/4524/4402 2983/4526/4404
f 2936/4525/4403 2983/4526/4404 2937/4527/4405
f 2937/4527/4405 2983/4526/4404 2938/4528/4406
f 2938/4528/4406 2983/4526/4404 2939/4529/4407
f 2939/4529/4407 2983/4526/4404 2940/4530/4408
f 2940/4530/4408 2983/4526/4404 2941/4531/4409
f 2941/4531/4409 2983/4526/4404 2942/4532/4410
f 2942/4532/4410 2983/4526/4404 2943/4533/4411
f 2943/4533/4411 2983/4526/4404 2944/4534/4412
f 2944/4534/4412 2983/4526/4404 2945/4535/4413
f 2945/4535/4413 2983/4526/4404 2946/4536/4414
f 2946/4536/4414 2983/4526/4404 2982/4537/4415
f 2946/4536/4414 2982/4537/4415 2947/4538/4416
f 2947/4538/4416 2982/4537/4415 2948/4539/4417
f 2948/4539/4417 2982/4537/4415 2949/4540/4418
f 2949/4540/4418 2982/4537/4415 2950/4541/4419
f 2950/4541/4419 2982/4537/4415 2951/4542/4420
f 2951/4542/4420 2982/4537/4415 2952/4543/4421
f 2952/4543/4421 2982/4537/4415 2953/4544/4422
f 2953/4544/4422 2982/4537/4415 2954/4545/4423
f 2954/4545/4423 2982/4537/4415 2955/4546/4424
f 2955/4546/4424 2982/4537/4415 2956/4547/4425
f 2956/4547/4425 2982/4537/4415 2957/4548/4426
f 2957/4548/4426 2982/4537/4415 2985/4549/4427
f 2957/4548/4426 2985/4549/4427 2958/4550/4428
f 2958/4550/4428 2985/4549/4427 2959/4551/4429
f 2959/4551/4429 2985/4549/4427 2960/4552/4430
f 2960/4552/4430 2985/4549/4427 2961/4553/4431
f 2961/4553/4431 2985/4549/4427 2962/4554/4432
f 2962/4554/4432 2985/4549/4427 2963/4555/4433
f 2963/4555/4433 2985/4549/4427 2964/4556/4434
f 2964/4556/4434 2985/4549/4427 2965/4557/4435
f 2965/4557/4435 2985/4549/4427 2966/4558/4436
f 2966/4558/4436 2985/4549/4427 2967/4559/4437
f 2967/4559/4437 2985/4549/4427 2984/4524/4402
f 2967/4559/4437 2984/4524/4402 2968/4560/4438
f 2968/4560/4438 2984/4524/4402 2969/4561/4439
f 2969/4561/4439 2984/4524/4402 2970/4562/4440
f 2970/4562/4440 2984/4524/4402 2971/4563/4441
f 2971/4563/4441 2984/4524/4402 2972/4564/4442
f 2972/4564/4442 2984/4524/4402 2973/4565/4443
f 2973/4565/4443 2984/4524/4402 2974/4566/4444
f 2974/4566/4444 2984/4524/4402 2975/4567/4445
f 2975/4567/4445 2984/4524/4402 2976/4568/4446
f 2976/4568/4446 2984/4524/4402 2977/4523/4401
f 2984/4524/4402 2985/4549/4427 2983/4526/4404
f 2983/4526/4404 2985/4549/4427 2982/4537/4415
g Cone2_Body

v 11.000000 55.000000 5.000000
v 10.801216 57.081764 5.000000
v 10.212047 59.088287 5.000000
v 9.253789 60.947049 5.000000
v 7.961074 62.590869 5.000000
v 6.380626 63.960335 5.000000
v 4.569565 65.005952 5.000000
v 2.593348 65.689927 5.000000
v 0.523401 65.987541 5.000000
v -1.565463 65.888036 5.000000
v -3.597748 65.395009 5.000000
v -5.500000 64.526279 5.000000
v -7.203468 63.313245 5.000000
v -8.646584 61.799749 5.000000
v -9.777190 60.040492 5.000000
v -10.554423 58.099058 5.000000
v -10.950191 56.045616 5.000000
v -10.950191 53.954384 5.000000
v -10.554423 51.900942 5.000000
v -9.777190 49.959508 5.000000
v -8.646584 48.200251 5.000000
v -7.203468 46.686755 5.000000
v -5.500000 45.473721 5.000000
v -3.597748 44.604991 5.000000
v -1.565463 44.111964 5.000000
v 0.523401 44.012459 5.000000
v 2.593348 44.310073 5.000000
v 4.569565 44.994048 5.000000
v 6.380626 46.039665 5.000000
v 7.961074 47.409131 5.000000
v 9.253789 49.052951 5.000000
v 10.212047 50.911713 5.000000
v 10.801216 52.918236 5.000000
v 2.500000 55.000000 45.000000
v 2.414815 54.352952 45.000000
v 2.165064 53.750000 45.000000
v 1.767767 53.232233 45.000000
v 1.250000 52.834936 45.000000
v 0.647048 52.585185 45.000000
v -0.000000 52.500000 45.000000
v -0.647048 52.585185 45.000000
v -1.250000 52.834936 45.000000
v -1.767767 53.232233 45.000000
v -2.165064 53.750000 45.000000
v -2.414815 54.352952 45.000000
v -2.500000 55.000000 45.000000
v -2.414815 55.647048 45.000000
v -2.165064 56.250000 45.000000
v -1.767767 56.767767 45.000000
v -1.250000 57.165064 45.000000
v -0.647048 57.414815 45.000000
v 0.000000 57.500000 45.000000
v 0.647048 57.414815 45.000000
v 1.250000 57.165064 45.000000
v 1.767767 56.767767 45.000000
v 2.165064 56.250000 45.000000
v 2.414815 55.647048 45.000000
v -8.875000 55.000000 15.000000
v -6.750000 55.000000 25.000000
v -4.625000 55.000000 35.000000
v -3.890798 52.499536 35.000000
v -0.220066 50.380239 35.000000
v 4.110864 52.880702 35.000000
v 4.110864 57.119298 35.000000
v -0.220066 59.619761 35.000000
v -3.890798 57.500464 35.000000
v 8.834813 55.843622 15.000000
v 6.719435 55.641628 25.000000
v 4.604058 55.439634 35.000000
v 4.604058 54.560366 35.000000
v 6.719435 54.358372 25.000000
v 8.834813 54.156378 15.000000
v 8.515500 57.500376 15.000000
v 6.476578 56.901695 25.000000
v 4.437655 56.303013 35.000000
v 7.888415 59.066760 15.000000
v 5.999639 58.093029 25.000000
v 6.976221 60.486161 15.000000
v 5.305858 59.172573 25.000000
v 3.635496 57.858985 35.000000
v 5.811889 61.707277 15.000000
v 4.420310 60.101310 25.000000
v 3.028731 58.495342 35.000000
v 4.437500 62.685975 15.000000
v 3.375000 60.845671 25.000000
v 2.312500 59.005367 35.000000
v 2.902728 63.386882 15.000000
v 2.207709 61.378756 25.000000
v 1.512689 59.370629 35.000000
v 1.263044 63.784665 15.000000
v 0.960625 61.681295 25.000000
v 0.658206 59.577924 35.000000
v -0.422290 63.864948 15.000000
v -0.321178 61.742355 25.000000
v -2.092361 63.624828 15.000000
v -1.591373 61.559728 25.000000
v -1.090385 59.494629 35.000000
v -3.686808 63.072984 15.000000
v -2.804051 61.140016 25.000000
v -1.921294 59.207048 35.000000
v -5.148005 62.229362 15.000000
v -3.915384 60.498388 25.000000
v -2.682763 58.767414 35.000000
v -6.423140 61.124451 15.000000
v -4.885205 59.658033 25.000000
v -3.347270 58.191615 35.000000
v -7.466125 59.798187 15.000000
v -5.678461 58.649326 25.000000
v -8.239265 58.298504 15.000000
v -6.266484 57.508722 25.000000
v -4.293702 56.718939 35.000000
v -8.714617 56.679605 15.000000
v -6.628019 56.277446 25.000000
v -4.541420 55.875287 35.000000
v -8.714617 53.320395 15.000000
v -6.628019 53.722554 25.000000
v -4.541420 54.124713 35.000000
v -8.239265 51.701496 15.000000
v -6.266484 52.491278 25.000000
v -4.293702 53.281061 35.000000
v -7.466125 50.201813 15.000000
v -5.678461 51.350674 25.000000
v -6.423140 48.875549 15.000000
v -4.885205 50.341967 25.000000
v -3.347270 51.808385 35.000000
v -5.148005 47.770638 15.000000
v -3.915384 49.501612 25.000000
v -2.682763 51.232586 35.000000
v -3.686808 46.927016 15.000000
v -2.804051 48.859984 25.000000
v -1.921294 50.792952 35.000000
v -2.092361 46.375172 15.000000
v -1.591373 48.440272 25.000000
v -1.090385 50.505371 35.000000
v -0.422290 46.135052 15.000000
v -0.321178 48.257645 25.000000
v 1.263044 46.215335 15.000000
v 0.960625 48.318705 25.000000
v 0.658206 50.422076 35.000000
v 2.902728 46.613118 15.000000
v 2.207709 48.621244 25.000000
v 1.512689 50.629371 35.000000
v 4.437500 47.314025 15.000000
v 3.375000 49.154329 25.000000
v 2.312500 50.994633 35.000000
v 5.811889 48.292723 15.000000
v 4.420310 49.898690 25.000000
v 3.028731 51.504658 35.000000
v 6.976221 49.513839 15.000000
v 5.305858 50.827427 25.000000
v 3.635496 52.141015 35.000000
v 7.888415 50.933240 15.000000
v 5.999639 51.906971 25.000000
v 8.515500 52.499624 15.000000
v 6.476578 53.098305 25.000000
v 4.437655 53.696987 35.000000
v 0.024904 55.000000 5.000000
vt 20.446577 1.285197 0.000000
vt 10.223288 0.642598 0.000000
vt 20.446577 0.000000 0.000000
vt 10.223288 -0.642598 0.000000
vt 20.446577 -1.285197 0.000000
vt 10.223288 -1.927795 0.000000
vt 20.446577 -2.570394 0.000000
vt 10.223288 -3.212992 0.000000
vt 20.446577 -3.855591 0.000000
vt 10.223288 -4.498189 0.000000
vt 20.446577 -5.140788 0.000000
vt 10.223288 -5.783386 0.000000
vt 20.446577 -6.425985 0.000000
vt 10.223288 -7.068583 0.000000
vt 20.446577 -7.711182 0.000000
vt 10.223288 -8.353780 0.000000
vt 20.446577 -8.996379 0.000000
vt 10.223288 -9.638977 0.000000
vt 20.446577 -10.281576 0.000000
vt 10.223288 -10.924174 0.000000
vt 20.446577 -11.566773 0.000000
vt 10.223288 -12.209371 0.000000
vt 20.446577 -12.851970 0.000000
vt 10.223288 -13.494568 0.000000
vt 20.446577 -14.137167 0.000000
vt 10.223288 -14.779765 0.000000
vt 20.446577 -15.422364 0.000000
vt 10.223288 -16.064962 0.000000
vt 20.446577 -16.707561 0.000000
vt 10.223288 -17.350159 0.000000
vt 20.446577 -17.992758 0.000000
vt 10.223288 -18.635356 0.000000
vt 20.446577 -19.277955 0.000000
vt 10.223288 -19.920553 0.000000
vt 20.446577 -20.563152 0.000000
vt 10.223288 -21.205750 0.000000
vt 20.446577 -21.848349 0.000000
vt 20.446577 20.563152 0.000000
vt 10.223288 21.205750 0.000000
vt 10.223288 19.920553 0.000000
vt 20.446577 19.277955 0.000000
vt 10.223288 18.635356 0.000000
vt 20.446577 17.992758 0.000000
vt 10.223288 17.350159 0.000000
vt 20.446577 16.707561 0.000000
vt 10.223288 16.064962 0.000000
vt 20.446577 15.422364 0.000000
vt 10.223288 14.779765 0.000000
vt 20.446577 14.137167 0.000000
vt 10.223288 13.494568 0.000000
vt 20.446577 12.851970 0.000000
vt 10.223288 12.209371 0.000000
vt 20.446577 11.566773 0.000000
vt 10.223288 10.924174 0.000000
vt 20.446577 10.281576 0.000000
vt 10.223288 9.638977 0.000000
vt 20.446577 8.996379 0.000000
vt 10.223288 8.353780 0.000000
vt 20.446577 7.711182 0.000000
vt 10.223288 7.068583 0.000000
vt 20.446577 6.425985 0.000000
vt 10.223288 5.783386 0.000000
vt 20.446577 5.140788 0.000000
vt 10.223288 4.498189 0.000000
vt 20.446577 3.855591 0.000000
vt 10.223288 3.212992 0.000000
vt 20.446577 2.570394 0.000000
vt 10.223288 1.927795 0.000000
vt -20.446577 -1.767146 0.000000
vt -10.223288 -0.642598 0.000000
vt -20.446577 0.000000 0.000000
vt -10.223288 0.642598 0.000000
vt -20.446577 1.767146 0.000000
vt -10.223288 1.927795 0.000000
vt -10.223288 3.212992 0.000000
vt 0.000000 1.927795 0.000000
vt 0.000000 3.212992 0.000000
vt -20.446577 -3.534292 0.000000
vt -10.223288 -3.212992 0.000000
vt -10.223288 -1.927795 0.000000
vt 0.000000 -1.927795 0.000000
vt 0.000000 -0.642598 0.000000
vt -10.223288 -4.498189 0.000000
vt -20.446577 -5.301438 0.000000
vt -10.223288 -5.783386 0.000000
vt -20.446577 -7.068583 0.000000
vt -10.223288 -7.068583 0.000000
vt -10.223288 -8.353780 0.000000
vt 0.000000 -8.353780 0.000000
vt 0.000000 -9.638977 0.000000
vt -20.446577 -8.835729 0.000000
vt -10.223288 -9.638977 0.000000
vt 0.000000 -10.924174 0.000000
vt -20.446577 -10.602875 0.000000
vt -10.223288 -10.924174 0.000000
vt 0.000000 -12.209371 0.000000
vt -20.446577 -12.370021 0.000000
vt -10.223288 -12.209371 0.000000
vt 0.000000 -13.494568 0.000000
vt -10.223288 -13.494568 0.000000
vt -20.446577 -14.137167 0.000000
vt -10.223288 -14.779765 0.000000
vt -20.446577 -15.904313 0.000000
vt -10.223288 -16.064962 0.000000
vt -10.223288 -17.350159 0.000000
vt 0.000000 -17.350159 0.000000
vt 0.000000 -18.635356 0.000000
vt -20.446577 -17.671459 0.000000
vt -10.223288 -18.635356 0.000000
vt 0.000000 -19.920553 0.000000
vt -20.446577 -19.438605 0.000000
vt -10.223288 -19.920553 0.000000
vt 0.000000 -21.205750 0.000000
vt 0.000000 21.205750 0.000000
vt -20.446577 -21.205750 0.000000
vt -10.223288 -21.205750 0.000000
vt -10.223288 21.205750 0.000000
vt 0.000000 19.920553 0.000000
vt -20.446577 21.205750 0.000000
vt -10.223288 19.920553 0.000000
vt -20.446577 19.438605 0.000000
vt -10.223288 18.635356 0.000000
vt -20.446577 17.671459 0.000000
vt -10.223288 17.350159 0.000000
vt -20.446577 15.904313 0.000000
vt -10.223288 16.064962 0.000000
vt -10.223288 14.779765 0.000000
vt 0.000000 14.779765 0.000000
vt 0.000000 13.494568 0.000000
vt -20.446577 14.137167 0.000000
vt -10.223288 13.494568 0.000000
vt 0.000000 12.209371 0.000000
vt -20.446577 12.370021 0.000000
vt -10.223288 12.209371 0.000000
vt 0.000000 10.924174 0.000000
vt -10.223288 10.924174 0.000000
vt -20.446577 10.602875 0.000000
vt -10.223288 9.638977 0.000000
vt -20.446577 8.835729 0.000000
vt -10.223288 8.353780 0.000000
vt -20.446577 7.068583 0.000000
vt -10.223288 7.068583 0.000000
vt -10.223288 5.783386 0.000000
vt 0.000000 5.783386 0.000000
vt 0.000000 4.498189 0.000000
vt -20.446577 5.301438 0.000000
vt -10.223288 4.498189 0.000000
vt -20.446577 3.534292 0.000000
vt 0.000000 0.642598 0.000000
vt 0.000000 7.068583 0.000000
vt 0.000000 8.353780 0.000000
vt 0.000000 9.638977 0.000000
vt 0.000000 16.064962 0.000000
vt 0.000000 17.350159 0.000000
vt 0.000000 18.635356 0.000000
vt 0.000000 -16.064962 0.000000
vt 0.000000 -14.779765 0.000000
vt 0.000000 -7.068583 0.000000
vt 0.000000 -5.783386 0.000000
vt 0.000000 -4.498189 0.000000
vt 0.000000 -3.212992 0.000000
vt -10.801216 2.081764 0.000000
vt -11.000000 0.000000 0.000000
vt -0.024904 0.000000 0.000000
vt -10.801216 -2.081764 0.000000
vt -10.212047 -4.088287 0.000000
vt -9.253789 -5.947049 0.000000
vt -7.961074 -7.590869 0.000000
vt -6.380626 -8.960335 0.000000
vt -4.569565 -10.005952 0.000000
vt -2.593348 -10.689927 0.000000
vt -0.523401 -10.987541 0.000000
vt 1.565463 -10.888036 0.000000
vt 3.597748 -10.395009 0.000000
vt 5.500000 -9.526279 0.000000
vt 7.203468 -8.313245 0.000000
vt 8.646584 -6.799749 0.000000
vt 9.777190 -5.040492 0.000000
vt 10.554423 -3.099058 0.000000
vt 10.950191 -1.045616 0.000000
vt 10.950191 1.045616 0.000000
vt 10.554423 3.099058 0.000000
vt 9.777190 5.040492 0.000000
vt 8.646584 6.799749 0.000000
vt 7.203468 8.313245 0.000000
vt 5.500000 9.526279 0.000000
vt 3.597748 10.395009 0.000000
vt 1.565463 10.888036 0.000000
vt -0.523401 10.987541 0.000000
vt -2.593348 10.689927 0.000000
vt -4.569565 10.005952 0.000000
vt -6.380626 8.960335 0.000000
vt -7.961074 7.590869 0.000000
vt -9.253789 5.947049 0.000000
vt -10.212047 4.088287 0.000000
vt 2.414815 0.647048 0.000000
vt -2.414815 0.647048 0.000000
vt 2.500000 0.000000 0.000000
vt -2.500000 0.000000 0.000000
vt 2.414815 -0.647048 0.000000
vt -2.414815 -0.647048 0.000000
vt 2.165064 -1.250000 0.000000
vt -2.165064 -1.250000 0.000000
vt 1.767767 -1.767767 0.000000
vt -1.767767 -1.767767 0.000000
vt 1.250000 -2.165064 0.000000
vt -1.250000 -2.165064 0.000000
vt 0.647048 -2.414815 0.000000
vt -0.647048 -2.414815 0.000000
vt -0.000000 -2.500000 0.000000
vt -2.165064 1.250000 0.000000
vt 2.165064 1.250000 0.000000
vt -1.767767 1.767767 0.000000
vt 1.767767 1.767767 0.000000
vt -1.250000 2.165064 0.000000
vt 1.250000 2.165064 0.000000
vt -0.647048 2.414815 0.000000
vt 0.647048 2.414815 0.000000
vt 0.000000 2.500000 0.000000
vn 0.960482 0.185118 0.207859
vn 0.973730 0.092980 0.207859
vn 0.978159 -0.000000 0.207859
vn 0.973730 -0.092980 0.207859
vn 0.960482 -0.185118 0.207859
vn 0.938537 -0.275579 0.207859
vn 0.908091 -0.363545 0.207859
vn 0.869422 -0.448218 0.207859
vn 0.822880 -0.528833 0.207859
vn 0.768885 -0.604658 0.207859
vn 0.707927 -0.675007 0.207859
vn 0.640558 -0.739243 0.207859
vn 0.567388 -0.796785 0.207859
vn 0.489079 -0.847110 0.207859
vn 0.406342 -0.889765 0.207859
vn 0.319924 -0.924361 0.207859
vn 0.230610 -0.950586 0.207859
vn 0.139207 -0.968203 0.207859
vn 0.046543 -0.977051 0.207859
vn -0.046543 -0.977051 0.207859
vn -0.139207 -0.968203 0.207859
vn -0.230610 -0.950586 0.207859
vn -0.319924 -0.924361 0.207859
vn -0.406342 -0.889765 0.207859
vn -0.489079 -0.847110 0.207859
vn -0.567388 -0.796785 0.207859
vn -0.640558 -0.739243 0.207859
vn -0.707927 -0.675007 0.207859
vn -0.768885 -0.604658 0.207859
vn -0.822880 -0.528833 0.207859
vn -0.869422 -0.448218 0.207859
vn -0.908091 -0.363545 0.207859
vn -0.938537 -0.275579 0.207859
vn -0.960482 -0.185118 0.207859
vn -0.973730 -0.092980 0.207859
vn -0.978159 -0.000000 0.207859
vn -0.973730 0.092980 0.207859
vn -0.960482 0.185118 0.207859
vn -0.938537 0.275579 0.207859
vn -0.908091 0.363545 0.207859
vn -0.869422 0.448218 0.207859
vn -0.822880 0.528833 0.207859
vn -0.768885 0.604658 0.207859
vn -0.707927 0.675007 0.207859
vn -0.640558 0.739243 0.207859
vn -0.567388 0.796785 0.207859
vn -0.489079 0.847110 0.207859
vn -0.406342 0.889765 0.207859
vn -0.319924 0.924361 0.207859
vn -0.230610 0.950586 0.207859
vn -0.139207 0.968203 0.207859
vn -0.046543 0.977051 0.207859
vn 0.046543 0.977051 0.207859
vn 0.139207 0.968203 0.207859
vn 0.230610 0.950586 0.207859
vn 0.319924 0.924361 0.207859
vn 0.406342 0.889765 0.207859
vn 0.489079 0.847110 0.207859
vn 0.567388 0.796785 0.207859
vn 0.640558 0.739243 0.207859
vn 0.707927 0.675007 0.207859
vn 0.768885 0.604658 0.207859
vn 0.822880 0.528833 0.207859
vn 0.869422 0.448218 0.207859
vn 0.908091 0.363545 0.207859
vn 0.938537 0.275579 0.207859
vn 0.944829 -0.253166 0.207859
vn 0.973730 -0.092980 0.207859
vn 0.978159 -0.000000 0.207859
vn 0.973730 0.092980 0.207859
vn 0.944829 0.253166 0.207859
vn 0.938537 0.275579 0.207859
vn 0.869422 0.448218 0.207859
vn 0.938537 0.275579 0.207859
vn 0.869422 0.448218 0.207859
vn 0.847110 -0.489079 0.207859
vn 0.869422 -0.448218 0.207859
vn 0.938537 -0.275579 0.207859
vn 0.938537 -0.275579 0.207859
vn 0.973730 -0.092980 0.207859
vn 0.768885 -0.604658 0.207859
vn 0.691663 -0.691663 0.207859
vn 0.640558 -0.739243 0.207859
vn 0.489079 -0.847110 0.207859
vn 0.489079 -0.847110 0.207859
vn 0.319924 -0.924361 0.207859
vn 0.319924 -0.924361 0.207859
vn 0.139207 -0.968203 0.207859
vn 0.253166 -0.944829 0.207859
vn 0.139207 -0.968203 0.207859
vn -0.046543 -0.977051 0.207859
vn -0.000000 -0.978159 0.207859
vn -0.046543 -0.977051 0.207859
vn -0.230610 -0.950586 0.207859
vn -0.253166 -0.944829 0.207859
vn -0.230610 -0.950586 0.207859
vn -0.406342 -0.889765 0.207859
vn -0.406342 -0.889765 0.207859
vn -0.489079 -0.847110 0.207859
vn -0.567388 -0.796785 0.207859
vn -0.691663 -0.691663 0.207859
vn -0.707927 -0.675007 0.207859
vn -0.822880 -0.528833 0.207859
vn -0.822880 -0.528833 0.207859
vn -0.908091 -0.363545 0.207859
vn -0.847110 -0.489079 0.207859
vn -0.908091 -0.363545 0.207859
vn -0.960482 -0.185118 0.207859
vn -0.944829 -0.253166 0.207859
vn -0.960482 -0.185118 0.207859
vn -0.978159 -0.000000 0.207859
vn -0.978159 -0.000000 0.207859
vn -0.978159 -0.000000 0.207859
vn -0.960482 0.185118 0.207859
vn -0.960482 0.185118 0.207859
vn -0.944829 0.253166 0.207859
vn -0.908091 0.363545 0.207859
vn -0.847110 0.489079 0.207859
vn -0.822880 0.528833 0.207859
vn -0.691663 0.691663 0.207859
vn -0.707927 0.675007 0.207859
vn -0.567388 0.796785 0.207859
vn -0.567388 0.796785 0.207859
vn -0.406342 0.889765 0.207859
vn -0.489079 0.847110 0.207859
vn -0.406342 0.889765 0.207859
vn -0.230610 0.950586 0.207859
vn -0.253166 0.944829 0.207859
vn -0.230610 0.950586 0.207859
vn -0.046543 0.977051 0.207859
vn -0.046543 0.977051 0.207859
vn 0.000000 0.978159 0.207859
vn 0.139207 0.968203 0.207859
vn 0.253166 0.944829 0.207859
vn 0.319924 0.924361 0.207859
vn 0.489079 0.847110 0.207859
vn 0.489079 0.847110 0.207859
vn 0.640558 0.739243 0.207859
vn 0.640558 0.739243 0.207859
vn 0.768885 0.604658 0.207859
vn 0.691663 0.691663 0.207859
vn 0.768885 0.604658 0.207859
vn 0.847110 0.489079 0.207859
vn 0.973730 0.092980 0.207859
vn 0.489079 0.847110 0.207859
vn 0.319924 0.924361 0.207859
vn 0.139207 0.968203 0.207859
vn -0.707927 0.675007 0.207859
vn -0.822880 0.528833 0.207859
vn -0.908091 0.363545 0.207859
vn -0.707927 -0.675007 0.207859
vn -0.567388 -0.796785 0.207859
vn 0.489079 -0.847110 0.207859
vn 0.640558 -0.739243 0.207859
vn 0.768885 -0.604658 0.207859
vn 0.869422 -0.448218 0.207859
vn 0.000000 0.000000 -1.000000
vn 0.000000 0.000000 -1.000000
vn 0.000000 0.000000 -1.000000
vn 0.000000 0.000000 -1.000000
vn 0.000000 0.000000 -1.000000
vn 0.000000 0.000000 -1.000000
vn 0.000000 0.000000 -1.000000
vn 0.000000 0.000000 -1.000000
vn 0.000000 0.000000 -1.000000
vn 0.000000 0.000000 -1.000000
vn 0.000000 0.000000 -1.000000
vn 0.000000 0.000000 -1.000000
vn 0.000000 0.000000 -1.000000
vn 0.000000 0.000000 -1.000000
vn 0.000000 0.000000 -1.000000
vn 0.000000 0.000000 -1.000000
vn 0.000000 0.000000 -1.000000
vn 0.000000 0.000000 -1.000000
vn 0.000000 0.000000 -1.000000
vn 0.000000 0.000000 -1.000000
vn 0.000000 0.000000 -1.000000
vn 0.000000 0.000000 -1.000000
vn 0.000000 0.000000 -1.000000
vn 0.000000 0.000000 -1.000000
vn 0.000000 0.000000 -1.000000
vn 0.000000 0.000000 -1.000000
vn 0.000000 0.000000 -1.000000
vn 0.000000 0.000000 -1.000000
vn 0.000000 0.000000 -1.000000
vn 0.000000 0.000000 -1.000000
vn 0.000000 0.000000 -1.000000
vn 0.000000 0.000000 -1.000000
vn 0.000000 0.000000 -1.000000
vn 0.000000 0.000000 -1.000000
vn 0.000000 0.000000 1.000000
vn 0.000000 0.000000 1.000000
vn 0.000000 0.000000 1.000000
vn 0.000000 0.000000 1.000000
vn 0.000000 0.000000 1.000000
vn 0.000000 0.000000 1.000000
vn 0.000000 0.000000 1.000000
vn 0.000000 0.000000 1.000000
vn 0.000000 0.000000 1.000000
vn 0.000000 0.000000 1.000000
vn 0.000000 0.000000 1.000000
vn 0.000000 0.000000 1.000000
vn 0.000000 0.000000 1.000000
vn 0.000000 0.000000 1.000000
vn 0.000000 0.000000 1.000000
vn 0.000000 0.000000 1.000000
vn 0.000000 0.000000 1.000000
vn 0.000000 0.000000 1.000000
vn 0.000000 0.000000 1.000000
vn 0.000000 0.000000 1.000000
vn 0.000000 0.000000 1.000000
vn 0.000000 0.000000 1.000000
vn 0.000000 0.000000 1.000000
vn 0.000000 0.000000 1.000000
f 2987/4569/4447 3052/4570/4448 2986/4571/4449
f 2986/4571/4449 3052/4570/4448 3057/4572/4450
f 2986/4571/4449 3057/4572/4450 3018/4573/4451
f 3018/4573/4451 3057/4572/4450 3139/4574/4452
f 3018/4573/4451 3139/4574/4452 3017/4575/4453
f 3017/4575/4453 3139/4574/4452 3137/4576/4454
f 3017/4575/4453 3137/4576/4454 3016/4577/4455
f 3016/4577/4455 3137/4576/4454 3134/4578/4456
f 3016/4577/4455 3134/4578/4456 3015/4579/4457
f 3015/4579/4457 3134/4578/4456 3131/4580/4458
f 3015/4579/4457 3131/4580/4458 3014/4581/4459
f 3014/4581/4459 3131/4580/4458 3128/4582/4460
f 3014/4581/4459 3128/4582/4460 3013/4583/4461
f 3013/4583/4461 3128/4582/4460 3125/4584/4462
f 3013/4583/4461 3125/4584/4462 3012/4585/4463
f 3012/4585/4463 3125/4584/4462 3122/4586/4464
f 3012/4585/4463 3122/4586/4464 3011/4587/4465
f 3011/4587/4465 3122/4586/4464 3120/4588/4466
f 3011/4587/4465 3120/4588/4466 3010/4589/4467
f 3010/4589/4467 3120/4588/4466 3117/4590/4468
f 3010/4589/4467 3117/4590/4468 3009/4591/4469
f 3009/4591/4469 3117/4590/4468 3114/4592/4470
f 3009/4591/4469 3114/4592/4470 3008/4593/4471
f 3008/4593/4471 3114/4592/4470 3111/4594/4472
f 3008/4593/4471 3111/4594/4472 3007/4595/4473
f 3007/4595/4473 3111/4594/4472 3108/4596/4474
f 3007/4595/4473 3108/4596/4474 3006/4597/4475
f 3006/4597/4475 3108/4596/4474 3106/4598/4476
f 3006/4597/4475 3106/4598/4476 3005/4599/4477
f 3005/4599/4477 3106/4598/4476 3103/4600/4478
f 3005/4599/4477 3103/4600/4478 3004/4601/4479
f 3004/4601/4479 3103/4600/4478 3100/4602/4480
f 3004/4601/4479 3100/4602/4480 3003/4603/4481
f 3003/4603/4481 3100/4602/4480 3043/4604/4482
f 3003/4603/4481 3043/4604/4482 3002/4605/4483
f 3002/4606/4483 3043/4607/4482 3097/4608/4484
f 3002/4606/4483 3097/4608/4484 3001/4609/4485
f 3001/4609/4485 3097/4608/4484 3094/4610/4486
f 3001/4609/4485 3094/4610/4486 3000/4611/4487
f 3000/4611/4487 3094/4610/4486 3092/4612/4488
f 3000/4611/4487 3092/4612/4488 2999/4613/4489
f 2999/4613/4489 3092/4612/4488 3089/4614/4490
f 2999/4613/4489 3089/4614/4490 2998/4615/4491
f 2998/4615/4491 3089/4614/4490 3086/4616/4492
f 2998/4615/4491 3086/4616/4492 2997/4617/4493
f 2997/4617/4493 3086/4616/4492 3083/4618/4494
f 2997/4617/4493 3083/4618/4494 2996/4619/4495
f 2996/4619/4495 3083/4618/4494 3080/4620/4496
f 2996/4619/4495 3080/4620/4496 2995/4621/4497
f 2995/4621/4497 3080/4620/4496 3078/4622/4498
f 2995/4621/4497 3078/4622/4498 2994/4623/4499
f 2994/4623/4499 3078/4622/4498 3075/4624/4500
f 2994/4623/4499 3075/4624/4500 2993/4625/4501
f 2993/4625/4501 3075/4624/4500 3072/4626/4502
f 2993/4625/4501 3072/4626/4502 2992/4627/4503
f 2992/4627/4503 3072/4626/4502 3069/4628/4504
f 2992/4627/4503 3069/4628/4504 2991/4629/4505
f 2991/4629/4505 3069/4628/4504 3066/4630/4506
f 2991/4629/4505 3066/4630/4506 2990/4631/4507
f 2990/4631/4507 3066/4630/4506 3063/4632/4508
f 2990/4631/4507 3063/4632/4508 2989/4633/4509
f 2989/4633/4509 3063/4632/4508 3061/4634/4510
f 2989/4633/4509 3061/4634/4510 2988/4635/4511
f 2988/4635/4511 3061/4634/4510 3058/4636/4512
f 2988/4635/4511 3058/4636/4512 2987/4569/4447
f 2987/4569/4447 3058/4636/4512 3052/4570/4448
f 3020/4637/4513 3055/4638/4514 3019/4639/4515
f 3019/4639/4515 3055/4638/4514 3054/4640/4516
f 3019/4639/4515 3054/4640/4516 3042/4641/4517
f 3042/4641/4517 3054/4640/4516 3060/4642/4518
f 3042/4641/4517 3060/4642/4518 3049/4643/4519
f 3049/4643/4519 3060/4642/4518 3059/4644/4520
f 3049/4643/4519 3059/4644/4520 3062/4645/4521
f 3062/4645/4521 3059/4644/4520 3058/4636/4512
f 3062/4645/4521 3058/4636/4512 3061/4634/4510
f 3021/4646/4522 3048/4647/4523 3020/4637/4513
f 3020/4637/4513 3048/4647/4523 3141/4648/4524
f 3020/4637/4513 3141/4648/4524 3055/4638/4514
f 3055/4638/4514 3141/4648/4524 3140/4649/4525
f 3055/4638/4514 3140/4649/4525 3056/4650/4526
f 3056/4650/4526 3140/4649/4525 3139/4574/4452
f 3056/4650/4526 3139/4574/4452 3057/4572/4450
f 3048/4647/4523 3021/4646/4522 3136/4651/4527
f 3136/4651/4527 3021/4646/4522 3022/4652/4528
f 3136/4651/4527 3022/4652/4528 3133/4653/4529
f 3133/4653/4529 3022/4652/4528 3023/4654/4530
f 3133/4653/4529 3023/4654/4530 3130/4655/4531
f 3130/4655/4531 3023/4654/4530 3127/4656/4532
f 3130/4655/4531 3127/4656/4532 3126/4657/4533
f 3126/4657/4533 3127/4656/4532 3123/4658/4534
f 3126/4657/4533 3123/4658/4534 3122/4586/4464
f 3122/4586/4464 3123/4658/4534 3120/4588/4466
f 3023/4654/4530 3024/4659/4535 3127/4656/4532
f 3127/4656/4532 3024/4659/4535 3124/4660/4536
f 3127/4656/4532 3124/4660/4536 3123/4658/4534
f 3123/4658/4534 3124/4660/4536 3121/4661/4537
f 3123/4658/4534 3121/4661/4537 3120/4588/4466
f 3120/4588/4466 3121/4661/4537 3117/4590/4468
f 3024/4659/4535 3025/4662/4538 3124/4660/4536
f 3124/4660/4536 3025/4662/4538 3047/4663/4539
f 3124/4660/4536 3047/4663/4539 3121/4661/4537
f 3121/4661/4537 3047/4663/4539 3118/4664/4540
f 3121/4661/4537 3118/4664/4540 3117/4590/4468
f 3117/4590/4468 3118/4664/4540 3114/4592/4470
f 3025/4662/4538 3026/4665/4541 3047/4663/4539
f 3047/4663/4539 3026/4665/4541 3119/4666/4542
f 3047/4663/4539 3119/4666/4542 3118/4664/4540
f 3118/4664/4540 3119/4666/4542 3115/4667/4543
f 3118/4664/4540 3115/4667/4543 3114/4592/4470
f 3114/4592/4470 3115/4667/4543 3111/4594/4472
f 3119/4666/4542 3026/4665/4541 3116/4668/4544
f 3116/4668/4544 3026/4665/4541 3027/4669/4545
f 3116/4668/4544 3027/4669/4545 3113/4670/4546
f 3113/4670/4546 3027/4669/4545 3028/4671/4547
f 3113/4670/4546 3028/4671/4547 3110/4672/4548
f 3110/4672/4548 3028/4671/4547 3046/4673/4549
f 3110/4672/4548 3046/4673/4549 3107/4674/4550
f 3107/4674/4550 3046/4673/4549 3104/4675/4551
f 3107/4674/4550 3104/4675/4551 3103/4600/4478
f 3103/4600/4478 3104/4675/4551 3100/4602/4480
f 3028/4671/4547 3029/4676/4552 3046/4673/4549
f 3046/4673/4549 3029/4676/4552 3105/4677/4553
f 3046/4673/4549 3105/4677/4553 3104/4675/4551
f 3104/4675/4551 3105/4677/4553 3101/4678/4554
f 3104/4675/4551 3101/4678/4554 3100/4602/4480
f 3100/4602/4480 3101/4678/4554 3043/4604/4482
f 3029/4676/4552 3030/4679/4555 3105/4677/4553
f 3105/4677/4553 3030/4679/4555 3102/4680/4556
f 3105/4677/4553 3102/4680/4556 3101/4678/4554
f 3101/4678/4554 3102/4680/4556 3044/4681/4557
f 3101/4678/4554 3044/4681/4557 3043/4604/4482
f 3043/4607/4482 3044/4682/4557 3097/4608/4484
f 3030/4679/4555 3031/4683/4558 3102/4680/4556
f 3102/4680/4556 3031/4683/4558 3045/4684/4559
f 3102/4680/4556 3045/4684/4559 3044/4681/4557
f 3044/4682/4557 3045/4685/4559 3098/4686/4560
f 3044/4682/4557 3098/4686/4560 3097/4608/4484
f 3097/4608/4484 3098/4686/4560 3094/4610/4486
f 3045/4685/4559 3031/4687/4558 3099/4688/4561
f 3099/4688/4561 3031/4687/4558 3032/4689/4562
f 3099/4688/4561 3032/4689/4562 3096/4690/4563
f 3096/4690/4563 3032/4689/4562 3033/4691/4564
f 3096/4690/4563 3033/4691/4564 3051/4692/4565
f 3051/4692/4565 3033/4691/4564 3034/4693/4566
f 3051/4692/4565 3034/4693/4566 3091/4694/4567
f 3091/4694/4567 3034/4693/4566 3088/4695/4568
f 3091/4694/4567 3088/4695/4568 3087/4696/4569
f 3087/4696/4569 3088/4695/4568 3084/4697/4570
f 3087/4696/4569 3084/4697/4570 3083/4618/4494
f 3083/4618/4494 3084/4697/4570 3080/4620/4496
f 3034/4693/4566 3035/4698/4571 3088/4695/4568
f 3088/4695/4568 3035/4698/4571 3085/4699/4572
f 3088/4695/4568 3085/4699/4572 3084/4697/4570
f 3084/4697/4570 3085/4699/4572 3081/4700/4573
f 3084/4697/4570 3081/4700/4573 3080/4620/4496
f 3080/4620/4496 3081/4700/4573 3078/4622/4498
f 3035/4698/4571 3036/4701/4574 3085/4699/4572
f 3085/4699/4572 3036/4701/4574 3082/4702/4575
f 3085/4699/4572 3082/4702/4575 3081/4700/4573
f 3081/4700/4573 3082/4702/4575 3079/4703/4576
f 3081/4700/4573 3079/4703/4576 3078/4622/4498
f 3078/4622/4498 3079/4703/4576 3075/4624/4500
f 3082/4702/4575 3036/4701/4574 3050/4704/4577
f 3050/4704/4577 3036/4701/4574 3037/4705/4578
f 3050/4704/4577 3037/4705/4578 3077/4706/4579
f 3077/4706/4579 3037/4705/4578 3038/4707/4580
f 3077/4706/4579 3038/4707/4580 3074/4708/4581
f 3074/4708/4581 3038/4707/4580 3039/4709/4582
f 3074/4708/4581 3039/4709/4582 3071/4710/4583
f 3071/4710/4583 3039/4709/4582 3068/4711/4584
f 3071/4710/4583 3068/4711/4584 3067/4712/4585
f 3067/4712/4585 3068/4711/4584 3064/4713/4586
f 3067/4712/4585 3064/4713/4586 3063/4632/4508
f 3063/4632/4508 3064/4713/4586 3061/4634/4510
f 3039/4709/4582 3040/4714/4587 3068/4711/4584
f 3068/4711/4584 3040/4714/4587 3065/4715/4588
f 3068/4711/4584 3065/4715/4588 3064/4713/4586
f 3064/4713/4586 3065/4715/4588 3062/4645/4521
f 3064/4713/4586 3062/4645/4521 3061/4634/4510
f 3040/4714/4587 3041/4716/4589 3065/4715/4588
f 3065/4715/4588 3041/4716/4589 3049/4643/4519
f 3065/4715/4588 3049/4643/4519 3062/4645/4521
f 3041/4716/4589 3042/4641/4517 3049/4643/4519
f 3098/4686/4560 3045/4685/4559 3099/4688/4561
f 3056/4650/4526 3057/4572/4450 3053/4717/4590
f 3053/4717/4590 3057/4572/4450 3052/4570/4448
f 3053/4717/4590 3052/4570/4448 3059/4644/4520
f 3059/4644/4520 3052/4570/4448 3058/4636/4512
f 3055/4638/4514 3056/4650/4526 3054/4640/4516
f 3054/4640/4516 3056/4650/4526 3053/4717/4590
f 3054/4640/4516 3053/4717/4590 3060/4642/4518
f 3060/4642/4518 3053/4717/4590 3059/4644/4520
f 3063/4632/4508 3066/4630/4506 3067/4712/4585
f 3067/4712/4585 3066/4630/4506 3070/4718/4591
f 3067/4712/4585 3070/4718/4591 3071/4710/4583
f 3071/4710/4583 3070/4718/4591 3074/4708/4581
f 3066/4630/4506 3069/4628/4504 3070/4718/4591
f 3070/4718/4591 3069/4628/4504 3073/4719/4592
f 3070/4718/4591 3073/4719/4592 3074/4708/4581
f 3074/4708/4581 3073/4719/4592 3077/4706/4579
f 3069/4628/4504 3072/4626/4502 3073/4719/4592
f 3073/4719/4592 3072/4626/4502 3076/4720/4593
f 3073/4719/4592 3076/4720/4593 3077/4706/4579
f 3077/4706/4579 3076/4720/4593 3050/4704/4577
f 3072/4626/4502 3075/4624/4500 3076/4720/4593
f 3076/4720/4593 3075/4624/4500 3079/4703/4576
f 3076/4720/4593 3079/4703/4576 3050/4704/4577
f 3050/4704/4577 3079/4703/4576 3082/4702/4575
f 3083/4618/4494 3086/4616/4492 3087/4696/4569
f 3087/4696/4569 3086/4616/4492 3090/4721/4594
f 3087/4696/4569 3090/4721/4594 3091/4694/4567
f 3091/4694/4567 3090/4721/4594 3051/4692/4565
f 3086/4616/4492 3089/4614/4490 3090/4721/4594
f 3090/4721/4594 3089/4614/4490 3093/4722/4595
f 3090/4721/4594 3093/4722/4595 3051/4692/4565
f 3051/4692/4565 3093/4722/4595 3096/4690/4563
f 3089/4614/4490 3092/4612/4488 3093/4722/4595
f 3093/4722/4595 3092/4612/4488 3095/4723/4596
f 3093/4722/4595 3095/4723/4596 3096/4690/4563
f 3096/4690/4563 3095/4723/4596 3099/4688/4561
f 3092/4612/4488 3094/4610/4486 3095/4723/4596
f 3095/4723/4596 3094/4610/4486 3098/4686/4560
f 3095/4723/4596 3098/4686/4560 3099/4688/4561
f 3103/4600/4478 3106/4598/4476 3107/4674/4550
f 3107/4674/4550 3106/4598/4476 3109/4724/4597
f 3107/4674/4550 3109/4724/4597 3110/4672/4548
f 3110/4672/4548 3109/4724/4597 3113/4670/4546
f 3106/4598/4476 3108/4596/4474 3109/4724/4597
f 3109/4724/4597 3108/4596/4474 3112/4725/4598
f 3109/4724/4597 3112/4725/4598 3113/4670/4546
f 3113/4670/4546 3112/4725/4598 3116/4668/4544
f 3108/4596/4474 3111/4594/4472 3112/4725/4598
f 3112/4725/4598 3111/4594/4472 3115/4667/4543
f 3112/4725/4598 3115/4667/4543 3116/4668/4544
f 3116/4668/4544 3115/4667/4543 3119/4666/4542
f 3122/4586/4464 3125/4584/4462 3126/4657/4533
f 3126/4657/4533 3125/4584/4462 3129/4726/4599
f 3126/4657/4533 3129/4726/4599 3130/4655/4531
f 3130/4655/4531 3129/4726/4599 3133/4653/4529
f 3125/4584/4462 3128/4582/4460 3129/4726/4599
f 3129/4726/4599 3128/4582/4460 3132/4727/4600
f 3129/4726/4599 3132/4727/4600 3133/4653/4529
f 3133/4653/4529 3132/4727/4600 3136/4651/4527
f 3128/4582/4460 3131/4580/4458 3132/4727/4600
f 3132/4727/4600 3131/4580/4458 3135/4728/4601
f 3132/4727/4600 3135/4728/4601 3136/4651/4527
f 3136/4651/4527 3135/4728/4601 3048/4647/4523
f 3131/4580/4458 3134/4578/4456 3135/4728/4601
f 3135/4728/4601 3134/4578/4456 3138/4729/4602
f 3135/4728/4601 3138/4729/4602 3048/4647/4523
f 3048/4647/4523 3138/4729/4602 3141/4648/4524
f 3134/4578/4456 3137/4576/4454 3138/4729/4602
f 3138/4729/4602 3137/4576/4454 3140/4649/4525
f 3138/4729/4602 3140/4649/4525 3141/4648/4524
f 3139/4574/4452 3140/4649/4525 3137/4576/4454
f 2987/4730/4603 2986/4731/4604 3142/4732/4605
f 3142/4732/4605 2986/4731/4604 3018/4733/4606
f 3142/4732/4605 3018/4733/4606 3017/4734/4607
f 3017/4734/4607 3016/4735/4608 3142/4732/4605
f 3142/4732/4605 3016/4735/4608 3015/4736/4609
f 3142/4732/4605 3015/4736/4609 3014/4737/4610
f 3014/4737/4610 3013/4738/4611 3142/4732/4605
f 3142/4732/4605 3013/4738/4611 3012/4739/4612
f 3142/4732/4605 3012/4739/4612 3011/4740/4613
f 3011/4740/4613 3010/4741/4614 3142/4732/4605
f 3142/4732/4605 3010/4741/4614 3009/4742/4615
f 3142/4732/4605 3009/4742/4615 3008/4743/4616
f 3008/4743/4616 3007/4744/4617 3142/4732/4605
f 3142/4732/4605 3007/4744/4617 3006/4745/4618
f 3142/4732/4605 3006/4745/4618 3005/4746/4619
f 3005/4746/4619 3004/4747/4620 3142/4732/4605
f 3142/4732/4605 3004/4747/4620 3003/4748/4621
f 3142/4732/4605 3003/4748/4621 3002/4749/4622
f 3002/4749/4622 3001/4750/4623 3142/4732/4605
f 3142/4732/4605 3001/4750/4623 3000/4751/4624
f 3142/4732/4605 3000/4751/4624 2999/4752/4625
f 2999/4752/4625 2998/4753/4626 3142/4732/4605
f 3142/4732/4605 2998/4753/4626 2997/4754/4627
f 3142/4732/4605 2997/4754/4627 2996/4755/4628
f 2996/4755/4628 2995/4756/4629 3142/4732/4605
f 3142/4732/4605 2995/4756/4629 2994/4757/4630
f 3142/4732/4605 2994/4757/4630 2993/4758/4631
f 2993/4758/4631 2992/4759/4632 3142/4732/4605
f 3142/4732/4605 2992/4759/4632 2991/4760/4633
f 3142/4732/4605 2991/4760/4633 2990/4761/4634
f 2990/4761/4634 2989/4762/4635 3142/4732/4605
f 3142/4732/4605 2989/4762/4635 2988/4763/4636
f 3142/4732/4605 2988/4763/4636 2987/4730/4603
f 3042/4764/4637 3032/4765/4638 3019/4766/4639
f 3019/4766/4639 3032/4765/4638 3031/4767/4640
f 3019/4766/4639 3031/4767/4640 3020/4768/4641
f 3020/4768/4641 3031/4767/4640 3030/4769/4642
f 3020/4768/4641 3030/4769/4642 3021/4770/4643
f 3021/4770/4643 3030/4769/4642 3029/4771/4644
f 3021/4770/4643 3029/4771/4644 3022/4772/4645
f 3022/4772/4645 3029/4771/4644 3028/4773/4646
f 3022/4772/4645 3028/4773/4646 3023/4774/4647
f 3023/4774/4647 3028/4773/4646 3027/4775/4648
f 3023/4774/4647 3027/4775/4648 3024/4776/4649
f 3024/4776/4649 3027/4775/4648 3026/4777/4650
f 3024/4776/4649 3026/4777/4650 3025/4778/4651
f 3032/4765/4638 3042/4764/4637 3033/4779/4652
f 3033/4779/4652 3042/4764/4637 3041/4780/4653
f 3033/4779/4652 3041/4780/4653 3034/4781/4654
f 3034/4781/4654 3041/4780/4653 3040/4782/4655
f 3034/4781/4654 3040/4782/4655 3035/4783/4656
f 3035/4783/4656 3040/4782/4655 3039/4784/4657
f 3035/4783/4656 3039/4784/4657 3036/4785/4658
f 3036/4785/4658 3039/4784/4657 3038/4786/4659
f 3036/4785/4658 3038/4786/4659 3037/4787/4660
g Cone3_Base

v 46.000000 40.000000 3.000000
v 46.000000 50.000000 3.000000
v 46.000000 60.000000 3.000000
v 46.000000 70.000000 3.000000
v 36.000000 70.000000 3.000000
v 26.000000 70.000000 3.000000
v 16.000000 70.000000 3.000000
v 16.000000 60.000000 3.000000
v 16.000000 50.000000 3.000000
v 16.000000 40.000000 3.000000
v 26.000000 40.000000 3.000000
v 36.000000 40.000000 3.000000
v 36.000000 50.000000 3.000000
v 26.000000 50.000000 3.000000
v 36.000000 60.000000 3.000000
v 26.000000 60.000000 3.000000
v 46.000000 70.000000 0.000000
v 46.000000 60.000000 0.000000
v 46.000000 50.000000 0.000000
v 46.000000 40.000000 0.000000
v 36.000000 40.000000 0.000000
v 26.000000 40.000000 0.000000
v 16.000000 40.000000 0.000000
v 16.000000 50.000000 0.000000
v 16.000000 60.000000 0.000000
v 16.000000 70.000000 0.000000
v 26.000000 70.000000 0.000000
v 36.000000 70.000000 0.000000
v 36.000000 60.000000 0.000000
v 26.000000 60.000000 0.000000
v 36.000000 50.000000 0.000000
v 26.000000 50.000000 0.000000
vt 5.000000 -15.000000 0.000000
vt 15.000000 -15.000000 0.000000
vt 5.000000 -5.000000 0.000000
vt 15.000000 -5.000000 0.000000
vt 5.000000 5.000000 0.000000
vt 15.000000 5.000000 0.000000
vt 5.000000 15.000000 0.000000
vt 15.000000 15.000000 0.000000
vt -5.000000 15.000000 0.000000
vt -5.000000 5.000000 0.000000
vt -5.000000 -5.000000 0.000000
vt -5.000000 -15.000000 0.000000
vt -15.000000 -5.000000 0.000000
vt -15.000000 -15.000000 0.000000
vt -15.000000 15.000000 0.000000
vt -15.000000 5.000000 0.000000
vt -5.000000 15.000000 0.000000
vt -15.000000 15.000000 0.000000
vt -5.000000 5.000000 0.000000
vt -15.000000 5.000000 0.000000
vt -5.000000 -5.000000 0.000000
vt -15.000000 -5.000000 0.000000
vt -5.000000 -15.000000 0.000000
vt -15.000000 -15.000000 0.000000
vt 5.000000 -15.000000 0.000000
vt 5.000000 -5.000000 0.000000
vt 5.000000 5.000000 0.000000
vt 5.000000 15.000000 0.000000
vt 15.000000 5.000000 0.000000
vt 15.000000 15.000000 0.000000
vt 15.000000 -15.000000 0.000000
vt 15.000000 -5.000000 0.000000
vt -1.500000 -15.000000 0.000000
vt 1.500000 -15.000000 0.000000
vt -1.500000 -5.000000 0.000000
vt 1.500000 -5.000000 0.000000
vt -1.500000 5.000000 0.000000
vt 1.500000 5.000000 0.000000
vt -1.500000 15.000000 0.000000
vt 1.500000 15.000000 0.000000
vt 1.500000 15.000000 0.000000
vt -1.500000 15.000000 0.000000
vt 1.500000 5.000000 0.000000
vt -1.500000 5.000000 0.000000
vt 1.500000 -5.000000 0.000000
vt -1.500000 -5.000000 0.000000
vt 1.500000 -15.000000 0.000000
vt -1.500000 -15.000000 0.000000
vt 1.500000 15.000000 0.000000
vt -1.500000 15.000000 0.000000
vt 1.500000 5.000000 0.000000
vt -1.500000 5.000000 0.000000
vt 1.500000 -5.000000 0.000000
vt -1.500000 -5.000000 0.000000
vt 1.500000 -15.000000 0.000000
vt -1.500000 -15.000000 0.000000
vt -1.500000 -15.000000 0.000000
vt 1.500000 -15.000000 0.000000
vt -1.500000 -5.000000 0.000000
vt 1.500000 -5.000000 0.000000
vt -1.500000 5.000000 0.000000
vt 1.500000 5.000000 0.000000
vt -1.500000 15.000000 0.000000
vt 1.500000 15.000000 0.000000
vn 0.000000 0.000000 1.000000
vn 0.000000 0.000000 1.000000
vn 0.000000 0.000000 1.000000
vn 0.000000 0.000000 1.000000
vn 0.000000 0.000000 1.000000
vn 0.000000 0.000000 1.000000
vn 0.000000 0.000000 1.000000
vn 0.000000 0.000000 1.000000
vn 0.000000 0.000000 1.000000
vn 0.000000 0.000000 1.000000
vn 0.000000 0.000000 1.000000
vn 0.000000 0.000000 1.000000
vn 0.000000 0.000000 1.000000
vn 0.000000 0.000000 1.000000
vn 0.000000 0.000000 1.000000
vn 0.000000 0.000000 1.000000
vn -0.000000 -0.000000 -1.000000
vn -0.000000 -0.000000 -1.000000
vn -0.000000 -0.000000 -1.000000
vn -0.000000 -0.000000 -1.000000
vn -0.000000 -0.000000 -1.000000
vn -0.000000 -0.000000 -1.000000
vn -0.000000 -0.000000 -1.000000
vn -0.000000 -0.000000 -1.000000
vn -0.000000 -0.000000 -1.000000
vn -0.000000 -0.000000 -1.000000
vn -0.000000 -0.000000 -1.000000
vn -0.000000 -0.000000 -1.000000
vn -0.000000 -0.000000 -1.000000
vn -0.000000 -0.000000 -1.000000
vn -0.000000 -0.000000 -1.000000
vn -0.000000 -0.000000 -1.000000
vn -0.000000 -1.000000 -0.000000
vn -0.000000 -1.000000 -0.000000
vn -0.000000 -1.000000 -0.000000
vn -0.000000 -1.000000 -0.000000
vn -0.000000 -1.000000 -0.000000
vn -0.000000 -1.000000 -0.000000
vn -0.000000 -1.000000 -0.000000
vn -0.000000 -1.000000 -0.000000
vn -1.000000 -0.000000 -0.000000
vn -1.000000 -0.000000 -0.000000
vn -1.000000 -0.000000 -0.000000
vn -1.000000 -0.000000 -0.000000
vn -1.000000 -0.000000 -0.000000
vn -1.000000 -0.000000 -0.000000
vn -1.000000 -0.000000 -0.000000
vn -1.000000 -0.000000 -0.000000
vn -0.000000 1.000000 -0.000000
vn -0.000000 1.000000 -0.000000
vn -0.000000 1.000000 -0.000000
vn -0.000000 1.000000 -0.000000
vn -0.000000 1.000000 -0.000000
vn -0.000000 1.000000 -0.000000
vn -0.000000 1.000000 -0.000000
vn -0.000000 1.000000 -0.000000
vn 1.000000 -0.000000 -0.000000
vn 1.000000 -0.000000 -0.000000
vn 1.000000 -0.000000 -0.000000
vn 1.000000 -0.000000 -0.000000
vn 1.000000 -0.000000 -0.000000
vn 1.000000 -0.000000 -0.000000
vn 1.000000 -0.000000 -0.000000
vn 1.000000 -0.000000 -0.000000
usemtl é»_ããã
f 3154/4788/4661 3143/4789/4662 3155/4790/4663
f 3155/4790/4663 3143/4789/4662 3144/4791/4664
f 3155/4790/4663 3144/4791/4664 3157/4792/4665
f 3157/4792/4665 3144/4791/4664 3145/4793/4666
f 3157/4792/4665 3145/4793/4666 3147/4794/4667
f 3147/4794/4667 3145/4793/4666 3146/4795/4668
f 3147/4794/4667 3148/4796/4669 3157/4792/4665
f 3157/4792/4665 3148/4796/4669 3158/4797/4670
f 3157/4792/4665 3158/4797/4670 3155/4790/4663
f 3155/4790/4663 3158/4797/4670 3156/4798/4671
f 3155/4790/4663 3156/4798/4671 3154/4788/4661
f 3154/4788/4661 3156/4798/4671 3153/4799/4672
f 3153/4799/4672 3156/4798/4671 3151/4800/4673
f 3153/4799/4672 3151/4800/4673 3152/4801/4674
f 3148/4796/4669 3149/4802/4675 3158/4797/4670
f 3158/4797/4670 3149/4802/4675 3150/4803/4676
f 3158/4797/4670 3150/4803/4676 3156/4798/4671
f 3156/4798/4671 3150/4803/4676 3151/4800/4673
f 3170/4804/4677 3159/4805/4678 3171/4806/4679
f 3171/4806/4679 3159/4805/4678 3160/4807/4680
f 3171/4806/4679 3160/4807/4680 3173/4808/4681
f 3173/4808/4681 3160/4807/4680 3161/4809/4682
f 3173/4808/4681 3161/4809/4682 3163/4810/4683
f 3163/4810/4683 3161/4809/4682 3162/4811/4684
f 3163/4810/4683 3164/4812/4685 3173/4808/4681
f 3173/4808/4681 3164/4812/4685 3174/4813/4686
f 3173/4808/4681 3174/4813/4686 3171/4806/4679
f 3171/4806/4679 3174/4813/4686 3172/4814/4687
f 3171/4806/4679 3172/4814/4687 3170/4804/4677
f 3170/4804/4677 3172/4814/4687 3169/4815/4688
f 3169/4815/4688 3172/4814/4687 3167/4816/4689
f 3169/4815/4688 3167/4816/4689 3168/4817/4690
f 3164/4812/4685 3165/4818/4691 3174/4813/4686
f 3174/4813/4686 3165/4818/4691 3166/4819/4692
f 3174/4813/4686 3166/4819/4692 3172/4814/4687
f 3172/4814/4687 3166/4819/4692 3167/4816/4689
f 3152/4820/4693 3165/4821/4694 3153/4822/4695
f 3153/4822/4695 3165/4821/4694 3164/4823/4696
f 3153/4822/4695 3164/4823/4696 3154/4824/4697
f 3154/4824/4697 3164/4823/4696 3163/4825/4698
f 3154/4824/4697 3163/4825/4698 3143/4826/4699
f 3143/4826/4699 3163/4825/4698 3162/4827/4700
f 3149/4828/4701 3168/4829/4702 3150/4830/4703
f 3150/4830/4703 3168/4829/4702 3167/4831/4704
f 3150/4830/4703 3167/4831/4704 3151/4832/4705
f 3151/4832/4705 3167/4831/4704 3166/4833/4706
f 3151/4832/4705 3166/4833/4706 3152/4834/4707
f 3152/4834/4707 3166/4833/4706 3165/4835/4708
f 3146/4836/4709 3159/4837/4710 3147/4838/4711
f 3147/4838/4711 3159/4837/4710 3170/4839/4712
f 3147/4838/4711 3170/4839/4712 3148/4840/4713
f 3148/4840/4713 3170/4839/4712 3169/4841/4714
f 3148/4840/4713 3169/4841/4714 3149/4842/4715
f 3149/4842/4715 3169/4841/4714 3168/4843/4716
f 3143/4844/4717 3162/4845/4718 3144/4846/4719
f 3144/4846/4719 3162/4845/4718 3161/4847/4720
f 3144/4846/4719 3161/4847/4720 3145/4848/4721
f 3145/4848/4721 3161/4847/4720 3160/4849/4722
f 3145/4848/4721 3160/4849/4722 3146/4850/4723
f 3146/4850/4723 3160/4849/4722 3159/4851/4724
g Cone3_Flange

v 45.000000 55.000000 3.000000
v 44.843632 57.086592 3.000000
v 44.378019 59.126572 3.000000
v 43.613564 61.074372 3.000000
v 42.567343 62.886481 3.000000
v 41.262726 64.522418 3.000000
v 39.728857 65.945641 3.000000
v 38.000000 67.124356 3.000000
v 36.114774 68.032232 3.000000
v 34.115293 68.648991 3.000000
v 32.046221 68.960853 3.000000
v 29.953779 68.960853 3.000000
v 27.884707 68.648991 3.000000
v 25.885226 68.032232 3.000000
v 24.000000 67.124356 3.000000
v 22.271143 65.945641 3.000000
v 20.737274 64.522418 3.000000
v 19.432657 62.886481 3.000000
v 18.386436 61.074372 3.000000
v 17.621981 59.126572 3.000000
v 17.156368 57.086592 3.000000
v 17.000000 55.000000 3.000000
v 17.156368 52.913408 3.000000
v 17.621981 50.873428 3.000000
v 18.386436 48.925628 3.000000
v 19.432657 47.113519 3.000000
v 20.737274 45.477582 3.000000
v 22.271143 44.054359 3.000000
v 24.000000 42.875644 3.000000
v 25.885226 41.967768 3.000000
v 27.884707 41.351009 3.000000
v 29.953779 41.039147 3.000000
v 32.046221 41.039147 3.000000
v 34.115293 41.351009 3.000000
v 36.114774 41.967768 3.000000
v 38.000000 42.875644 3.000000
v 39.728857 44.054359 3.000000
v 41.262726 45.477582 3.000000
v 42.567343 47.113519 3.000000
v 43.613564 48.925628 3.000000
v 44.378019 50.873428 3.000000
v 44.843632 52.913408 3.000000
v 45.000000 55.000000 5.000000
v 44.843632 52.913408 5.000000
v 44.378019 50.873428 5.000000
v 43.613564 48.925628 5.000000
v 42.567343 47.113519 5.000000
v 41.262726 45.477582 5.000000
v 39.728857 44.054359 5.000000
v 38.000000 42.875644 5.000000
v 36.114774 41.967768 5.000000
v 34.115293 41.351009 5.000000
v 32.046221 41.039147 5.000000
v 29.953779 41.039147 5.000000
v 27.884707 41.351009 5.000000
v 25.885226 41.967768 5.000000
v 24.000000 42.875644 5.000000
v 22.271143 44.054359 5.000000
v 20.737274 45.477582 5.000000
v 19.432657 47.113519 5.000000
v 18.386436 48.925628 5.000000
v 17.621981 50.873428 5.000000
v 17.156368 52.913408 5.000000
v 17.000000 55.000000 5.000000
v 17.156368 57.086592 5.000000
v 17.621981 59.126572 5.000000
v 18.386436 61.074372 5.000000
v 19.432657 62.886481 5.000000
v 20.737274 64.522418 5.000000
v 22.271143 65.945641 5.000000
v 24.000000 67.124356 5.000000
v 25.885226 68.032232 5.000000
v 27.884707 68.648991 5.000000
v 29.953779 68.960853 5.000000
v 32.046221 68.960853 5.000000
v 34.115293 68.648991 5.000000
v 36.114774 68.032232 5.000000
v 38.000000 67.124356 5.000000
v 39.728857 65.945641 5.000000
v 41.262726 64.522418 5.000000
v 42.567343 62.886481 5.000000
v 43.613564 61.074372 5.000000
v 44.378019 59.126572 5.000000
v 44.843632 57.086592 5.000000
v 26.333333 59.653618 3.000000
v 35.666667 59.653618 3.000000
v 35.666667 50.346382 3.000000
v 26.333333 50.346382 3.000000
v 26.333333 50.346382 5.000000
v 35.666667 50.346382 5.000000
v 35.666667 59.653618 5.000000
v 26.333333 59.653618 5.000000
vt 1.000000 2.094395 0.000000
vt -1.000000 2.094395 0.000000
vt 1.000000 0.000000 0.000000
vt -1.000000 0.000000 0.000000
vt 1.000000 -2.094395 0.000000
vt -1.000000 -2.094395 0.000000
vt 1.000000 -4.188790 0.000000
vt -1.000000 -4.188790 0.000000
vt 1.000000 -6.283185 0.000000
vt -1.000000 -6.283185 0.000000
vt 1.000000 -8.377580 0.000000
vt -1.000000 -8.377580 0.000000
vt 1.000000 -10.471976 0.000000
vt -1.000000 -10.471976 0.000000
vt 1.000000 -12.566371 0.000000
vt -1.000000 -12.566371 0.000000
vt 1.000000 -14.660766 0.000000
vt -1.000000 -14.660766 0.000000
vt 1.000000 -16.755161 0.000000
vt -1.000000 -16.755161 0.000000
vt 1.000000 -18.849556 0.000000
vt -1.000000 -18.849556 0.000000
vt 1.000000 -20.943951 0.000000
vt -1.000000 -20.943951 0.000000
vt 1.000000 -23.038346 0.000000
vt -1.000000 -23.038346 0.000000
vt 1.000000 -25.132741 0.000000
vt -1.000000 -25.132741 0.000000
vt 1.000000 -27.227136 0.000000
vt -1.000000 -27.227136 0.000000
vt 1.000000 -29.321531 0.000000
vt -1.000000 -29.321531 0.000000
vt 1.000000 -31.415927 0.000000
vt -1.000000 -31.415927 0.000000
vt 1.000000 -33.510322 0.000000
vt -1.000000 -33.510322 0.000000
vt 1.000000 -35.604717 0.000000
vt -1.000000 -35.604717 0.000000
vt 1.000000 -37.699112 0.000000
vt -1.000000 -37.699112 0.000000
vt 1.000000 -39.793507 0.000000
vt -1.000000 -39.793507 0.000000
vt 1.000000 -41.887902 0.000000
vt -1.000000 -41.887902 0.000000
vt 1.000000 -43.982297 0.000000
vt -1.000000 -43.982297 0.000000
vt 1.000000 43.982297 0.000000
vt -1.000000 43.982297 0.000000
vt 1.000000 41.887902 0.000000
vt -1.000000 41.887902 0.000000
vt 1.000000 39.793507 0.000000
vt -1.000000 39.793507 0.000000
vt 1.000000 37.699112 0.000000
vt -1.000000 37.699112 0.000000
vt 1.000000 35.604717 0.000000
vt -1.000000 35.604717 0.000000
vt 1.000000 33.510322 0.000000
vt -1.000000 33.510322 0.000000
vt 1.000000 31.415927 0.000000
vt -1.000000 31.415927 0.000000
vt 1.000000 29.321531 0.000000
vt -1.000000 29.321531 0.000000
vt 1.000000 27.227136 0.000000
vt -1.000000 27.227136 0.000000
vt 1.000000 25.132741 0.000000
vt -1.000000 25.132741 0.000000
vt 1.000000 23.038346 0.000000
vt -1.000000 23.038346 0.000000
vt 1.000000 20.943951 0.000000
vt -1.000000 20.943951 0.000000
vt 1.000000 18.849556 0.000000
vt -1.000000 18.849556 0.000000
vt 1.000000 16.755161 0.000000
vt -1.000000 16.755161 0.000000
vt 1.000000 14.660766 0.000000
vt -1.000000 14.660766 0.000000
vt 1.000000 12.566371 0.000000
vt -1.000000 12.566371 0.000000
vt 1.000000 10.471976 0.000000
vt -1.000000 10.471976 0.000000
vt 1.000000 8.377580 0.000000
vt -1.000000 8.377580 0.000000
vt 1.000000 6.283185 0.000000
vt -1.000000 6.283185 0.000000
vt 1.000000 4.188790 0.000000
vt -1.000000 4.188790 0.000000
vt -13.843632 -2.086592 0.000000
vt -4.666667 -4.653618 0.000000
vt -14.000000 0.000000 0.000000
vt -4.666667 4.653618 0.000000
vt -13.843632 2.086592 0.000000
vt -13.378019 4.126572 0.000000
vt -12.613564 6.074372 0.000000
vt -11.567343 7.886481 0.000000
vt -10.262726 9.522418 0.000000
vt -8.728857 10.945641 0.000000
vt -7.000000 12.124356 0.000000
vt -5.114774 13.032232 0.000000
vt -3.115293 13.648991 0.000000
vt -1.046221 13.960853 0.000000
vt 4.666667 4.653618 0.000000
vt 1.046221 13.960853 0.000000
vt 3.115293 13.648991 0.000000
vt 5.114774 13.032232 0.000000
vt 7.000000 12.124356 0.000000
vt 8.728857 10.945641 0.000000
vt 10.262726 9.522418 0.000000
vt 11.567343 7.886481 0.000000
vt 12.613564 6.074372 0.000000
vt 13.378019 4.126572 0.000000
vt 13.843632 2.086592 0.000000
vt 14.000000 0.000000 0.000000
vt 4.666667 -4.653618 0.000000
vt 13.843632 -2.086592 0.000000
vt 13.378019 -4.126572 0.000000
vt 12.613564 -6.074372 0.000000
vt 11.567343 -7.886481 0.000000
vt 10.262726 -9.522418 0.000000
vt 8.728857 -10.945641 0.000000
vt 7.000000 -12.124356 0.000000
vt 5.114774 -13.032232 0.000000
vt 3.115293 -13.648991 0.000000
vt 1.046221 -13.960853 0.000000
vt -1.046221 -13.960853 0.000000
vt -3.115293 -13.648991 0.000000
vt -5.114774 -13.032232 0.000000
vt -7.000000 -12.124356 0.000000
vt -8.728857 -10.945641 0.000000
vt -10.262726 -9.522418 0.000000
vt -11.567343 -7.886481 0.000000
vt -12.613564 -6.074372 0.000000
vt -13.378019 -4.126572 0.000000
vt 13.843632 2.086592 0.000000
vt 4.666667 4.653618 0.000000
vt 14.000000 0.000000 0.000000
vt 4.666667 -4.653618 0.000000
vt 13.843632 -2.086592 0.000000
vt 13.378019 -4.126572 0.000000
vt 12.613564 -6.074372 0.000000
vt 11.567343 -7.886481 0.000000
vt 10.262726 -9.522418 0.000000
vt 8.728857 -10.945641 0.000000
vt 7.000000 -12.124356 0.000000
vt 5.114774 -13.032232 0.000000
vt 3.115293 -13.648991 0.000000
vt 1.046221 -13.960853 0.000000
vt -4.666667 -4.653618 0.000000
vt -1.046221 -13.960853 0.000000
vt -3.115293 -13.648991 0.000000
vt -5.114774 -13.032232 0.000000
vt -7.000000 -12.124356 0.000000
vt -8.728857 -10.945641 0.000000
vt -10.262726 -9.522418 0.000000
vt -11.567343 -7.886481 0.000000
vt -12.613564 -6.074372 0.000000
vt -13.378019 -4.126572 0.000000
vt -13.843632 -2.086592 0.000000
vt -14.000000 0.000000 0.000000
vt -4.666667 4.653618 0.000000
vt -13.843632 2.086592 0.000000
vt -13.378019 4.126572 0.000000
vt -12.613564 6.074372 0.000000
vt -11.567343 7.886481 0.000000
vt -10.262726 9.522418 0.000000
vt -8.728857 10.945641 0.000000
vt -7.000000 12.124356 0.000000
vt -5.114774 13.032232 0.000000
vt -3.115293 13.648991 0.000000
vt -1.046221 13.960853 0.000000
vt 1.046221 13.960853 0.000000
vt 3.115293 13.648991 0.000000
vt 5.114774 13.032232 0.000000
vt 7.000000 12.124356 0.000000
vt 8.728857 10.945641 0.000000
vt 10.262726 9.522418 0.000000
vt 11.567343 7.886481 0.000000
vt 12.613564 6.074372 0.000000
vt 13.378019 4.126572 0.000000
vn 0.988831 0.149042 -0.000000
vn 0.988831 0.149042 -0.000000
vn 1.000000 -0.000000 -0.000000
vn 1.000000 -0.000000 -0.000000
vn 0.988831 -0.149042 -0.000000
vn 0.988831 -0.149042 -0.000000
vn 0.955573 -0.294755 -0.000000
vn 0.955573 -0.294755 -0.000000
vn 0.900969 -0.433884 -0.000000
vn 0.900969 -0.433884 -0.000000
vn 0.826239 -0.563320 -0.000000
vn 0.826239 -0.563320 -0.000000
vn 0.733052 -0.680173 -0.000000
vn 0.733052 -0.680173 -0.000000
vn 0.623490 -0.781831 -0.000000
vn 0.623490 -0.781831 -0.000000
vn 0.500000 -0.866025 -0.000000
vn 0.500000 -0.866025 -0.000000
vn 0.365341 -0.930874 -0.000000
vn 0.365341 -0.930874 -0.000000
vn 0.222521 -0.974928 -0.000000
vn 0.222521 -0.974928 -0.000000
vn 0.074730 -0.997204 -0.000000
vn 0.074730 -0.997204 -0.000000
vn -0.074730 -0.997204 0.000000
vn -0.074730 -0.997204 0.000000
vn -0.222521 -0.974928 0.000000
vn -0.222521 -0.974928 0.000000
vn -0.365341 -0.930874 0.000000
vn -0.365341 -0.930874 0.000000
vn -0.500000 -0.866025 0.000000
vn -0.500000 -0.866025 0.000000
vn -0.623490 -0.781831 0.000000
vn -0.623490 -0.781831 0.000000
vn -0.733052 -0.680173 0.000000
vn -0.733052 -0.680173 0.000000
vn -0.826239 -0.563320 0.000000
vn -0.826239 -0.563320 0.000000
vn -0.900969 -0.433884 0.000000
vn -0.900969 -0.433884 0.000000
vn -0.955573 -0.294755 0.000000
vn -0.955573 -0.294755 0.000000
vn -0.988831 -0.149042 0.000000
vn -0.988831 -0.149042 0.000000
vn -1.000000 -0.000000 0.000000
vn -1.000000 -0.000000 0.000000
vn -0.988831 0.149042 -0.000000
vn -0.988831 0.149042 -0.000000
vn -0.955573 0.294755 -0.000000
vn -0.955573 0.294755 -0.000000
vn -0.900969 0.433884 -0.000000
vn -0.900969 0.433884 -0.000000
vn -0.826239 0.563320 -0.000000
vn -0.826239 0.563320 -0.000000
vn -0.733052 0.680173 -0.000000
vn -0.733052 0.680173 -0.000000
vn -0.623490 0.781831 -0.000000
vn -0.623490 0.781831 -0.000000
vn -0.500000 0.866025 -0.000000
vn -0.500000 0.866025 -0.000000
vn -0.365341 0.930874 -0.000000
vn -0.365341 0.930874 -0.000000
vn -0.222521 0.974928 -0.000000
vn -0.222521 0.974928 -0.000000
vn -0.074730 0.997204 -0.000000
vn -0.074730 0.997204 -0.000000
vn 0.074730 0.997204 -0.000000
vn 0.074730 0.997204 -0.000000
vn 0.222521 0.974928 -0.000000
vn 0.222521 0.974928 -0.000000
vn 0.365341 0.930874 -0.000000
vn 0.365341 0.930874 -0.000000
vn 0.500000 0.866025 -0.000000
vn 0.500000 0.866025 -0.000000
vn 0.623490 0.781831 -0.000000
vn 0.623490 0.781831 -0.000000
vn 0.733052 0.680173 -0.000000
vn 0.733052 0.680173 -0.000000
vn 0.826239 0.563320 -0.000000
vn 0.826239 0.563320 -0.000000
vn 0.900969 0.433884 -0.000000
vn 0.900969 0.433884 -0.000000
vn 0.955573 0.294755 -0.000000
vn 0.955573 0.294755 -0.000000
vn 0.000000 0.000000 -1.000000
vn 0.000000 0.000000 -1.000000
vn 0.000000 0.000000 -1.000000
vn 0.000000 0.000000 -1.000000
vn 0.000000 0.000000 -1.000000
vn 0.000000 0.000000 -1.000000
vn 0.000000 0.000000 -1.000000
vn 0.000000 0.000000 -1.000000
vn 0.000000 0.000000 -1.000000
vn 0.000000 0.000000 -1.000000
vn 0.000000 0.000000 -1.000000
vn 0.000000 0.000000 -1.000000
vn 0.000000 0.000000 -1.000000
vn 0.000000 0.000000 -1.000000
vn 0.000000 0.000000 -1.000000
vn 0.000000 0.000000 -1.000000
vn 0.000000 0.000000 -1.000000
vn 0.000000 0.000000 -1.000000
vn 0.000000 0.000000 -1.000000
vn 0.000000 0.000000 -1.000000
vn 0.000000 0.000000 -1.000000
vn 0.000000 0.000000 -1.000000
vn 0.000000 0.000000 -1.000000
vn 0.000000 0.000000 -1.000000
vn 0.000000 0.000000 -1.000000
vn 0.000000 0.000000 -1.000000
vn 0.000000 0.000000 -1.000000
vn 0.000000 0.000000 -1.000000
vn 0.000000 0.000000 -1.000000
vn 0.000000 0.000000 -1.000000
vn 0.000000 0.000000 -1.000000
vn 0.000000 0.000000 -1.000000
vn 0.000000 0.000000 -1.000000
vn 0.000000 0.000000 -1.000000
vn 0.000000 0.000000 -1.000000
vn 0.000000 0.000000 -1.000000
vn 0.000000 0.000000 -1.000000
vn 0.000000 0.000000 -1.000000
vn 0.000000 0.000000 -1.000000
vn 0.000000 0.000000 -1.000000
vn 0.000000 0.000000 -1.000000
vn 0.000000 0.000000 -1.000000
vn 0.000000 0.000000 -1.000000
vn 0.000000 0.000000 -1.000000
vn 0.000000 0.000000 -1.000000
vn 0.000000 0.000000 -1.000000
vn 0.000000 0.000000 1.000000
vn 0.000000 0.000000 1.000000
vn 0.000000 0.000000 1.000000
vn 0.000000 0.000000 1.000000
vn 0.000000 0.000000 1.000000
vn 0.000000 0.000000 1.000000
vn 0.000000 0.000000 1.000000
vn 0.000000 0.000000 1.000000
vn 0.000000 0.000000 1.000000
vn 0.000000 0.000000 1.000000
vn 0.000000 0.000000 1.000000
vn 0.000000 0.000000 1.000000
vn 0.000000 0.000000 1.000000
vn 0.000000 0.000000 1.000000
vn 0.000000 0.000000 1.000000
vn 0.000000 0.000000 1.000000
vn 0.000000 0.000000 1.000000
vn 0.000000 0.000000 1.000000
vn 0.000000 0.000000 1.000000
vn 0.000000 0.000000 1.000000
vn 0.000000 0.000000 1.000000
vn 0.000000 0.000000 1.000000
vn 0.000000 0.000000 1.000000
vn 0.000000 0.000000 1.000000
vn 0.000000 0.000000 1.000000
vn 0.000000 0.000000 1.000000
vn 0.000000 0.000000 1.000000
vn 0.000000 0.000000 1.000000
vn 0.000000 0.000000 1.000000
vn 0.000000 0.000000 1.000000
vn 0.000000 0.000000 1.000000
vn 0.000000 0.000000 1.000000
vn 0.000000 0.000000 1.000000
vn 0.000000 0.000000 1.000000
vn 0.000000 0.000000 1.000000
vn 0.000000 0.000000 1.000000
vn 0.000000 0.000000 1.000000
vn 0.000000 0.000000 1.000000
vn 0.000000 0.000000 1.000000
vn 0.000000 0.000000 1.000000
vn 0.000000 0.000000 1.000000
vn 0.000000 0.000000 1.000000
vn 0.000000 0.000000 1.000000
vn 0.000000 0.000000 1.000000
vn 0.000000 0.000000 1.000000
vn 0.000000 0.000000 1.000000
usemtl ã³ã¼ã³_ãªã¬ã³ã¸ã¬ãã
f 3176/4852/4725 3258/4853/4726 3175/4854/4727
f 3175/4854/4727 3258/4853/4726 3217/4855/4728
f 3175/4854/4727 3217/4855/4728 3216/4856/4729
f 3216/4856/4729 3217/4855/4728 3218/4857/4730
f 3216/4856/4729 3218/4857/4730 3215/4858/4731
f 3215/4858/4731 3218/4857/4730 3219/4859/4732
f 3215/4858/4731 3219/4859/4732 3214/4860/4733
f 3214/4860/4733 3219/4859/4732 3220/4861/4734
f 3214/4860/4733 3220/4861/4734 3213/4862/4735
f 3213/4862/4735 3220/4861/4734 3221/4863/4736
f 3213/4862/4735 3221/4863/4736 3212/4864/4737
f 3212/4864/4737 3221/4863/4736 3222/4865/4738
f 3212/4864/4737 3222/4865/4738 3211/4866/4739
f 3211/4866/4739 3222/4865/4738 3223/4867/4740
f 3211/4866/4739 3223/4867/4740 3210/4868/4741
f 3210/4868/4741 3223/4867/4740 3224/4869/4742
f 3210/4868/4741 3224/4869/4742 3209/4870/4743
f 3209/4870/4743 3224/4869/4742 3225/4871/4744
f 3209/4870/4743 3225/4871/4744 3208/4872/4745
f 3208/4872/4745 3225/4871/4744 3226/4873/4746
f 3208/4872/4745 3226/4873/4746 3207/4874/4747
f 3207/4874/4747 3226/4873/4746 3227/4875/4748
f 3207/4874/4747 3227/4875/4748 3206/4876/4749
f 3206/4876/4749 3227/4875/4748 3228/4877/4750
f 3206/4876/4749 3228/4877/4750 3205/4878/4751
f 3205/4878/4751 3228/4877/4750 3229/4879/4752
f 3205/4878/4751 3229/4879/4752 3204/4880/4753
f 3204/4880/4753 3229/4879/4752 3230/4881/4754
f 3204/4880/4753 3230/4881/4754 3203/4882/4755
f 3203/4882/4755 3230/4881/4754 3231/4883/4756
f 3203/4882/4755 3231/4883/4756 3202/4884/4757
f 3202/4884/4757 3231/4883/4756 3232/4885/4758
f 3202/4884/4757 3232/4885/4758 3201/4886/4759
f 3201/4886/4759 3232/4885/4758 3233/4887/4760
f 3201/4886/4759 3233/4887/4760 3200/4888/4761
f 3200/4888/4761 3233/4887/4760 3234/4889/4762
f 3200/4888/4761 3234/4889/4762 3199/4890/4763
f 3199/4890/4763 3234/4889/4762 3235/4891/4764
f 3199/4890/4763 3235/4891/4764 3198/4892/4765
f 3198/4892/4765 3235/4891/4764 3236/4893/4766
f 3198/4892/4765 3236/4893/4766 3197/4894/4767
f 3197/4894/4767 3236/4893/4766 3237/4895/4768
f 3197/4894/4767 3237/4895/4768 3196/4896/4769
f 3196/4896/4769 3237/4895/4768 3238/4897/4770
f 3196/4898/4769 3238/4899/4770 3195/4900/4771
f 3195/4900/4771 3238/4899/4770 3239/4901/4772
f 3195/4900/4771 3239/4901/4772 3194/4902/4773
f 3194/4902/4773 3239/4901/4772 3240/4903/4774
f 3194/4902/4773 3240/4903/4774 3193/4904/4775
f 3193/4904/4775 3240/4903/4774 3241/4905/4776
f 3193/4904/4775 3241/4905/4776 3192/4906/4777
f 3192/4906/4777 3241/4905/4776 3242/4907/4778
f 3192/4906/4777 3242/4907/4778 3191/4908/4779
f 3191/4908/4779 3242/4907/4778 3243/4909/4780
f 3191/4908/4779 3243/4909/4780 3190/4910/4781
f 3190/4910/4781 3243/4909/4780 3244/4911/4782
f 3190/4910/4781 3244/4911/4782 3189/4912/4783
f 3189/4912/4783 3244/4911/4782 3245/4913/4784
f 3189/4912/4783 3245/4913/4784 3188/4914/4785
f 3188/4914/4785 3245/4913/4784 3246/4915/4786
f 3188/4914/4785 3246/4915/4786 3187/4916/4787
f 3187/4916/4787 3246/4915/4786 3247/4917/4788
f 3187/4916/4787 3247/4917/4788 3186/4918/4789
f 3186/4918/4789 3247/4917/4788 3248/4919/4790
f 3186/4918/4789 3248/4919/4790 3185/4920/4791
f 3185/4920/4791 3248/4919/4790 3249/4921/4792
f 3185/4920/4791 3249/4921/4792 3184/4922/4793
f 3184/4922/4793 3249/4921/4792 3250/4923/4794
f 3184/4922/4793 3250/4923/4794 3183/4924/4795
f 3183/4924/4795 3250/4923/4794 3251/4925/4796
f 3183/4924/4795 3251/4925/4796 3182/4926/4797
f 3182/4926/4797 3251/4925/4796 3252/4927/4798
f 3182/4926/4797 3252/4927/4798 3181/4928/4799
f 3181/4928/4799 3252/4927/4798 3253/4929/4800
f 3181/4928/4799 3253/4929/4800 3180/4930/4801
f 3180/4930/4801 3253/4929/4800 3254/4931/4802
f 3180/4930/4801 3254/4931/4802 3179/4932/4803
f 3179/4932/4803 3254/4931/4802 3255/4933/4804
f 3179/4932/4803 3255/4933/4804 3178/4934/4805
f 3178/4934/4805 3255/4933/4804 3256/4935/4806
f 3178/4934/4805 3256/4935/4806 3177/4936/4807
f 3177/4936/4807 3256/4935/4806 3257/4937/4808
f 3177/4936/4807 3257/4937/4808 3176/4852/4725
f 3176/4852/4725 3257/4937/4808 3258/4853/4726
f 3216/4938/4809 3261/4939/4810 3175/4940/4811
f 3175/4940/4811 3261/4939/4810 3260/4941/4812
f 3175/4940/4811 3260/4941/4812 3176/4942/4813
f 3176/4942/4813 3260/4941/4812 3177/4943/4814
f 3177/4943/4814 3260/4941/4812 3178/4944/4815
f 3178/4944/4815 3260/4941/4812 3179/4945/4816
f 3179/4945/4816 3260/4941/4812 3180/4946/4817
f 3180/4946/4817 3260/4941/4812 3181/4947/4818
f 3181/4947/4818 3260/4941/4812 3182/4948/4819
f 3182/4948/4819 3260/4941/4812 3183/4949/4820
f 3183/4949/4820 3260/4941/4812 3184/4950/4821
f 3184/4950/4821 3260/4941/4812 3185/4951/4822
f 3185/4951/4822 3260/4941/4812 3259/4952/4823
f 3185/4951/4822 3259/4952/4823 3186/4953/4824
f 3186/4953/4824 3259/4952/4823 3187/4954/4825
f 3187/4954/4825 3259/4952/4823 3188/4955/4826
f 3188/4955/4826 3259/4952/4823 3189/4956/4827
f 3189/4956/4827 3259/4952/4823 3190/4957/4828
f 3190/4957/4828 3259/4952/4823 3191/4958/4829
f 3191/4958/4829 3259/4952/4823 3192/4959/4830
f 3192/4959/4830 3259/4952/4823 3193/4960/4831
f 3193/4960/4831 3259/4952/4823 3194/4961/4832
f 3194/4961/4832 3259/4952/4823 3195/4962/4833
f 3195/4962/4833 3259/4952/4823 3196/4963/4834
f 3196/4963/4834 3259/4952/4823 3262/4964/4835
f 3196/4963/4834 3262/4964/4835 3197/4965/4836
f 3197/4965/4836 3262/4964/4835 3198/4966/4837
f 3198/4966/4837 3262/4964/4835 3199/4967/4838
f 3199/4967/4838 3262/4964/4835 3200/4968/4839
f 3200/4968/4839 3262/4964/4835 3201/4969/4840
f 3201/4969/4840 3262/4964/4835 3202/4970/4841
f 3202/4970/4841 3262/4964/4835 3203/4971/4842
f 3203/4971/4842 3262/4964/4835 3204/4972/4843
f 3204/4972/4843 3262/4964/4835 3205/4973/4844
f 3205/4973/4844 3262/4964/4835 3206/4974/4845
f 3206/4974/4845 3262/4964/4835 3261/4939/4810
f 3206/4974/4845 3261/4939/4810 3207/4975/4846
f 3207/4975/4846 3261/4939/4810 3208/4976/4847
f 3208/4976/4847 3261/4939/4810 3209/4977/4848
f 3209/4977/4848 3261/4939/4810 3210/4978/4849
f 3210/4978/4849 3261/4939/4810 3211/4979/4850
f 3211/4979/4850 3261/4939/4810 3212/4980/4851
f 3212/4980/4851 3261/4939/4810 3213/4981/4852
f 3213/4981/4852 3261/4939/4810 3214/4982/4853
f 3214/4982/4853 3261/4939/4810 3215/4983/4854
f 3215/4983/4854 3261/4939/4810 3216/4938/4809
f 3261/4939/4810 3262/4964/4835 3260/4941/4812
f 3260/4941/4812 3262/4964/4835 3259/4952/4823
f 3258/4984/4855 3265/4985/4856 3217/4986/4857
f 3217/4986/4857 3265/4985/4856 3264/4987/4858
f 3217/4986/4857 3264/4987/4858 3218/4988/4859
f 3218/4988/4859 3264/4987/4858 3219/4989/4860
f 3219/4989/4860 3264/4987/4858 3220/4990/4861
f 3220/4990/4861 3264/4987/4858 3221/4991/4862
f 3221/4991/4862 3264/4987/4858 3222/4992/4863
f 3222/4992/4863 3264/4987/4858 3223/4993/4864
f 3223/4993/4864 3264/4987/4858 3224/4994/4865
f 3224/4994/4865 3264/4987/4858 3225/4995/4866
f 3225/4995/4866 3264/4987/4858 3226/4996/4867
f 3226/4996/4867 3264/4987/4858 3227/4997/4868
f 3227/4997/4868 3264/4987/4858 3263/4998/4869
f 3227/4997/4868 3263/4998/4869 3228/4999/4870
f 3228/4999/4870 3263/4998/4869 3229/5000/4871
f 3229/5000/4871 3263/4998/4869 3230/5001/4872
f 3230/5001/4872 3263/4998/4869 3231/5002/4873
f 3231/5002/4873 3263/4998/4869 3232/5003/4874
f 3232/5003/4874 3263/4998/4869 3233/5004/4875
f 3233/5004/4875 3263/4998/4869 3234/5005/4876
f 3234/5005/4876 3263/4998/4869 3235/5006/4877
f 3235/5006/4877 3263/4998/4869 3236/5007/4878
f 3236/5007/4878 3263/4998/4869 3237/5008/4879
f 3237/5008/4879 3263/4998/4869 3238/5009/4880
f 3238/5009/4880 3263/4998/4869 3266/5010/4881
f 3238/5009/4880 3266/5010/4881 3239/5011/4882
f 3239/5011/4882 3266/5010/4881 3240/5012/4883
f 3240/5012/4883 3266/5010/4881 3241/5013/4884
f 3241/5013/4884 3266/5010/4881 3242/5014/4885
f 3242/5014/4885 3266/5010/4881 3243/5015/4886
f 3243/5015/4886 3266/5010/4881 3244/5016/4887
f 3244/5016/4887 3266/5010/4881 3245/5017/4888
f 3245/5017/4888 3266/5010/4881 3246/5018/4889
f 3246/5018/4889 3266/5010/4881 3247/5019/4890
f 3247/5019/4890 3266/5010/4881 3248/5020/4891
f 3248/5020/4891 3266/5010/4881 3265/4985/4856
f 3248/5020/4891 3265/4985/4856 3249/5021/4892
f 3249/5021/4892 3265/4985/4856 3250/5022/4893
f 3250/5022/4893 3265/4985/4856 3251/5023/4894
f 3251/5023/4894 3265/4985/4856 3252/5024/4895
f 3252/5024/4895 3265/4985/4856 3253/5025/4896
f 3253/5025/4896 3265/4985/4856 3254/5026/4897
f 3254/5026/4897 3265/4985/4856 3255/5027/4898
f 3255/5027/4898 3265/4985/4856 3256/5028/4899
f 3256/5028/4899 3265/4985/4856 3257/5029/4900
f 3257/5029/4900 3265/4985/4856 3258/4984/4855
f 3265/4985/4856 3266/5010/4881 3264/4987/4858
f 3264/4987/4858 3266/5010/4881 3263/4998/4869
g Cone3_Body

v 42.000000 55.000000 5.000000
v 41.801216 57.081764 5.000000
v 41.212047 59.088287 5.000000
v 40.253789 60.947049 5.000000
v 38.961074 62.590869 5.000000
v 37.380626 63.960335 5.000000
v 35.569565 65.005952 5.000000
v 33.593348 65.689927 5.000000
v 31.523401 65.987541 5.000000
v 29.434537 65.888036 5.000000
v 27.402252 65.395009 5.000000
v 25.500000 64.526279 5.000000
v 23.796532 63.313245 5.000000
v 22.353416 61.799749 5.000000
v 21.222810 60.040492 5.000000
v 20.445577 58.099058 5.000000
v 20.049809 56.045616 5.000000
v 20.049809 53.954384 5.000000
v 20.445577 51.900942 5.000000
v 21.222810 49.959508 5.000000
v 22.353416 48.200251 5.000000
v 23.796532 46.686755 5.000000
v 25.500000 45.473721 5.000000
v 27.402252 44.604991 5.000000
v 29.434537 44.111964 5.000000
v 31.523401 44.012459 5.000000
v 33.593348 44.310073 5.000000
v 35.569565 44.994048 5.000000
v 37.380626 46.039665 5.000000
v 38.961074 47.409131 5.000000
v 40.253789 49.052951 5.000000
v 41.212047 50.911713 5.000000
v 41.801216 52.918236 5.000000
v 33.500000 55.000000 45.000000
v 33.414815 54.352952 45.000000
v 33.165064 53.750000 45.000000
v 32.767767 53.232233 45.000000
v 32.250000 52.834936 45.000000
v 31.647048 52.585185 45.000000
v 31.000000 52.500000 45.000000
v 30.352952 52.585185 45.000000
v 29.750000 52.834936 45.000000
v 29.232233 53.232233 45.000000
v 28.834936 53.750000 45.000000
v 28.585185 54.352952 45.000000
v 28.500000 55.000000 45.000000
v 28.585185 55.647048 45.000000
v 28.834936 56.250000 45.000000
v 29.232233 56.767767 45.000000
v 29.750000 57.165064 45.000000
v 30.352952 57.414815 45.000000
v 31.000000 57.500000 45.000000
v 31.647048 57.414815 45.000000
v 32.250000 57.165064 45.000000
v 32.767767 56.767767 45.000000
v 33.165064 56.250000 45.000000
v 33.414815 55.647048 45.000000
v 22.125000 55.000000 15.000000
v 24.250000 55.000000 25.000000
v 26.375000 55.000000 35.000000
v 27.109202 52.499536 35.000000
v 30.779934 50.380239 35.000000
v 35.110864 52.880702 35.000000
v 35.110864 57.119298 35.000000
v 30.779934 59.619761 35.000000
v 27.109202 57.500464 35.000000
v 39.834813 55.843622 15.000000
v 37.719435 55.641628 25.000000
v 35.604058 55.439634 35.000000
v 35.604058 54.560366 35.000000
v 37.719435 54.358372 25.000000
v 39.834813 54.156378 15.000000
v 39.515500 57.500376 15.000000
v 37.476578 56.901695 25.000000
v 35.437655 56.303013 35.000000
v 38.888415 59.066760 15.000000
v 36.999639 58.093029 25.000000
v 37.976221 60.486161 15.000000
v 36.305858 59.172573 25.000000
v 34.635496 57.858985 35.000000
v 36.811889 61.707277 15.000000
v 35.420310 60.101310 25.000000
v 34.028731 58.495342 35.000000
v 35.437500 62.685975 15.000000
v 34.375000 60.845671 25.000000
v 33.312500 59.005367 35.000000
v 33.902728 63.386882 15.000000
v 33.207709 61.378756 25.000000
v 32.512689 59.370629 35.000000
v 32.263044 63.784665 15.000000
v 31.960625 61.681295 25.000000
v 31.658206 59.577924 35.000000
v 30.577710 63.864948 15.000000
v 30.678822 61.742355 25.000000
v 28.907639 63.624828 15.000000
v 29.408627 61.559728 25.000000
v 29.909615 59.494629 35.000000
v 27.313192 63.072984 15.000000
v 28.195949 61.140016 25.000000
v 29.078706 59.207048 35.000000
v 25.851995 62.229362 15.000000
v 27.084616 60.498388 25.000000
v 28.317237 58.767414 35.000000
v 24.576860 61.124451 15.000000
v 26.114795 59.658033 25.000000
v 27.652730 58.191615 35.000000
v 23.533875 59.798187 15.000000
v 25.321539 58.649326 25.000000
v 22.760735 58.298504 15.000000
v 24.733516 57.508722 25.000000
v 26.706298 56.718939 35.000000
v 22.285383 56.679605 15.000000
v 24.371981 56.277446 25.000000
v 26.458580 55.875287 35.000000
v 22.285383 53.320395 15.000000
v 24.371981 53.722554 25.000000
v 26.458580 54.124713 35.000000
v 22.760735 51.701496 15.000000
v 24.733516 52.491278 25.000000
v 26.706298 53.281061 35.000000
v 23.533875 50.201813 15.000000
v 25.321539 51.350674 25.000000
v 24.576860 48.875549 15.000000
v 26.114795 50.341967 25.000000
v 27.652730 51.808385 35.000000
v 25.851995 47.770638 15.000000
v 27.084616 49.501612 25.000000
v 28.317237 51.232586 35.000000
v 27.313192 46.927016 15.000000
v 28.195949 48.859984 25.000000
v 29.078706 50.792952 35.000000
v 28.907639 46.375172 15.000000
v 29.408627 48.440272 25.000000
v 29.909615 50.505371 35.000000
v 30.577710 46.135052 15.000000
v 30.678822 48.257645 25.000000
v 32.263044 46.215335 15.000000
v 31.960625 48.318705 25.000000
v 31.658206 50.422076 35.000000
v 33.902728 46.613118 15.000000
v 33.207709 48.621244 25.000000
v 32.512689 50.629371 35.000000
v 35.437500 47.314025 15.000000
v 34.375000 49.154329 25.000000
v 33.312500 50.994633 35.000000
v 36.811889 48.292723 15.000000
v 35.420310 49.898690 25.000000
v 34.028731 51.504658 35.000000
v 37.976221 49.513839 15.000000
v 36.305858 50.827427 25.000000
v 34.635496 52.141015 35.000000
v 38.888415 50.933240 15.000000
v 36.999639 51.906971 25.000000
v 39.515500 52.499624 15.000000
v 37.476578 53.098305 25.000000
v 35.437655 53.696987 35.000000
v 31.024904 55.000000 5.000000
vt 20.446577 1.285197 0.000000
vt 10.223288 0.642598 0.000000
vt 20.446577 0.000000 0.000000
vt 10.223288 -0.642598 0.000000
vt 20.446577 -1.285197 0.000000
vt 10.223288 -1.927795 0.000000
vt 20.446577 -2.570394 0.000000
vt 10.223288 -3.212992 0.000000
vt 20.446577 -3.855591 0.000000
vt 10.223288 -4.498189 0.000000
vt 20.446577 -5.140788 0.000000
vt 10.223288 -5.783386 0.000000
vt 20.446577 -6.425985 0.000000
vt 10.223288 -7.068583 0.000000
vt 20.446577 -7.711182 0.000000
vt 10.223288 -8.353780 0.000000
vt 20.446577 -8.996379 0.000000
vt 10.223288 -9.638977 0.000000
vt 20.446577 -10.281576 0.000000
vt 10.223288 -10.924174 0.000000
vt 20.446577 -11.566773 0.000000
vt 10.223288 -12.209371 0.000000
vt 20.446577 -12.851970 0.000000
vt 10.223288 -13.494568 0.000000
vt 20.446577 -14.137167 0.000000
vt 10.223288 -14.779765 0.000000
vt 20.446577 -15.422364 0.000000
vt 10.223288 -16.064962 0.000000
vt 20.446577 -16.707561 0.000000
vt 10.223288 -17.350159 0.000000
vt 20.446577 -17.992758 0.000000
vt 10.223288 -18.635356 0.000000
vt 20.446577 -19.277955 0.000000
vt 10.223288 -19.920553 0.000000
vt 20.446577 -20.563152 0.000000
vt 10.223288 -21.205750 0.000000
vt 20.446577 -21.848349 0.000000
vt 20.446577 20.563152 0.000000
vt 10.223288 21.205750 0.000000
vt 10.223288 19.920553 0.000000
vt 20.446577 19.277955 0.000000
vt 10.223288 18.635356 0.000000
vt 20.446577 17.992758 0.000000
vt 10.223288 17.350159 0.000000
vt 20.446577 16.707561 0.000000
vt 10.223288 16.064962 0.000000
vt 20.446577 15.422364 0.000000
vt 10.223288 14.779765 0.000000
vt 20.446577 14.137167 0.000000
vt 10.223288 13.494568 0.000000
vt 20.446577 12.851970 0.000000
vt 10.223288 12.209371 0.000000
vt 20.446577 11.566773 0.000000
vt 10.223288 10.924174 0.000000
vt 20.446577 10.281576 0.000000
vt 10.223288 9.638977 0.000000
vt 20.446577 8.996379 0.000000
vt 10.223288 8.353780 0.000000
vt 20.446577 7.711182 0.000000
vt 10.223288 7.068583 0.000000
vt 20.446577 6.425985 0.000000
vt 10.223288 5.783386 0.000000
vt 20.446577 5.140788 0.000000
vt 10.223288 4.498189 0.000000
vt 20.446577 3.855591 0.000000
vt 10.223288 3.212992 0.000000
vt 20.446577 2.570394 0.000000
vt 10.223288 1.927795 0.000000
vt -20.446577 -1.767146 0.000000
vt -10.223288 -0.642598 0.000000
vt -20.446577 0.000000 0.000000
vt -10.223288 0.642598 0.000000
vt -20.446577 1.767146 0.000000
vt -10.223288 1.927795 0.000000
vt -10.223288 3.212992 0.000000
vt 0.000000 1.927795 0.000000
vt 0.000000 3.212992 0.000000
vt -20.446577 -3.534292 0.000000
vt -10.223288 -3.212992 0.000000
vt -10.223288 -1.927795 0.000000
vt 0.000000 -1.927795 0.000000
vt 0.000000 -0.642598 0.000000
vt -10.223288 -4.498189 0.000000
vt -20.446577 -5.301438 0.000000
vt -10.223288 -5.783386 0.000000
vt -20.446577 -7.068583 0.000000
vt -10.223288 -7.068583 0.000000
vt -10.223288 -8.353780 0.000000
vt 0.000000 -8.353780 0.000000
vt 0.000000 -9.638977 0.000000
vt -20.446577 -8.835729 0.000000
vt -10.223288 -9.638977 0.000000
vt 0.000000 -10.924174 0.000000
vt -20.446577 -10.602875 0.000000
vt -10.223288 -10.924174 0.000000
vt 0.000000 -12.209371 0.000000
vt -20.446577 -12.370021 0.000000
vt -10.223288 -12.209371 0.000000
vt 0.000000 -13.494568 0.000000
vt -10.223288 -13.494568 0.000000
vt -20.446577 -14.137167 0.000000
vt -10.223288 -14.779765 0.000000
vt -20.446577 -15.904313 0.000000
vt -10.223288 -16.064962 0.000000
vt -10.223288 -17.350159 0.000000
vt 0.000000 -17.350159 0.000000
vt 0.000000 -18.635356 0.000000
vt -20.446577 -17.671459 0.000000
vt -10.223288 -18.635356 0.000000
vt 0.000000 -19.920553 0.000000
vt -20.446577 -19.438605 0.000000
vt -10.223288 -19.920553 0.000000
vt 0.000000 -21.205750 0.000000
vt 0.000000 21.205750 0.000000
vt -20.446577 -21.205750 0.000000
vt -10.223288 -21.205750 0.000000
vt -10.223288 21.205750 0.000000
vt 0.000000 19.920553 0.000000
vt -20.446577 21.205750 0.000000
vt -10.223288 19.920553 0.000000
vt -20.446577 19.438605 0.000000
vt -10.223288 18.635356 0.000000
vt -20.446577 17.671459 0.000000
vt -10.223288 17.350159 0.000000
vt -20.446577 15.904313 0.000000
vt -10.223288 16.064962 0.000000
vt -10.223288 14.779765 0.000000
vt 0.000000 14.779765 0.000000
vt 0.000000 13.494568 0.000000
vt -20.446577 14.137167 0.000000
vt -10.223288 13.494568 0.000000
vt 0.000000 12.209371 0.000000
vt -20.446577 12.370021 0.000000
vt -10.223288 12.209371 0.000000
vt 0.000000 10.924174 0.000000
vt -10.223288 10.924174 0.000000
vt -20.446577 10.602875 0.000000
vt -10.223288 9.638977 0.000000
vt -20.446577 8.835729 0.000000
vt -10.223288 8.353780 0.000000
vt -20.446577 7.068583 0.000000
vt -10.223288 7.068583 0.000000
vt -10.223288 5.783386 0.000000
vt 0.000000 5.783386 0.000000
vt 0.000000 4.498189 0.000000
vt -20.446577 5.301438 0.000000
vt -10.223288 4.498189 0.000000
vt -20.446577 3.534292 0.000000
vt 0.000000 0.642598 0.000000
vt 0.000000 7.068583 0.000000
vt 0.000000 8.353780 0.000000
vt 0.000000 9.638977 0.000000
vt 0.000000 16.064962 0.000000
vt 0.000000 17.350159 0.000000
vt 0.000000 18.635356 0.000000
vt 0.000000 -16.064962 0.000000
vt 0.000000 -14.779765 0.000000
vt 0.000000 -7.068583 0.000000
vt 0.000000 -5.783386 0.000000
vt 0.000000 -4.498189 0.000000
vt 0.000000 -3.212992 0.000000
vt -10.801216 2.081764 0.000000
vt -11.000000 0.000000 0.000000
vt -0.024904 0.000000 0.000000
vt -10.801216 -2.081764 0.000000
vt -10.212047 -4.088287 0.000000
vt -9.253789 -5.947049 0.000000
vt -7.961074 -7.590869 0.000000
vt -6.380626 -8.960335 0.000000
vt -4.569565 -10.005952 0.000000
vt -2.593348 -10.689927 0.000000
vt -0.523401 -10.987541 0.000000
vt 1.565463 -10.888036 0.000000
vt 3.597748 -10.395009 0.000000
vt 5.500000 -9.526279 0.000000
vt 7.203468 -8.313245 0.000000
vt 8.646584 -6.799749 0.000000
vt 9.777190 -5.040492 0.000000
vt 10.554423 -3.099058 0.000000
vt 10.950191 -1.045616 0.000000
vt 10.950191 1.045616 0.000000
vt 10.554423 3.099058 0.000000
vt 9.777190 5.040492 0.000000
vt 8.646584 6.799749 0.000000
vt 7.203468 8.313245 0.000000
vt 5.500000 9.526279 0.000000
vt 3.597748 10.395009 0.000000
vt 1.565463 10.888036 0.000000
vt -0.523401 10.987541 0.000000
vt -2.593348 10.689927 0.000000
vt -4.569565 10.005952 0.000000
vt -6.380626 8.960335 0.000000
vt -7.961074 7.590869 0.000000
vt -9.253789 5.947049 0.000000
vt -10.212047 4.088287 0.000000
vt 2.414815 0.647048 0.000000
vt -2.414815 0.647048 0.000000
vt 2.500000 0.000000 0.000000
vt -2.500000 0.000000 0.000000
vt 2.414815 -0.647048 0.000000
vt -2.414815 -0.647048 0.000000
vt 2.165064 -1.250000 0.000000
vt -2.165064 -1.250000 0.000000
vt 1.767767 -1.767767 0.000000
vt -1.767767 -1.767767 0.000000
vt 1.250000 -2.165064 0.000000
vt -1.250000 -2.165064 0.000000
vt 0.647048 -2.414815 0.000000
vt -0.647048 -2.414815 0.000000
vt 0.000000 -2.500000 0.000000
vt -2.165064 1.250000 0.000000
vt 2.165064 1.250000 0.000000
vt -1.767767 1.767767 0.000000
vt 1.767767 1.767767 0.000000
vt -1.250000 2.165064 0.000000
vt 1.250000 2.165064 0.000000
vt -0.647048 2.414815 0.000000
vt 0.647048 2.414815 0.000000
vt 0.000000 2.500000 0.000000
vn 0.960482 0.185118 0.207859
vn 0.973730 0.092980 0.207859
vn 0.978159 -0.000000 0.207859
vn 0.973730 -0.092980 0.207859
vn 0.960482 -0.185118 0.207859
vn 0.938537 -0.275579 0.207859
vn 0.908091 -0.363545 0.207859
vn 0.869422 -0.448218 0.207859
vn 0.822880 -0.528833 0.207859
vn 0.768885 -0.604658 0.207859
vn 0.707927 -0.675007 0.207859
vn 0.640558 -0.739243 0.207859
vn 0.567388 -0.796785 0.207859
vn 0.489079 -0.847110 0.207859
vn 0.406342 -0.889765 0.207859
vn 0.319924 -0.924361 0.207859
vn 0.230610 -0.950586 0.207859
vn 0.139207 -0.968203 0.207859
vn 0.046543 -0.977051 0.207859
vn -0.046543 -0.977051 0.207859
vn -0.139207 -0.968203 0.207859
vn -0.230610 -0.950586 0.207859
vn -0.319924 -0.924361 0.207859
vn -0.406342 -0.889765 0.207859
vn -0.489079 -0.847110 0.207859
vn -0.567388 -0.796785 0.207859
vn -0.640558 -0.739243 0.207859
vn -0.707927 -0.675007 0.207859
vn -0.768885 -0.604658 0.207859
vn -0.822880 -0.528833 0.207859
vn -0.869422 -0.448218 0.207859
vn -0.908091 -0.363545 0.207859
vn -0.938537 -0.275579 0.207859
vn -0.960482 -0.185118 0.207859
vn -0.973730 -0.092980 0.207859
vn -0.978159 -0.000000 0.207859
vn -0.973730 0.092980 0.207859
vn -0.960482 0.185118 0.207859
vn -0.938537 0.275579 0.207859
vn -0.908091 0.363545 0.207859
vn -0.869422 0.448218 0.207859
vn -0.822880 0.528833 0.207859
vn -0.768885 0.604658 0.207859
vn -0.707927 0.675007 0.207859
vn -0.640558 0.739243 0.207859
vn -0.567388 0.796785 0.207859
vn -0.489079 0.847110 0.207859
vn -0.406342 0.889765 0.207859
vn -0.319924 0.924361 0.207859
vn -0.230610 0.950586 0.207859
vn -0.139207 0.968203 0.207859
vn -0.046543 0.977051 0.207859
vn 0.046543 0.977051 0.207859
vn 0.139207 0.968203 0.207859
vn 0.230610 0.950586 0.207859
vn 0.319924 0.924361 0.207859
vn 0.406342 0.889765 0.207859
vn 0.489079 0.847110 0.207859
vn 0.567388 0.796785 0.207859
vn 0.640558 0.739243 0.207859
vn 0.707927 0.675007 0.207859
vn 0.768885 0.604658 0.207859
vn 0.822880 0.528833 0.207859
vn 0.869422 0.448218 0.207859
vn 0.908091 0.363545 0.207859
vn 0.938537 0.275579 0.207859
vn 0.944829 -0.253166 0.207859
vn 0.973730 -0.092980 0.207859
vn 0.978159 -0.000000 0.207859
vn 0.973730 0.092980 0.207859
vn 0.944829 0.253166 0.207859
vn 0.938537 0.275579 0.207859
vn 0.869422 0.448218 0.207859
vn 0.938537 0.275579 0.207859
vn 0.869422 0.448218 0.207859
vn 0.847110 -0.489079 0.207859
vn 0.869422 -0.448218 0.207859
vn 0.938537 -0.275579 0.207859
vn 0.938537 -0.275579 0.207859
vn 0.973730 -0.092980 0.207859
vn 0.768885 -0.604658 0.207859
vn 0.691663 -0.691663 0.207859
vn 0.640558 -0.739243 0.207859
vn 0.489079 -0.847110 0.207859
vn 0.489079 -0.847110 0.207859
vn 0.319924 -0.924361 0.207859
vn 0.319924 -0.924361 0.207859
vn 0.139207 -0.968203 0.207859
vn 0.253166 -0.944829 0.207859
vn 0.139207 -0.968203 0.207859
vn -0.046543 -0.977051 0.207859
vn 0.000000 -0.978159 0.207859
vn -0.046543 -0.977051 0.207859
vn -0.230610 -0.950586 0.207859
vn -0.253166 -0.944829 0.207859
vn -0.230610 -0.950586 0.207859
vn -0.406342 -0.889765 0.207859
vn -0.406342 -0.889765 0.207859
vn -0.489079 -0.847110 0.207859
vn -0.567388 -0.796785 0.207859
vn -0.691663 -0.691663 0.207859
vn -0.707927 -0.675007 0.207859
vn -0.822880 -0.528833 0.207859
vn -0.822880 -0.528833 0.207859
vn -0.908091 -0.363545 0.207859
vn -0.847110 -0.489079 0.207859
vn -0.908091 -0.363545 0.207859
vn -0.960482 -0.185118 0.207859
vn -0.944829 -0.253166 0.207859
vn -0.960482 -0.185118 0.207859
vn -0.978159 -0.000000 0.207859
vn -0.978159 -0.000000 0.207859
vn -0.978159 -0.000000 0.207859
vn -0.960482 0.185118 0.207859
vn -0.960482 0.185118 0.207859
vn -0.944829 0.253166 0.207859
vn -0.908091 0.363545 0.207859
vn -0.847110 0.489079 0.207859
vn -0.822880 0.528833 0.207859
vn -0.691663 0.691663 0.207859
vn -0.707927 0.675007 0.207859
vn -0.567388 0.796785 0.207859
vn -0.567388 0.796785 0.207859
vn -0.406342 0.889765 0.207859
vn -0.489079 0.847110 0.207859
vn -0.406342 0.889765 0.207859
vn -0.230610 0.950586 0.207859
vn -0.253166 0.944829 0.207859
vn -0.230610 0.950586 0.207859
vn -0.046543 0.977051 0.207859
vn -0.046543 0.977051 0.207859
vn 0.000000 0.978159 0.207859
vn 0.139207 0.968203 0.207859
vn 0.253166 0.944829 0.207859
vn 0.319924 0.924361 0.207859
vn 0.489079 0.847110 0.207859
vn 0.489079 0.847110 0.207859
vn 0.640558 0.739243 0.207859
vn 0.640558 0.739243 0.207859
vn 0.768885 0.604658 0.207859
vn 0.691663 0.691663 0.207859
vn 0.768885 0.604658 0.207859
vn 0.847110 0.489079 0.207859
vn 0.973730 0.092980 0.207859
vn 0.489079 0.847110 0.207859
vn 0.319924 0.924361 0.207859
vn 0.139207 0.968203 0.207859
vn -0.707927 0.675007 0.207859
vn -0.822880 0.528833 0.207859
vn -0.908091 0.363545 0.207859
vn -0.707927 -0.675007 0.207859
vn -0.567388 -0.796785 0.207859
vn 0.489079 -0.847110 0.207859
vn 0.640558 -0.739243 0.207859
vn 0.768885 -0.604658 0.207859
vn 0.869422 -0.448218 0.207859
vn 0.000000 0.000000 -1.000000
vn 0.000000 0.000000 -1.000000
vn 0.000000 0.000000 -1.000000
vn 0.000000 0.000000 -1.000000
vn 0.000000 0.000000 -1.000000
vn 0.000000 0.000000 -1.000000
vn 0.000000 0.000000 -1.000000
vn 0.000000 0.000000 -1.000000
vn 0.000000 0.000000 -1.000000
vn 0.000000 0.000000 -1.000000
vn 0.000000 0.000000 -1.000000
vn 0.000000 0.000000 -1.000000
vn 0.000000 0.000000 -1.000000
vn 0.000000 0.000000 -1.000000
vn 0.000000 0.000000 -1.000000
vn 0.000000 0.000000 -1.000000
vn 0.000000 0.000000 -1.000000
vn 0.000000 0.000000 -1.000000
vn 0.000000 0.000000 -1.000000
vn 0.000000 0.000000 -1.000000
vn 0.000000 0.000000 -1.000000
vn 0.000000 0.000000 -1.000000
vn 0.000000 0.000000 -1.000000
vn 0.000000 0.000000 -1.000000
vn 0.000000 0.000000 -1.000000
vn 0.000000 0.000000 -1.000000
vn 0.000000 0.000000 -1.000000
vn 0.000000 0.000000 -1.000000
vn 0.000000 0.000000 -1.000000
vn 0.000000 0.000000 -1.000000
vn 0.000000 0.000000 -1.000000
vn 0.000000 0.000000 -1.000000
vn 0.000000 0.000000 -1.000000
vn 0.000000 0.000000 -1.000000
vn 0.000000 0.000000 1.000000
vn 0.000000 0.000000 1.000000
vn 0.000000 0.000000 1.000000
vn 0.000000 0.000000 1.000000
vn 0.000000 0.000000 1.000000
vn 0.000000 0.000000 1.000000
vn 0.000000 0.000000 1.000000
vn 0.000000 0.000000 1.000000
vn 0.000000 0.000000 1.000000
vn 0.000000 0.000000 1.000000
vn 0.000000 0.000000 1.000000
vn 0.000000 0.000000 1.000000
vn 0.000000 0.000000 1.000000
vn 0.000000 0.000000 1.000000
vn 0.000000 0.000000 1.000000
vn 0.000000 0.000000 1.000000
vn 0.000000 0.000000 1.000000
vn 0.000000 0.000000 1.000000
vn 0.000000 0.000000 1.000000
vn 0.000000 0.000000 1.000000
vn 0.000000 0.000000 1.000000
vn 0.000000 0.000000 1.000000
vn 0.000000 0.000000 1.000000
vn 0.000000 0.000000 1.000000
f 3268/5030/4901 3333/5031/4902 3267/5032/4903
f 3267/5032/4903 3333/5031/4902 3338/5033/4904
f 3267/5032/4903 3338/5033/4904 3299/5034/4905
f 3299/5034/4905 3338/5033/4904 3420/5035/4906
f 3299/5034/4905 3420/5035/4906 3298/5036/4907
f 3298/5036/4907 3420/5035/4906 3418/5037/4908
f 3298/5036/4907 3418/5037/4908 3297/5038/4909
f 3297/5038/4909 3418/5037/4908 3415/5039/4910
f 3297/5038/4909 3415/5039/4910 3296/5040/4911
f 3296/5040/4911 3415/5039/4910 3412/5041/4912
f 3296/5040/4911 3412/5041/4912 3295/5042/4913
f 3295/5042/4913 3412/5041/4912 3409/5043/4914
f 3295/5042/4913 3409/5043/4914 3294/5044/4915
f 3294/5044/4915 3409/5043/4914 3406/5045/4916
f 3294/5044/4915 3406/5045/4916 3293/5046/4917
f 3293/5046/4917 3406/5045/4916 3403/5047/4918
f 3293/5046/4917 3403/5047/4918 3292/5048/4919
f 3292/5048/4919 3403/5047/4918 3401/5049/4920
f 3292/5048/4919 3401/5049/4920 3291/5050/4921
f 3291/5050/4921 3401/5049/4920 3398/5051/4922
f 3291/5050/4921 3398/5051/4922 3290/5052/4923
f 3290/5052/4923 3398/5051/4922 3395/5053/4924
f 3290/5052/4923 3395/5053/4924 3289/5054/4925
f 3289/5054/4925 3395/5053/4924 3392/5055/4926
f 3289/5054/4925 3392/5055/4926 3288/5056/4927
f 3288/5056/4927 3392/5055/4926 3389/5057/4928
f 3288/5056/4927 3389/5057/4928 3287/5058/4929
f 3287/5058/4929 3389/5057/4928 3387/5059/4930
f 3287/5058/4929 3387/5059/4930 3286/5060/4931
f 3286/5060/4931 3387/5059/4930 3384/5061/4932
f 3286/5060/4931 3384/5061/4932 3285/5062/4933
f 3285/5062/4933 3384/5061/4932 3381/5063/4934
f 3285/5062/4933 3381/5063/4934 3284/5064/4935
f 3284/5064/4935 3381/5063/4934 3324/5065/4936
f 3284/5064/4935 3324/5065/4936 3283/5066/4937
f 3283/5067/4937 3324/5068/4936 3378/5069/4938
f 3283/5067/4937 3378/5069/4938 3282/5070/4939
f 3282/5070/4939 3378/5069/4938 3375/5071/4940
f 3282/5070/4939 3375/5071/4940 3281/5072/4941
f 3281/5072/4941 3375/5071/4940 3373/5073/4942
f 3281/5072/4941 3373/5073/4942 3280/5074/4943
f 3280/5074/4943 3373/5073/4942 3370/5075/4944
f 3280/5074/4943 3370/5075/4944 3279/5076/4945
f 3279/5076/4945 3370/5075/4944 3367/5077/4946
f 3279/5076/4945 3367/5077/4946 3278/5078/4947
f 3278/5078/4947 3367/5077/4946 3364/5079/4948
f 3278/5078/4947 3364/5079/4948 3277/5080/4949
f 3277/5080/4949 3364/5079/4948 3361/5081/4950
f 3277/5080/4949 3361/5081/4950 3276/5082/4951
f 3276/5082/4951 3361/5081/4950 3359/5083/4952
f 3276/5082/4951 3359/5083/4952 3275/5084/4953
f 3275/5084/4953 3359/5083/4952 3356/5085/4954
f 3275/5084/4953 3356/5085/4954 3274/5086/4955
f 3274/5086/4955 3356/5085/4954 3353/5087/4956
f 3274/5086/4955 3353/5087/4956 3273/5088/4957
f 3273/5088/4957 3353/5087/4956 3350/5089/4958
f 3273/5088/4957 3350/5089/4958 3272/5090/4959
f 3272/5090/4959 3350/5089/4958 3347/5091/4960
f 3272/5090/4959 3347/5091/4960 3271/5092/4961
f 3271/5092/4961 3347/5091/4960 3344/5093/4962
f 3271/5092/4961 3344/5093/4962 3270/5094/4963
f 3270/5094/4963 3344/5093/4962 3342/5095/4964
f 3270/5094/4963 3342/5095/4964 3269/5096/4965
f 3269/5096/4965 3342/5095/4964 3339/5097/4966
f 3269/5096/4965 3339/5097/4966 3268/5030/4901
f 3268/5030/4901 3339/5097/4966 3333/5031/4902
f 3301/5098/4967 3336/5099/4968 3300/5100/4969
f 3300/5100/4969 3336/5099/4968 3335/5101/4970
f 3300/5100/4969 3335/5101/4970 3323/5102/4971
f 3323/5102/4971 3335/5101/4970 3341/5103/4972
f 3323/5102/4971 3341/5103/4972 3330/5104/4973
f 3330/5104/4973 3341/5103/4972 3340/5105/4974
f 3330/5104/4973 3340/5105/4974 3343/5106/4975
f 3343/5106/4975 3340/5105/4974 3339/5097/4966
f 3343/5106/4975 3339/5097/4966 3342/5095/4964
f 3302/5107/4976 3329/5108/4977 3301/5098/4967
f 3301/5098/4967 3329/5108/4977 3422/5109/4978
f 3301/5098/4967 3422/5109/4978 3336/5099/4968
f 3336/5099/4968 3422/5109/4978 3421/5110/4979
f 3336/5099/4968 3421/5110/4979 3337/5111/4980
f 3337/5111/4980 3421/5110/4979 3420/5035/4906
f 3337/5111/4980 3420/5035/4906 3338/5033/4904
f 3329/5108/4977 3302/5107/4976 3417/5112/4981
f 3417/5112/4981 3302/5107/4976 3303/5113/4982
f 3417/5112/4981 3303/5113/4982 3414/5114/4983
f 3414/5114/4983 3303/5113/4982 3304/5115/4984
f 3414/5114/4983 3304/5115/4984 3411/5116/4985
f 3411/5116/4985 3304/5115/4984 3408/5117/4986
f 3411/5116/4985 3408/5117/4986 3407/5118/4987
f 3407/5118/4987 3408/5117/4986 3404/5119/4988
f 3407/5118/4987 3404/5119/4988 3403/5047/4918
f 3403/5047/4918 3404/5119/4988 3401/5049/4920
f 3304/5115/4984 3305/5120/4989 3408/5117/4986
f 3408/5117/4986 3305/5120/4989 3405/5121/4990
f 3408/5117/4986 3405/5121/4990 3404/5119/4988
f 3404/5119/4988 3405/5121/4990 3402/5122/4991
f 3404/5119/4988 3402/5122/4991 3401/5049/4920
f 3401/5049/4920 3402/5122/4991 3398/5051/4922
f 3305/5120/4989 3306/5123/4992 3405/5121/4990
f 3405/5121/4990 3306/5123/4992 3328/5124/4993
f 3405/5121/4990 3328/5124/4993 3402/5122/4991
f 3402/5122/4991 3328/5124/4993 3399/5125/4994
f 3402/5122/4991 3399/5125/4994 3398/5051/4922
f 3398/5051/4922 3399/5125/4994 3395/5053/4924
f 3306/5123/4992 3307/5126/4995 3328/5124/4993
f 3328/5124/4993 3307/5126/4995 3400/5127/4996
f 3328/5124/4993 3400/5127/4996 3399/5125/4994
f 3399/5125/4994 3400/5127/4996 3396/5128/4997
f 3399/5125/4994 3396/5128/4997 3395/5053/4924
f 3395/5053/4924 3396/5128/4997 3392/5055/4926
f 3400/5127/4996 3307/5126/4995 3397/5129/4998
f 3397/5129/4998 3307/5126/4995 3308/5130/4999
f 3397/5129/4998 3308/5130/4999 3394/5131/5000
f 3394/5131/5000 3308/5130/4999 3309/5132/5001
f 3394/5131/5000 3309/5132/5001 3391/5133/5002
f 3391/5133/5002 3309/5132/5001 3327/5134/5003
f 3391/5133/5002 3327/5134/5003 3388/5135/5004
f 3388/5135/5004 3327/5134/5003 3385/5136/5005
f 3388/5135/5004 3385/5136/5005 3384/5061/4932
f 3384/5061/4932 3385/5136/5005 3381/5063/4934
f 3309/5132/5001 3310/5137/5006 3327/5134/5003
f 3327/5134/5003 3310/5137/5006 3386/5138/5007
f 3327/5134/5003 3386/5138/5007 3385/5136/5005
f 3385/5136/5005 3386/5138/5007 3382/5139/5008
f 3385/5136/5005 3382/5139/5008 3381/5063/4934
f 3381/5063/4934 3382/5139/5008 3324/5065/4936
f 3310/5137/5006 3311/5140/5009 3386/5138/5007
f 3386/5138/5007 3311/5140/5009 3383/5141/5010
f 3386/5138/5007 3383/5141/5010 3382/5139/5008
f 3382/5139/5008 3383/5141/5010 3325/5142/5011
f 3382/5139/5008 3325/5142/5011 3324/5065/4936
f 3324/5068/4936 3325/5143/5011 3378/5069/4938
f 3311/5140/5009 3312/5144/5012 3383/5141/5010
f 3383/5141/5010 3312/5144/5012 3326/5145/5013
f 3383/5141/5010 3326/5145/5013 3325/5142/5011
f 3325/5143/5011 3326/5146/5013 3379/5147/5014
f 3325/5143/5011 3379/5147/5014 3378/5069/4938
f 3378/5069/4938 3379/5147/5014 3375/5071/4940
f 3326/5146/5013 3312/5148/5012 3380/5149/5015
f 3380/5149/5015 3312/5148/5012 3313/5150/5016
f 3380/5149/5015 3313/5150/5016 3377/5151/5017
f 3377/5151/5017 3313/5150/5016 3314/5152/5018
f 3377/5151/5017 3314/5152/5018 3332/5153/5019
f 3332/5153/5019 3314/5152/5018 3315/5154/5020
f 3332/5153/5019 3315/5154/5020 3372/5155/5021
f 3372/5155/5021 3315/5154/5020 3369/5156/5022
f 3372/5155/5021 3369/5156/5022 3368/5157/5023
f 3368/5157/5023 3369/5156/5022 3365/5158/5024
f 3368/5157/5023 3365/5158/5024 3364/5079/4948
f 3364/5079/4948 3365/5158/5024 3361/5081/4950
f 3315/5154/5020 3316/5159/5025 3369/5156/5022
f 3369/5156/5022 3316/5159/5025 3366/5160/5026
f 3369/5156/5022 3366/5160/5026 3365/5158/5024
f 3365/5158/5024 3366/5160/5026 3362/5161/5027
f 3365/5158/5024 3362/5161/5027 3361/5081/4950
f 3361/5081/4950 3362/5161/5027 3359/5083/4952
f 3316/5159/5025 3317/5162/5028 3366/5160/5026
f 3366/5160/5026 3317/5162/5028 3363/5163/5029
f 3366/5160/5026 3363/5163/5029 3362/5161/5027
f 3362/5161/5027 3363/5163/5029 3360/5164/5030
f 3362/5161/5027 3360/5164/5030 3359/5083/4952
f 3359/5083/4952 3360/5164/5030 3356/5085/4954
f 3363/5163/5029 3317/5162/5028 3331/5165/5031
f 3331/5165/5031 3317/5162/5028 3318/5166/5032
f 3331/5165/5031 3318/5166/5032 3358/5167/5033
f 3358/5167/5033 3318/5166/5032 3319/5168/5034
f 3358/5167/5033 3319/5168/5034 3355/5169/5035
f 3355/5169/5035 3319/5168/5034 3320/5170/5036
f 3355/5169/5035 3320/5170/5036 3352/5171/5037
f 3352/5171/5037 3320/5170/5036 3349/5172/5038
f 3352/5171/5037 3349/5172/5038 3348/5173/5039
f 3348/5173/5039 3349/5172/5038 3345/5174/5040
f 3348/5173/5039 3345/5174/5040 3344/5093/4962
f 3344/5093/4962 3345/5174/5040 3342/5095/4964
f 3320/5170/5036 3321/5175/5041 3349/5172/5038
f 3349/5172/5038 3321/5175/5041 3346/5176/5042
f 3349/5172/5038 3346/5176/5042 3345/5174/5040
f 3345/5174/5040 3346/5176/5042 3343/5106/4975
f 3345/5174/5040 3343/5106/4975 3342/5095/4964
f 3321/5175/5041 3322/5177/5043 3346/5176/5042
f 3346/5176/5042 3322/5177/5043 3330/5104/4973
f 3346/5176/5042 3330/5104/4973 3343/5106/4975
f 3322/5177/5043 3323/5102/4971 3330/5104/4973
f 3379/5147/5014 3326/5146/5013 3380/5149/5015
f 3337/5111/4980 3338/5033/4904 3334/5178/5044
f 3334/5178/5044 3338/5033/4904 3333/5031/4902
f 3334/5178/5044 3333/5031/4902 3340/5105/4974
f 3340/5105/4974 3333/5031/4902 3339/5097/4966
f 3336/5099/4968 3337/5111/4980 3335/5101/4970
f 3335/5101/4970 3337/5111/4980 3334/5178/5044
f 3335/5101/4970 3334/5178/5044 3341/5103/4972
f 3341/5103/4972 3334/5178/5044 3340/5105/4974
f 3344/5093/4962 3347/5091/4960 3348/5173/5039
f 3348/5173/5039 3347/5091/4960 3351/5179/5045
f 3348/5173/5039 3351/5179/5045 3352/5171/5037
f 3352/5171/5037 3351/5179/5045 3355/5169/5035
f 3347/5091/4960 3350/5089/4958 3351/5179/5045
f 3351/5179/5045 3350/5089/4958 3354/5180/5046
f 3351/5179/5045 3354/5180/5046 3355/5169/5035
f 3355/5169/5035 3354/5180/5046 3358/5167/5033
f 3350/5089/4958 3353/5087/4956 3354/5180/5046
f 3354/5180/5046 3353/5087/4956 3357/5181/5047
f 3354/5180/5046 3357/5181/5047 3358/5167/5033
f 3358/5167/5033 3357/5181/5047 3331/5165/5031
f 3353/5087/4956 3356/5085/4954 3357/5181/5047
f 3357/5181/5047 3356/5085/4954 3360/5164/5030
f 3357/5181/5047 3360/5164/5030 3331/5165/5031
f 3331/5165/5031 3360/5164/5030 3363/5163/5029
f 3364/5079/4948 3367/5077/4946 3368/5157/5023
f 3368/5157/5023 3367/5077/4946 3371/5182/5048
f 3368/5157/5023 3371/5182/5048 3372/5155/5021
f 3372/5155/5021 3371/5182/5048 3332/5153/5019
f 3367/5077/4946 3370/5075/4944 3371/5182/5048
f 3371/5182/5048 3370/5075/4944 3374/5183/5049
f 3371/5182/5048 3374/5183/5049 3332/5153/5019
f 3332/5153/5019 3374/5183/5049 3377/5151/5017
f 3370/5075/4944 3373/5073/4942 3374/5183/5049
f 3374/5183/5049 3373/5073/4942 3376/5184/5050
f 3374/5183/5049 3376/5184/5050 3377/5151/5017
f 3377/5151/5017 3376/5184/5050 3380/5149/5015
f 3373/5073/4942 3375/5071/4940 3376/5184/5050
f 3376/5184/5050 3375/5071/4940 3379/5147/5014
f 3376/5184/5050 3379/5147/5014 3380/5149/5015
f 3384/5061/4932 3387/5059/4930 3388/5135/5004
f 3388/5135/5004 3387/5059/4930 3390/5185/5051
f 3388/5135/5004 3390/5185/5051 3391/5133/5002
f 3391/5133/5002 3390/5185/5051 3394/5131/5000
f 3387/5059/4930 3389/5057/4928 3390/5185/5051
f 3390/5185/5051 3389/5057/4928 3393/5186/5052
f 3390/5185/5051 3393/5186/5052 3394/5131/5000
f 3394/5131/5000 3393/5186/5052 3397/5129/4998
f 3389/5057/4928 3392/5055/4926 3393/5186/5052
f 3393/5186/5052 3392/5055/4926 3396/5128/4997
f 3393/5186/5052 3396/5128/4997 3397/5129/4998
f 3397/5129/4998 3396/5128/4997 3400/5127/4996
f 3403/5047/4918 3406/5045/4916 3407/5118/4987
f 3407/5118/4987 3406/5045/4916 3410/5187/5053
f 3407/5118/4987 3410/5187/5053 3411/5116/4985
f 3411/5116/4985 3410/5187/5053 3414/5114/4983
f 3406/5045/4916 3409/5043/4914 3410/5187/5053
f 3410/5187/5053 3409/5043/4914 3413/5188/5054
f 3410/5187/5053 3413/5188/5054 3414/5114/4983
f 3414/5114/4983 3413/5188/5054 3417/5112/4981
f 3409/5043/4914 3412/5041/4912 3413/5188/5054
f 3413/5188/5054 3412/5041/4912 3416/5189/5055
f 3413/5188/5054 3416/5189/5055 3417/5112/4981
f 3417/5112/4981 3416/5189/5055 3329/5108/4977
f 3412/5041/4912 3415/5039/4910 3416/5189/5055
f 3416/5189/5055 3415/5039/4910 3419/5190/5056
f 3416/5189/5055 3419/5190/5056 3329/5108/4977
f 3329/5108/4977 3419/5190/5056 3422/5109/4978
f 3415/5039/4910 3418/5037/4908 3419/5190/5056
f 3419/5190/5056 3418/5037/4908 3421/5110/4979
f 3419/5190/5056 3421/5110/4979 3422/5109/4978
f 3420/5035/4906 3421/5110/4979 3418/5037/4908
f 3268/5191/5057 3267/5192/5058 3423/5193/5059
f 3423/5193/5059 3267/5192/5058 3299/5194/5060
f 3423/5193/5059 3299/5194/5060 3298/5195/5061
f 3298/5195/5061 3297/5196/5062 3423/5193/5059
f 3423/5193/5059 3297/5196/5062 3296/5197/5063
f 3423/5193/5059 3296/5197/5063 3295/5198/5064
f 3295/5198/5064 3294/5199/5065 3423/5193/5059
f 3423/5193/5059 3294/5199/5065 3293/5200/5066
f 3423/5193/5059 3293/5200/5066 3292/5201/5067
f 3292/5201/5067 3291/5202/5068 3423/5193/5059
f 3423/5193/5059 3291/5202/5068 3290/5203/5069
f 3423/5193/5059 3290/5203/5069 3289/5204/5070
f 3289/5204/5070 3288/5205/5071 3423/5193/5059
f 3423/5193/5059 3288/5205/5071 3287/5206/5072
f 3423/5193/5059 3287/5206/5072 3286/5207/5073
f 3286/5207/5073 3285/5208/5074 3423/5193/5059
f 3423/5193/5059 3285/5208/5074 3284/5209/5075
f 3423/5193/5059 3284/5209/5075 3283/5210/5076
f 3283/5210/5076 3282/5211/5077 3423/5193/5059
f 3423/5193/5059 3282/5211/5077 3281/5212/5078
f 3423/5193/5059 3281/5212/5078 3280/5213/5079
f 3280/5213/5079 3279/5214/5080 3423/5193/5059
f 3423/5193/5059 3279/5214/5080 3278/5215/5081
f 3423/5193/5059 3278/5215/5081 3277/5216/5082
f 3277/5216/5082 3276/5217/5083 3423/5193/5059
f 3423/5193/5059 3276/5217/5083 3275/5218/5084
f 3423/5193/5059 3275/5218/5084 3274/5219/5085
f 3274/5219/5085 3273/5220/5086 3423/5193/5059
f 3423/5193/5059 3273/5220/5086 3272/5221/5087
f 3423/5193/5059 3272/5221/5087 3271/5222/5088
f 3271/5222/5088 3270/5223/5089 3423/5193/5059
f 3423/5193/5059 3270/5223/5089 3269/5224/5090
f 3423/5193/5059 3269/5224/5090 3268/5191/5057
f 3323/5225/5091 3313/5226/5092 3300/5227/5093
f 3300/5227/5093 3313/5226/5092 3312/5228/5094
f 3300/5227/5093 3312/5228/5094 3301/5229/5095
f 3301/5229/5095 3312/5228/5094 3311/5230/5096
f 3301/5229/5095 3311/5230/5096 3302/5231/5097
f 3302/5231/5097 3311/5230/5096 3310/5232/5098
f 3302/5231/5097 3310/5232/5098 3303/5233/5099
f 3303/5233/5099 3310/5232/5098 3309/5234/5100
f 3303/5233/5099 3309/5234/5100 3304/5235/5101
f 3304/5235/5101 3309/5234/5100 3308/5236/5102
f 3304/5235/5101 3308/5236/5102 3305/5237/5103
f 3305/5237/5103 3308/5236/5102 3307/5238/5104
f 3305/5237/5103 3307/5238/5104 3306/5239/5105
f 3313/5226/5092 3323/5225/5091 3314/5240/5106
f 3314/5240/5106 3323/5225/5091 3322/5241/5107
f 3314/5240/5106 3322/5241/5107 3315/5242/5108
f 3315/5242/5108 3322/5241/5107 3321/5243/5109
f 3315/5242/5108 3321/5243/5109 3316/5244/5110
f 3316/5244/5110 3321/5243/5109 3320/5245/5111
f 3316/5244/5110 3320/5245/5111 3317/5246/5112
f 3317/5246/5112 3320/5245/5111 3319/5247/5113
f 3317/5246/5112 3319/5247/5113 3318/5248/5114
# 3423 vertices
# 5248 texture params
# 5114 normals
# 6746 facets

# 27 groups
